-0.752552986,-1.426036835,2.369834661,-3.312413454,-1.810446739,-3.542863369,-1.427958846,1.023174763,0.522826672,2.514458179,0.866870522,-0.575591266,-0.862644494,1.153253198,0.069839641,0.151857704,-4.615075111,1.050648689,-2.12762785,-3.047162533,2.761351824,-2.02957201,-1.219789863,0.104449436,-0.128676087,1.148992419,2.005418539,1.460430503,0.637730598,0.961272359,-3.914835453,-1.9399786,0.849926472,1.740405798,-1.170063853,-0.910984278,-0.639383912,-0.571917295,0.017254733,-0.814365387,-1.959108591,0.99362731,-0.608295977,2.089627266,-1.822147369,0.304347992,2.129041433,-1.585896492,-1.872028589,-0.509458482,-0.247485012,3.211826801,0.501908541,0.869573355,-0.258025944,-0.697924674,-1.556981444,-0.850677371,-1.265288711,-0.217343509,0.7804299,3.189559698,-1.367122412,-0.00846393,-1.425651789,0.711845219,-2.229881525,1.788194656,-0.286256224,-1.293101192,2.69563508,2.274690628,1.33445096,-0.488488406,1.417373776,-1.181577444,-1.230561018,0.598335505,0.604023099,0.126305148,-1.675684094,-0.561517596,-1.909784675,-1.42549789,3.583211899,1.025330544,2.769881725,-0.725490093,-1.444564223,0.624230981,1.434349298,-0.590393484,0.473193407,-1.292641759,0.949374676,-1.445285797,-0.289107949,-1.986053467,1.258192182,0.852719784,-0.327979565,1.033878803,0.498897016,-0.724167109,1.90066433,-0.124170586,2.31142211,2.155739307,0.835562527,-0.1871133,-0.431241035,-2.224556923,0.912962914,-0.238736689,0.167956918,0.897937536,-0.621088922,0.470138401,-0.808455467,1.009512424,-3.475095987,-1.759014606,-2.393255234,1.312591195,-2.967758417,0.842204869,-1.491641283,-0.70908761
0.223798409,-0.986824572,1.592799664,-2.125148535,-2.201024055,-0.19589211,-1.935313582,0.334782779,0.080367222,1.340628147,1.15222156,-1.903863311,-0.043369919,1.409045219,-0.091263324,0.236210912,-3.840308666,0.962031662,-1.459789038,-1.991680264,2.692304373,-2.209487915,-2.519182444,0.236187384,-0.168034166,1.879267454,0.823383868,1.605884314,0.018556513,0.119155943,-1.641707778,-1.952799201,-0.079539195,1.142123461,-1.803661346,0.009772867,0.202457964,-0.738427341,0.278525621,0.74639684,-1.283591032,-0.352349877,0.840636909,0.830632567,-1.272287846,0.667570949,1.117025614,-0.721173644,-0.95635885,-1.70934236,0.747878492,3.153754473,1.017269015,-0.654261708,-0.324930996,0.326344252,-0.688111305,-1.603003621,0.09491612,-0.263559788,0.017132536,1.418283105,0.239065781,0.484763801,-0.753688991,0.110613078,-0.790731549,1.597063899,-0.015245033,-0.790062368,1.897399187,1.963698387,0.64828366,-0.071003944,1.145657301,-0.186829507,-0.804686189,1.284703255,-0.700949907,-1.149796844,-0.408257872,-0.303635955,-1.957696676,-0.111667693,2.620482445,0.914763272,1.21260798,-0.329322785,-0.364778459,0.426023334,0.544849336,0.416728497,1.064620018,-1.555478215,1.26999414,0.700556397,0.280144453,-1.928974748,0.92078346,0.553911448,-0.661596775,1.229426622,0.234773576,-0.135305941,1.587385058,0.106329396,0.620998502,0.966160774,1.406860232,1.04570961,0.165854961,-1.420025468,-0.16776216,0.951278567,0.263797492,1.112295985,0.585296571,-0.871462643,-0.760732651,0.399129987,-1.006470799,-1.316578865,-1.173388839,-0.307231903,-1.052765131,-0.60471642,-0.521942139,0.381912768
-0.295599759,-0.759308994,2.205361843,-1.391488552,-1.801529408,-1.399724483,0.056179576,1.220057845,1.205865264,0.98221612,1.580701709,-1.240091205,0.856605113,1.113323927,-1.215912342,-0.208335459,-4.383540154,0.679904282,-0.359044641,-1.595123649,1.741771936,-3.288385153,-1.978785157,0.175237045,0.858806074,1.229299426,1.223069906,1.090944171,0.244117051,0.699975729,-2.985823154,-1.374794245,0.760745585,1.510932803,-1.911865711,-0.479263157,-0.450795621,-1.322035551,0.303368032,0.433608025,-1.818440437,1.457193851,-0.504834175,2.189772129,-0.985337913,-0.078534395,1.836415768,-0.906050086,-1.315940619,-0.856135249,0.544126809,2.712049007,0.914093018,-0.362882644,-0.555843711,0.550177157,-1.391457915,-0.120934322,0.554252625,-0.05845562,0.742102444,1.583574057,-0.51909399,2.187653542,-0.725419819,0.856265604,-0.532271266,1.36763072,-0.834136546,-0.16939202,1.442566156,1.653515816,0.496376216,1.854796171,1.611497521,-1.192413807,-1.140815258,-0.322400838,-0.088277794,0.425314605,-0.316654474,-0.247996867,-2.297784328,0.114818305,1.404109478,-0.390859544,2.84480691,-1.298945546,0.396676809,1.301512361,0.307507604,0.835228741,0.586208642,-0.741134346,0.524511814,2.640701532,0.404564142,-1.748374462,1.863988757,0.534968257,0.576788545,2.100481987,0.274298012,-0.621960759,0.338291168,-0.097395822,1.020445347,0.676775217,1.232389569,-0.020855725,0.096422434,-1.446109772,-0.193462044,-0.124631107,-0.141497493,1.234496713,0.703306317,0.881776273,-1.060773253,0.986977935,-2.349213123,-1.625081062,-1.571913838,-1.03323698,-2.29189682,0.430972993,-1.146852732,1.046709657
-1.113492012,-0.996069849,1.746714354,-0.786923409,-1.824156761,-0.150412694,0.493913829,-0.233154088,1.580610037,0.133999527,1.112855911,-1.022372842,-1.235052347,0.602407157,-0.620325983,-0.443593889,-3.505222082,-0.493909478,-0.001620233,-1.425576329,1.683708191,-3.365945816,-2.511762142,0.284417659,0.093184866,0.777758479,0.651367188,0.874384165,0.817780972,-0.231571645,-2.359666824,-0.457593322,0.040139377,0.743673682,-2.277431488,0.619309545,-0.598026752,-1.066431284,0.831329048,1.333030701,-2.961773396,0.711825252,0.425005436,0.151867211,-1.781502962,0.958703041,0.455544531,0.319713235,-0.517220318,-1.842770934,0.851842225,3.445787907,2.374075174,0.634184778,-0.948626637,0.382291049,-0.503428817,1.452498555,0.08876805,-0.90985769,0.381654322,0.290850759,0.509278953,2.23464179,-0.590643585,0.621726632,-0.127429143,1.618638635,0.179391116,-0.818331182,0.731135368,2.110003233,0.41516459,1.625595093,-0.180343032,-0.500678062,-2.402037382,1.212964535,0.369729578,0.989025652,-0.700184703,-0.15594542,-2.573372126,0.4822779,4.035277843,1.575765371,2.4954319,-0.374197036,-0.225466415,0.694410264,0.920775414,0.278554827,0.967489481,-1.223991871,1.20042026,3.067787647,1.559639573,-1.75235641,0.878447831,0.718339443,-0.272136003,1.3363626,-0.049956091,-1.026753902,0.300821066,0.395740569,-0.35123086,0.928705454,0.944237709,-0.664646745,-0.076750085,-1.403070807,0.257231623,1.234333992,0.800703645,2.016308069,0.082104772,-0.376938373,-0.881743789,2.013552427,-1.955305099,-0.398011327,-0.322700381,-0.257929891,-2.249428034,-1.352573514,-0.017580949,1.142962694
-1.028262258,0.341813862,1.137227058,-0.660058141,-2.251199484,-0.681916177,-1.172542572,0.415898085,1.789877295,0.672790647,1.061806917,-0.211358637,0.070788503,0.504622698,-0.109578863,-1.092437983,-4.248337269,-0.505288184,-1.036204338,-1.957159042,1.095705271,-3.265554667,-2.056269884,0.324713588,0.704522312,0.811120391,1.508673072,0.34556067,1.149822831,0.635364354,-2.694555759,-0.730384052,0.044460148,0.822131336,-2.322446823,-0.086756766,-0.21245575,-0.317798853,-0.856643617,1.177536726,-1.763652682,-0.596756816,-0.164245486,0.990261734,-1.620830894,0.335137576,1.409693718,0.929993272,0.654650033,-1.505508065,1.442893744,2.935394764,1.947008967,-0.357454538,-0.857084572,-0.08410269,-1.129630566,0.405819803,1.756338596,-0.916767418,0.525529146,1.113366723,0.990923584,1.427824974,-0.460535288,0.568036437,-0.398685694,0.792229593,-0.604055643,-0.852234364,0.463846803,1.220971107,0.817289054,1.403808236,0.101956032,-0.472211748,-1.596840143,1.276082754,-0.566630125,0.039296463,0.24885416,1.194474339,-2.338786125,-0.450446635,2.323818207,0.4359999,2.18687439,0.096628457,0.747191429,0.166006312,1.594205737,1.188927531,0.214788705,-1.404125333,1.434036016,0.999580681,0.076697148,-1.830092669,1.9751302,-0.351187438,0.228136525,1.425212264,0.748208225,-0.66822952,0.723970294,-0.650731802,0.569360971,1.402953863,0.135079935,0.85020709,0.030366361,-0.292725593,1.521928668,0.041110221,1.010281324,0.075938113,-0.835947335,0.345285058,-0.851920724,0.298083484,-1.784784555,0.015470862,-0.481747329,-1.038551927,-1.355264664,-0.703820407,0.67272836,0.52246666
-0.678976417,-0.525688589,1.713974476,-1.5584023,-1.621909857,-0.715796173,-0.40384993,1.757153749,1.665083051,-0.238485575,0.749222934,-0.809920311,0.420668185,0.636894941,0.046787173,0.075296968,-3.508365393,-0.723952889,-1.247772455,-1.523999453,2.651681185,-3.162146568,-0.856122375,-0.028005239,-0.072771855,0.954675376,0.071243107,0.895359874,-0.592130959,-0.363620013,-1.903088093,-0.799481153,0.768898606,0.703420162,-0.74586308,-0.333188981,-0.381211728,-1.476647377,-0.231561065,0.810359001,-1.91912508,0.512309253,0.750465393,1.06049931,-0.085488096,1.199833274,1.378443718,0.70013535,0.106315553,-1.094983101,0.931535661,2.736508369,1.301917911,0.220044717,-0.502152205,-0.079396307,-0.358387381,0.563440681,0.825532436,-0.620606303,0.766759932,0.653664291,0.661031067,0.868184149,-0.998133957,0.741894305,-0.943565547,1.379703641,-0.310355216,-1.922993898,1.1064533,1.440888166,0.445711076,0.260874003,0.034812205,-0.740312099,-1.568676829,0.958553672,-0.047408093,-0.004448667,0.255381972,0.49290368,-1.858657122,0.21107921,2.260285378,0.888259113,1.802475095,-0.214107692,0.358125091,0.25906384,1.335990429,1.03045845,0.171710476,-0.468702942,0.704067111,1.24247396,0.839976072,-0.6644063,1.607645392,-0.356584638,0.091405466,1.086984634,0.573180676,-0.427271903,0.171216473,0.338698924,-0.085913092,1.706801772,0.085561991,-0.3818506,0.484537184,-0.388447523,0.967539549,1.268258333,0.199676871,1.092190862,0.64656657,0.325400919,-0.713698268,-0.481414139,-1.688438535,0.664555132,0.060037032,-0.292601138,-1.273771524,-0.089363039,0.379244864,0.391752064
0.004738331,-0.132140696,1.891229272,-0.977466226,-3.09211421,0.328277856,0.124328353,1.343527198,1.593263626,-0.125920266,-0.047186568,-1.972324729,0.126158535,0.825412452,1.60942924,0.992303967,-2.175566912,-0.8871786,-2.054960966,-0.943259895,0.900723457,-2.217529774,0.276343852,-0.365791082,-0.943192601,1.34412837,-1.358689904,1.256863713,-0.90905273,0.559527874,-0.905895174,-0.101857379,-0.207305938,0.765817344,-0.639558256,0.67651999,-1.032518625,-1.91335392,-0.599167943,-0.390952826,-1.289429903,-0.198227674,1.054346085,0.615364075,-0.253584474,-0.763444543,1.431460142,0.994479895,-0.165243089,-1.679920316,0.233546555,1.970391512,-0.376205921,-0.794308364,0.894812942,1.13149333,-0.075199969,-1.246886969,-0.110705853,-0.775025845,0.488005698,0.755582273,0.595000088,-0.213572234,-1.83264339,0.976379573,-0.042172581,0.660628676,-0.036728419,-0.319557369,-0.646722436,0.968152106,0.122073323,-1.093834877,0.282906353,-0.759563148,-0.675972879,1.183871269,-0.333391994,-0.672620356,1.552577496,0.330144495,-3.247032881,0.027468845,3.72367239,0.778826952,2.642615557,1.459583879,0.717548668,0.563822925,1.717996955,0.341448456,1.298242092,-0.392929882,0.730595887,1.047309518,0.58839798,-1.586404324,0.511804879,1.655202389,-1.93555367,0.294152647,-0.065914817,0.940844655,2.245877743,1.391298771,0.686177492,0.113766864,0.258586407,0.062179327,0.383194089,-0.24960728,0.231095955,1.309316278,1.762027025,1.226651311,0.340667903,-0.782378137,0.883033752,0.715762794,-1.092561245,1.653821111,-0.084966108,-1.066968679,0.592412174,0.953053415,1.5536654,-0.542130649
-0.921497583,-1.236834764,2.218106747,-1.076810122,-2.319271326,-0.306741416,-1.185828924,0.703235984,2.355984926,0.143733561,1.639610887,-0.314676583,0.169525251,1.288782954,-0.745319426,-0.542865098,-3.421304226,-0.616441607,-0.099166572,-1.625801444,0.44908601,-3.87416029,-2.172706366,-0.319062769,-0.789088249,0.773574173,1.469007254,-0.146475866,0.635699213,0.288517058,-3.356657505,-2.987576723,-0.248541892,2.545314789,-2.048546314,-0.359297484,-2.221215487,-1.016340494,-0.070673577,0.422046542,-2.241676569,-0.40136236,1.451913357,1.502256751,-2.33286047,-0.01614508,1.974385977,-0.260806143,-0.079611555,-1.892338634,1.592795134,3.448138475,2.144450903,-0.244588897,-1.306817174,1.695953131,-1.094055057,1.082913041,1.201502562,-0.202265069,0.573302865,0.604133904,0.109207094,2.658906698,-1.416763067,1.245153666,-0.540573478,1.036934614,-1.079621792,-0.278385401,0.701277494,2.005571365,1.145279646,2.252809763,0.557311416,0.643600941,-3.393906593,0.966470182,0.544291973,1.644521713,0.082429737,0.428947181,-2.836886406,0.706930816,2.483820915,0.283464789,3.315832853,-0.710005522,0.562458575,1.133641362,0.902672768,0.890467763,-0.358098149,-0.410730779,1.064284921,2.903395653,0.741584539,-1.593409061,1.279591084,0.656151175,0.288071692,2.399137497,-0.154471666,-0.698496222,0.320693254,-1.115698695,0.400409788,1.064670086,1.019129992,0.548945546,-0.658921838,-0.770110786,1.578599215,0.576567531,1.097236514,1.582554221,-0.509415627,-0.883276105,-1.155003071,0.767238379,-2.183202505,-0.355283082,-0.999318302,-1.953883767,-1.189464927,-0.850106239,0.02993238,0.522063673
-0.995458364,-1.56859827,2.675783396,-0.733143568,-2.218571186,-0.978170156,0.538387775,0.691654682,1.789221168,2.1583426,1.416520715,-0.697706521,0.001746178,0.137197912,0.185399398,0.379142135,-3.459670305,0.131590068,-0.271737099,-1.018674254,0.585002661,-4.011163712,-2.476828814,0.364973426,-0.296223044,1.258552432,1.095806718,0.692254901,-0.007250942,1.048908472,-3.708647013,-1.610783458,-0.488361597,2.122736216,-1.687447548,-0.821771502,-1.631178856,-0.885397851,1.215927243,0.654871047,-2.661221266,1.468984246,-0.494558692,1.391153812,-1.94727695,0.32243979,1.917973757,0.74411881,-1.793050528,-1.133231044,1.317078829,3.559185982,1.732957363,0.752641976,-1.769122005,0.127563015,-1.585506678,0.807969868,1.723601699,-0.721985996,1.073810339,1.932397962,0.386120766,1.877799869,-1.390332818,1.19695282,-1.377932191,0.951343238,-0.105993025,-1.348527431,1.075308084,2.192877531,0.418053448,1.287658453,-0.253359497,-0.573101401,-2.665096045,0.229991496,-0.100890078,0.70006144,0.481913269,0.292342454,-2.643181086,1.29756856,2.228960037,0.3452245,3.93432641,-1.959477067,0.378318548,1.638458371,0.950569749,-1.180360436,-0.288071156,0.002037492,1.718074679,1.828791022,1.736837506,-1.701349974,0.250178874,0.965311646,0.335314751,2.181418896,0.265506327,-0.445789397,1.116617799,0.200967491,1.361716986,1.53636837,1.656899214,0.140376359,-0.644460618,0.015603632,0.404681921,-0.031755272,0.423664302,2.207861185,0.040142134,-0.922639787,-0.069166854,1.115106106,-2.637204885,-0.366326034,-0.931994855,-1.381720662,-1.502366304,-0.967880487,-0.026432179,0.419324607
-0.608423054,-0.654481351,1.293164372,-1.207583189,-1.846617222,-0.236381158,-1.27679944,0.020201415,1.169975042,0.418058604,0.920168877,-0.526705444,0.001745611,1.245028615,-1.284676552,-0.451987088,-4.080557823,-0.231008947,-1.038426638,-1.915647149,1.870063305,-2.352519751,-1.244067192,-0.0312883,0.898003757,1.075446963,-0.213513717,-0.017665081,0.309611559,0.891378403,-1.642650366,-1.027115107,-0.323729515,1.278949976,-2.306739569,0.47721839,-0.394360453,-1.335320711,-0.187311769,0.106293105,-1.166211605,0.551104784,0.204950988,0.385128915,-0.17266041,0.690881133,1.206252575,0.777867198,0.134215191,-1.742708921,0.865701616,2.666842461,1.438228369,-0.915355384,0.928871214,1.14152503,-0.836803079,-0.35975039,0.649224401,-1.525932431,0.997769535,-0.308559954,1.745926023,1.273786545,-1.265053511,0.621216774,-0.400916517,1.633730888,-0.35504812,-0.913208008,1.72555244,1.0572474,0.101059318,1.218710184,0.231242761,-0.411841989,-1.630101204,1.383458853,-0.375333965,-0.056242123,0.110322639,0.792602539,-2.580122471,-0.553087592,2.729810715,0.938531101,1.810327411,-0.294562101,-0.341113508,0.613608539,2.066145182,2.096768618,1.73298943,-0.806120396,0.557287991,2.685841799,0.561820626,-2.189508677,1.997087598,0.056660861,-0.271892995,2.181226254,0.022974037,0.615282059,0.512148321,-0.183421239,-0.061975837,0.462587655,0.503360748,-0.223676771,0.497135758,-0.560692608,-0.116526306,1.619172335,0.506517887,1.185483813,0.40706867,-0.300170839,-1.156228185,0.64943409,-1.50385654,-0.754040182,-0.584572077,-0.653925776,-0.579907238,-0.387774706,-0.17097488,0.433422834
-0.19242388,-1.978837967,1.622790098,-1.089315891,-2.089470148,1.481059194,-0.450248629,0.909010172,1.954989314,-0.347233862,0.054396391,-0.801800907,-0.545602739,1.204329133,-1.375030518,0.609231949,-2.779711962,-0.404052377,-1.1436975,-1.145829797,1.625249505,-3.462880611,-0.305366933,-0.481833607,-0.192468762,0.035110604,-0.383189827,0.194038108,-0.138764739,-0.119642705,-1.140979767,-1.931577921,0.617498219,0.994303226,-1.794055223,-0.207764059,-2.219404697,-1.579030752,0.730792582,-0.176836818,-1.110585928,-1.391704679,1.840913534,0.585839629,-0.492000729,0.447336584,1.418070316,-0.000249133,0.415251464,-2.13829565,1.242976665,3.93068862,-0.267939568,-1.279500365,0.349870324,2.142118216,-0.312130511,0.431873143,0.190861374,-0.725814939,1.718031049,0.170077547,0.725350142,1.133171439,-1.356270552,0.738899112,0.008886039,1.506902933,-0.60132277,0.509884298,-0.24952054,1.694073439,1.233241558,1.097471952,-0.001356587,0.63717705,-2.280783892,0.612165749,-1.126389027,0.320483148,1.227222204,-0.198043883,-2.271237612,-0.868791938,2.753460884,-0.244953334,2.406965733,0.968319893,-0.129562855,1.194637418,1.034002781,0.768042088,1.111204505,0.630165517,1.155834198,3.261118889,0.969263732,-0.526965141,0.443269461,0.374009132,0.11353223,1.420453191,-0.501360297,0.056912556,0.624584556,1.028939843,0.071047515,0.37974894,0.319997966,-0.081929669,0.17278409,-0.328433931,2.087111235,2.272662401,1.535705805,1.227463484,0.186625674,-0.258065969,-0.670914412,-0.127498433,-1.065684199,-0.162327096,0.569655895,-1.916190982,-0.600111544,0.167804897,-0.937570274,0.164135605
-0.039014295,-1.152334929,1.625663996,-1.50020051,-2.313325167,0.001626477,-1.264717102,0.335229665,1.02112031,0.339475781,0.9802351,-0.562779009,0.23999922,1.202858806,-0.760571122,0.136213571,-3.980751038,-0.059664235,-1.25282526,-1.204672575,1.630233526,-3.134471178,-1.636209249,-0.365582168,0.485814691,1.561296701,-0.216828555,0.295466423,0.59312439,0.394152045,-1.310995936,-1.249992609,0.554874301,1.367879868,-1.919611573,-0.59830153,0.00330776,-1.13640523,-0.0064741,0.591377139,-1.259007573,-0.235908747,0.671405673,0.50077641,0.240146488,0.586164951,1.68343544,0.639782667,-0.341229498,-2.025926113,1.683909655,3.287901163,0.699939787,-1.507115245,0.434822202,0.647585392,-0.730878413,-0.317101419,0.031021982,-1.115773201,0.593842506,0.604228914,1.452719688,1.065000057,-1.132915616,0.776474774,-0.148201182,1.079757571,0.010804513,-0.733461261,1.742623091,1.814162254,0.342342973,0.62565124,0.385654241,-0.875140607,-1.68369329,1.135139942,-0.145729482,-0.517823875,0.589325309,0.102341861,-2.180459976,0.0350959,2.535236359,0.497145027,2.096526146,-0.253469586,0.802794874,0.493238032,1.587042212,1.613446951,1.117133617,-0.98826921,1.582497478,2.353025913,0.976393938,-1.77263546,2.17340064,-0.026564755,-0.518082142,1.793748856,1.02340579,0.643110991,0.315177321,0.297908157,0.07470116,1.313772202,0.02905409,0.108640552,0.233345747,-0.449757695,1.094602942,1.189614654,0.928041279,0.964155197,0.263703048,0.556392193,-0.234647661,0.088285103,-1.140536666,-0.012641236,-0.907496274,-1.175933242,-1.134003997,-0.683400571,-0.480569839,0.593521595
-0.683501422,-1.226932526,1.771882892,-1.814870715,-2.322608709,-1.749137759,-0.902813733,0.22322385,1.085664868,0.953124285,0.763802648,-0.652552247,-0.004688561,1.221280694,-0.628831148,-0.788035393,-4.499932766,-0.138525218,-1.121931314,-1.600867867,2.073829651,-1.785949588,-1.658766508,0.024158124,0.474563241,1.163790703,1.145462751,1.475819707,0.85149312,0.908787608,-3.583017111,-0.865961552,0.83776027,1.711809397,-2.518192053,-0.20933792,-0.008554161,-0.593235195,-0.893980026,0.197046041,-1.479340196,0.926538408,-1.171742916,1.010480642,-0.2813389,0.51328814,1.372256994,-0.325576901,-0.971271098,-1.351350307,1.158014297,2.627659321,1.612539291,-0.460102975,1.007445693,-0.302894294,-1.332270622,-0.313010752,0.774613261,-1.154543281,0.850100696,0.900066912,0.147295535,1.227823496,-1.617690802,0.824915648,-1.233052731,1.037311554,0.096257836,-0.569912195,2.249163151,1.941057682,0.784210265,0.987637877,0.867822289,-1.675751925,-1.175232172,0.918741703,0.579162896,0.125310138,-0.732233167,-0.238174081,-2.38145256,-0.244273186,2.310481548,1.00476861,1.57495749,-0.994681716,0.580888152,0.353532881,1.314101577,1.53991437,1.532776594,-1.742783427,0.948107243,1.66038537,0.977416337,-1.630165577,2.497990131,0.330622613,-0.244989276,1.920393586,1.064238548,0.41589272,0.173589692,-0.65834862,0.28967604,0.783593476,-0.183400303,0.2440238,-0.564585686,-1.713609099,0.486005485,0.521426976,0.223441482,0.548733175,-0.222290114,0.752407491,-0.9145751,0.999757409,-2.000818729,-1.006692171,-1.126162887,-0.033082396,-2.314456224,-0.095523827,-0.678689063,0.517057061
-1.206862807,-1.020008326,2.324576139,-1.032960653,-2.319786549,-0.579565644,-0.299763799,1.566655159,2.383692741,2.124920607,0.782074928,-0.740436852,0.536001801,1.035382867,0.278926194,0.858725667,-3.882440805,-0.91555208,-0.828820348,-1.776272535,1.517985344,-3.910024166,-1.765366316,-1.050513268,-0.21121189,1.091387987,-0.151424736,1.337836146,-0.241484523,0.309289336,-3.753027201,-1.181854248,-0.205901742,1.812099338,-2.345540524,0.165682793,-0.670614004,-1.353593111,0.975415409,-0.443153948,-2.33107686,0.443517774,-0.537126303,1.112096548,-0.907816648,0.039671183,1.624661684,1.424696684,-0.639718652,-1.896478295,0.644677222,3.497114182,1.766736269,-0.400128156,-1.126289725,1.479143143,-1.36604774,0.302888721,0.907490134,-1.467217922,1.267828226,0.202349365,0.97649163,1.995861888,-2.497060299,1.124434352,-1.194784284,1.587663174,-0.35889563,-0.983304203,1.057874799,2.308505058,0.422138214,0.722731769,-0.502579331,-0.084718138,-2.904657125,1.504215717,-0.377812058,0.806343198,-0.238090247,1.059310079,-3.686608553,0.550327182,4.59209013,1.036254644,3.335143566,1.071351647,1.40438354,1.035960674,2.682866096,0.321309716,1.277421713,-1.186817408,2.513673544,2.113214493,1.364006639,-1.631203651,1.339194536,0.865410209,-0.338571131,2.109011412,0.232576489,-0.098303318,0.856287956,0.22398065,-0.085439444,1.060747504,0.052071109,0.142929465,0.476006806,-0.789880931,0.469637603,0.475135416,1.301935792,1.929659605,0.031103387,-0.606719494,-1.495482922,-0.139575481,-2.249243736,0.204593375,-0.404925048,-0.399406284,-1.635614514,-1.174413443,-0.555013001,0.047792513
-0.698699415,-1.303271532,3.201159954,-2.560410261,-2.431267023,-0.732848048,0.070614822,1.080946326,1.6309973,3.60558629,1.331347704,-0.815269828,-0.387382448,0.967862248,0.511451721,-1.130759835,-4.892022133,-2.347586632,-1.511366844,-1.762910962,2.053683043,-3.149018288,-1.451723099,1.051603675,-0.085158013,0.63760668,0.563974202,0.848728299,0.676434934,1.96054554,-4.231197357,-1.009157777,0.441523612,1.182341933,-3.062921047,-0.327563792,-0.291034669,-1.814065933,-0.067277648,0.039485551,-2.645161152,1.425957561,-0.884848773,2.644512892,-1.27251637,0.241566032,2.47706151,0.652664185,-1.06052494,-1.89266026,0.799677014,4.126913548,1.013825655,0.899019897,-0.038451783,-0.512206435,-1.178887725,-1.204706669,0.806350589,-1.338853955,1.296657324,1.109595418,1.295144439,0.117396697,-2.044062614,1.467705488,-2.130974054,1.019476056,-0.465128869,-1.52101779,1.006761312,2.261325598,0.73604852,1.104032993,-1.466544509,-0.952003419,-2.897212267,1.209758043,0.204059929,1.894743681,-1.028816104,0.962370276,-3.061154604,-0.651695251,4.24937439,1.542966366,1.828191638,0.627268374,0.911413372,1.224612713,2.919589043,-0.036973216,1.015509009,-2.105524063,1.670641661,1.401856661,1.415495396,-2.05396986,2.045762777,1.155683041,-0.649407804,2.873834133,0.219470382,-0.089764223,0.476539016,-0.812214851,0.855294108,2.189805269,1.362891912,-0.052546114,-0.26262787,-1.102512002,0.610249162,-1.071926355,1.645144701,0.937695563,-1.156947374,-0.644743085,-1.514072537,0.691979408,-4.189218998,-0.348160207,-2.342517614,-0.321963906,-3.243367434,-0.986840069,0.177491188,0.480496198
-2.17056489,-0.913813174,2.81924057,-2.121022701,-0.792296827,-1.172920346,0.429549813,0.779843807,0.327573001,2.242315769,1.029455304,-0.616972268,-0.410303414,1.3207829,-0.34169215,-1.567655921,-3.7728827,-1.283804178,-1.239650965,-1.270424724,1.678737402,-2.340856552,-0.840438962,0.585860372,0.605536938,0.001020651,0.150590241,0.772547722,-0.476680875,1.36116302,-3.440280914,-0.499574929,1.565621495,1.139363885,-3.086906433,-0.18310377,0.454836756,-1.819241047,0.139127642,1.155921936,-1.878496051,-0.068698734,-1.776360989,1.616652012,-0.35571298,-0.093355671,0.573802412,0.060618743,-1.045043707,-1.016507983,1.549766779,2.315870047,1.175421357,0.750300467,0.280100226,-0.128209576,-1.600552797,-0.913319409,1.199165821,-0.920642257,0.196248278,1.051805854,1.165636778,0.25915271,-1.382659435,0.960071564,-1.568143249,0.897547066,-0.195442468,-0.93822825,0.8661111,1.880394936,0.59961313,0.826116085,-0.820998311,-0.647010326,-2.453002453,1.725071073,1.008838177,0.453245103,-0.866902471,0.866351724,-2.121251345,-1.138431191,2.728044033,1.329924107,1.498328924,0.942496836,1.866259098,0.585473835,1.02707386,0.250097811,-0.156923547,-2.167224646,1.0855304,0.813724041,1.213083386,-1.5962677,1.714740515,0.000357255,-1.546470046,2.358188629,1.255096316,-0.019876137,-0.510381818,-0.866022825,0.17773509,1.346420884,0.434153974,0.301771164,-0.871290028,-1.382062316,0.555412889,-0.342546701,1.410045266,0.340224117,-0.888693988,1.271018744,-0.482124478,0.142090335,-2.644252777,0.308350027,-1.618451118,0.532859266,-2.831283569,-1.452178597,0.515404105,0.394909531
-1.294279099,-0.502396405,1.717972755,-0.541538596,-1.093399048,2.948791504,0.386709213,0.295011878,1.756089449,-0.620866299,0.330986679,-0.515678942,0.081282169,-0.447915912,-0.518813848,0.1522533,-0.713345766,-0.742803097,-0.518613338,-0.511262953,1.232020617,-2.860231638,0.049963295,-0.316617548,0.342971236,0.086832315,-1.210221052,-0.213215426,-0.740230799,0.762612462,0.214799047,-0.91764617,0.513005614,0.878811896,-0.607280314,-0.242974907,-2.4535923,-1.493089676,-0.441319108,0.261809468,-0.211709321,-0.518803656,1.033118606,0.878751516,0.50528878,-0.188753039,0.713333011,1.202494502,0.994216025,-1.654939175,1.693543673,2.560067892,-1.219195843,-1.095499158,1.209956288,1.620934725,0.082647346,-0.010490371,1.817289591,-0.052452434,1.500574708,-0.360259771,1.619849205,0.509347379,-0.581263423,1.40171361,0.710852087,0.854923427,0.098141663,-1.170390964,-1.531745434,0.069690451,0.349747717,0.831084847,-1.068770289,0.124596894,-2.469497919,0.364985377,-1.793970346,-0.633398175,2.015870571,0.06635955,-1.542396307,-1.320680976,2.507451057,0.7382586,1.16728282,0.859971523,0.147105575,2.097002268,0.682772994,0.863138437,0.426665902,0.206805363,0.650238752,3.090037584,0.775488019,-0.35230881,-0.31979841,-0.075993657,-0.47580719,2.100305319,-0.088405155,-0.463395327,0.657955766,2.026483774,-0.533250213,-0.628433347,-0.498478055,-0.840038061,0.686944723,0.710398495,0.621475935,0.620744646,0.875397742,1.428324342,-0.777639627,-0.69964534,0.112208605,-0.2006201,-0.344964415,-0.245710447,0.955488265,-2.573274851,1.969987273,0.775760412,0.57735014,-0.409973413
-1.90734756,-1.144662619,1.612790823,-1.250547767,-1.275714159,-1.41925323,0.293078899,0.322496027,0.580142975,1.145112276,0.220713407,-0.44674769,0.528309286,0.476896346,-0.881635129,-1.325078964,-1.216074228,0.765910923,-0.034184203,-0.627723157,2.598830223,-2.638739109,-0.931273401,-0.340791851,0.487621427,0.611252069,1.01766324,0.820923328,-0.06852939,0.444610149,-2.816874743,-0.361448646,1.431740999,1.920965075,-1.572422266,-0.545127511,-0.073542222,-0.765159309,0.572767317,0.234566391,-0.705457211,1.768532395,-1.318912029,0.448368877,-0.780809343,0.708444715,0.962734997,-0.885631204,-2.022329092,0.02270788,1.674706459,2.53435564,1.139889121,-0.07309527,0.011223912,0.201081231,-0.84178412,-0.076596156,0.877189517,-1.081906438,0.983297884,1.283204913,0.135183498,0.882942259,-0.221149862,0.714539111,-1.415635467,0.605126798,0.510667145,-1.166817307,1.530828118,0.488588452,0.815028846,1.790938497,-0.348931789,-0.04712981,-1.691456199,0.474104911,-0.193563119,-0.244551048,0.046608895,-0.131160051,-1.231278777,0.060811251,1.609708667,0.300111443,1.598031878,-1.183509588,-0.534390748,1.816127181,0.302880049,0.119613059,0.450267494,-0.111791387,0.848212063,1.279533863,0.791463792,-1.295480371,0.464486539,-0.30218485,0.242490098,1.561722159,0.254784912,-0.259687662,0.770694971,0.180150181,0.362048537,-0.317442983,-0.2325131,-0.204730347,-0.546253443,-0.753825605,0.6255337,-0.782109559,-1.161509395,0.387361974,-0.234951362,0.905166924,-1.178824544,0.89896071,-1.786112189,-0.85173744,-2.14926362,-0.995097518,-1.29559195,-0.500488818,-0.698561788,0.59156251
-0.24030973,-0.232544661,0.979838252,-1.768754005,-2.056122303,-0.733811617,-0.894420564,-0.041358411,1.076886654,-0.174129575,0.774959922,-0.087392583,0.077063367,0.8853181,-0.841323018,-0.81939435,-3.087408781,-0.480681479,-0.708114386,-1.616416216,1.653486729,-1.722797871,-0.817477047,-0.237675682,-0.274486184,0.893679619,1.554173231,0.381113172,-0.007759742,0.660482883,-1.480504155,-1.325468659,0.65973115,0.794237494,-1.79250133,0.027142197,-0.334531993,-1.209246874,-0.38099277,0.74579519,-0.941150427,0.516373336,0.00132592,1.040615439,-0.125110313,1.246555209,1.258484602,-0.906830192,-0.390577972,-0.862025619,-0.030062482,1.784843326,1.536562681,0.234015301,0.374822408,-0.244996756,0.405613571,-0.377065659,0.92445004,-1.626346111,0.290791154,0.875637472,1.165871501,1.985807657,-0.708343863,-0.075759999,-0.902259529,1.923987627,-0.26694414,-0.510142207,1.23261714,0.535797477,0.737573445,1.358284116,-0.375813514,-0.923782229,-0.93284595,1.05470252,0.629210472,-0.25667274,-0.623874307,0.436154336,-1.715424776,-0.05484882,1.951841235,0.417818844,0.663927734,-0.286746681,-0.361099809,0.479574233,0.550482392,0.441547871,1.094896317,-0.684373677,-0.296880871,0.816256881,1.024561644,-0.740568876,1.126036763,-0.125531301,0.281856716,0.758981407,0.129611433,-0.902033508,-0.298029304,0.517093182,-0.977105737,1.408688426,0.327384233,0.145430058,0.700278044,-0.972124577,0.065680459,0.649419129,-0.171880543,0.862186491,-0.521060586,-0.003316235,-0.354160845,-0.715617776,-1.77365911,-1.490253329,-0.087844178,0.193490937,-0.926173925,0.170971841,-0.389461368,0.592868567
-1.530869126,-0.233010292,2.718483925,-2.372352123,-0.170849234,-0.876682639,-0.003830813,1.679381013,1.542328715,1.985347271,1.04232502,-0.788108826,1.270545244,0.648575127,-0.376445949,-0.782176256,-3.036212444,-0.7665447,-0.099405378,-1.802946687,1.396205783,-2.241694927,-1.699941874,0.864400148,-0.195147395,0.825716078,1.137840629,0.808320582,0.986613989,0.236788005,-3.860396624,-0.934945107,-0.718275905,1.020159602,-1.459731221,-0.71729517,-0.385286242,-1.081785202,0.409512967,1.322547436,-2.1947999,1.149517298,-0.612387478,2.324743748,-1.279243588,-0.25711143,1.631969213,0.497085333,0.353805959,-0.138638973,1.848996639,1.761779308,2.01543045,1.393633127,-0.865544617,0.085390016,-1.451054096,0.597461045,1.542793274,-0.107952937,1.450044274,0.71785146,-0.237701923,1.00996542,-0.925821006,0.677854061,-1.478523493,0.501202404,-0.7036075,-1.787660003,0.449612528,1.536547661,0.080235451,1.935601711,0.083951414,0.17310518,-1.727437973,0.085254356,-1.022344828,1.519532561,-1.023189783,0.060485184,-1.862547159,0.693808377,0.86439544,1.199682117,2.639425755,-0.537129223,1.285920262,0.771339476,0.520631671,0.336765349,-0.962153018,-2.081553936,1.656567216,2.305840492,0.780938745,-1.072654009,0.738043368,-0.208957344,0.903369069,2.793981075,-0.618851483,-1.612163782,-1.059838533,-1.582025051,0.267671555,0.869235516,0.585343003,0.19623363,0.298181087,-1.103953838,0.278719425,-0.522593081,2.022761345,1.441461682,-1.08391428,0.412838578,-0.550066113,0.818274379,-2.555695057,-0.645768404,-0.878781796,-1.012741685,-1.397884011,-1.109505534,0.157432407,0.207387358
-1.507228494,-0.1100941,0.195677668,-1.418950558,-0.336452782,-0.352371216,-0.664623082,0.773054957,0.715843678,-0.501253724,-0.234373152,-0.795478165,-0.568468332,-0.333586723,-1.436209679,-1.354253173,-1.702914238,0.681103766,0.166576535,-0.878512681,1.818131447,0.323141783,0.358457804,-0.017430317,0.709189951,0.416449517,1.326811194,0.967720866,0.49832347,-0.304538041,-1.265934825,0.446015596,-0.14228034,0.324135602,-1.565409303,0.678813219,-0.709717512,0.875834823,-0.6792835,0.669697285,0.447325796,0.995178103,0.27148217,0.543873191,0.436871767,0.802631259,-0.410377502,-0.81646347,0.937979162,0.159999847,0.470593274,0.83662796,0.802011847,-0.24969089,-0.096318446,-0.367364585,0.102787934,0.105932407,-0.133392185,0.467393816,0.902723968,0.644330263,0.172994956,0.468372732,-0.680036962,-0.476999879,0.581269085,-0.302711725,-0.126799539,-0.048919141,0.273202777,1.781426668,0.334361404,0.063501149,0.71871531,-1.392165422,0.647466123,0.198468685,-0.603130579,-0.023640409,1.197549939,-0.8906461,-1.342684031,-0.527155161,0.681074262,1.580323935,0.62906301,1.001016974,-0.890472293,0.065893508,-1.207787275,0.694332898,-0.091639638,-1.285249352,2.046811104,0.815649867,0.369615376,-0.659907818,-0.238064662,0.008623615,0.014758289,0.494187862,-0.088427715,-0.407606959,0.064628854,1.885178924,-0.098473608,0.137875631,1.424876571,-0.732535064,-0.420446217,-0.431668282,-0.508545995,0.174754053,-0.259240717,0.402312845,0.191919401,0.972656608,0.029119939,1.064767003,-0.838182211,-1.691926479,0.949757993,0.537453175,-0.67227006,0.437161267,1.306063175,-0.149607763
0.616169333,2.648030758,-1.948270679,-3.322071552,-0.551397622,1.650854468,0.720779955,1.532262921,1.674805284,0.089791186,0.810803175,-2.982251883,-1.160745859,-1.02293241,-0.752823591,-0.562416196,-2.589223385,0.554411888,-2.072583675,-1.227157354,2.87460494,-0.068252698,1.318297982,2.065448523,0.895245135,0.855383456,1.488802433,2.041487217,-0.198628306,-1.518234491,-0.303919911,0.348002493,-0.198885649,-0.943216443,-2.371330738,-0.208445877,0.896759152,1.076206923,-0.733780622,0.699679673,1.112644672,-1.236234426,1.784101009,-0.995638967,0.878402352,-0.0500983,0.432761252,0.180970386,1.638837814,-1.823095202,-0.759173334,1.684203982,1.437179565,-0.591088176,1.582113504,-0.349178135,-2.434510469,-1.474019885,-0.826349258,-0.25996691,0.633294582,-3.185387135,1.212019444,1.173607707,1.072009087,-0.202019006,-0.6076141,2.58148694,0.98858124,-1.713596702,-0.063510984,0.440666646,-0.701259315,-3.33364749,0.757723093,-1.472893476,-0.080732703,-0.757647872,-1.820016742,-1.315021753,-0.666661143,1.777855992,-2.931405306,-0.9998914,1.329183221,1.572009563,-0.259143472,1.788585901,-1.286686301,-3.242973566,0.347429931,-0.10352663,1.69523108,-0.737134695,0.755204141,-0.121054351,-0.768490374,0.166906267,-0.460751057,2.152969122,0.154769197,0.106856093,-0.487863541,-0.507095695,1.719979405,2.581676006,-2.443560123,-1.436009169,2.25489521,0.294393599,-0.067979664,-1.441812515,-1.62624383,-2.09426403,0.205139935,0.137660176,0.261372328,-0.866590381,0.759467125,1.560551167,-0.286788046,-0.579301119,2.011083603,2.495638847,-2.109769344,-1.434413671,-0.214581057,-0.479795516
-2.21471405,0.497242063,-0.378631324,-2.175061703,0.464325488,-1.922950387,-1.525750279,1.525446653,0.537941396,-0.293762237,-0.746257842,-0.649433255,-1.512518644,-0.844054163,-1.03642416,-3.276088476,-1.417136669,2.268680096,-0.741986513,0.926114619,2.160043478,2.730521441,1.630481124,-0.321036339,1.827777267,-0.045924548,2.191178799,1.527807832,0.868795693,-0.94900763,-1.599700451,0.713275075,-0.148515821,0.147513092,-0.871711791,1.695718527,0.401665807,0.007060081,-1.11567378,-2.263012886,0.348561943,0.528592408,-1.35579443,1.245720863,0.398194611,0.821019411,-1.146992207,-1.463524699,-1.134916544,2.053666353,-0.020948179,0.390694886,-0.719882846,-1.20845294,0.330225438,-1.698920965,-0.21360442,-0.146520093,0.143617421,0.272100747,0.958300292,0.731063187,0.391656458,-1.571403384,-0.371911317,0.216663957,0.503949344,-0.038334116,-0.089740507,-0.291026831,1.401286125,0.988662183,-0.431618214,-0.477268815,1.271049738,-0.744390726,2.29340601,0.291453838,-0.424659461,-1.709596395,0.777296662,-0.832756042,-0.899642408,-1.361773849,0.082531959,0.635269701,-0.405793905,1.858617187,-2.675555944,0.307672083,-0.903513789,0.292569578,0.273963124,-2.508137703,1.835846543,-3.267771959,-1.419827104,-1.606619596,-0.653844059,-0.342377365,-0.06111981,-1.868042231,0.06684994,-0.812893331,1.852134466,2.762038469,-0.456143349,-1.950435162,0.779213667,0.073784411,-0.333989024,-2.599211454,-0.727405429,-2.093471289,-1.368464708,-0.503337622,-1.539605498,1.186862707,-0.172217712,0.516406655,-1.204634786,-2.944907188,0.013460502,1.879786491,-2.024708509,1.334387064,0.28319025,-2.464939117
-0.040157154,0.738995254,0.226754427,-0.741086602,-1.039969921,0.67100364,-0.156529844,-0.304116756,0.388661146,0.879024625,1.686695218,0.261823416,-0.793359339,1.170393348,-3.166493177,-0.530454516,-2.189705849,0.801749647,-0.657216251,-0.573542774,0.931485534,-2.481550455,-0.844060302,0.562424839,1.071183681,0.293452531,1.065817237,-1.698615909,0.421752214,0.266784519,-0.205614567,0.278499156,-0.737285018,0.463936865,-1.588499308,0.856083512,0.121172413,-0.145608395,1.589638233,1.076663733,-0.300392538,0.926485121,-0.075886801,-1.270789981,0.431984961,-0.504161358,0.152272642,0.816622853,-0.717993259,-0.722446084,0.857018292,1.884409308,0.350046158,1.177767277,-0.697603106,0.098138109,-1.747815371,0.323833793,0.125314608,-1.059007883,0.68626231,-0.180280998,1.641974449,1.040064692,0.685462058,0.158572763,0.11496605,0.176294252,-1.052886367,-0.41313535,1.132688999,0.004194036,0.08945924,1.31264472,-0.533674955,0.665759623,-0.099395961,0.61572504,-0.118080676,-0.906815588,0.738963485,0.721920848,0.318345487,0.302329123,0.631327569,0.847700357,-0.018791094,-1.217144251,-1.927596331,1.676208496,0.685719371,0.072900005,0.244588003,0.785298944,-0.132509977,0.707263112,-0.187871784,-1.899337053,1.061303377,-0.583228171,-0.083036706,0.922834575,-0.43655026,-1.185470104,1.146854401,-0.562766552,-0.743499875,-0.059223935,1.604070067,0.380557835,0.067366779,0.342438877,-0.701244116,-0.87590462,-1.535836935,-0.90819037,-0.806486905,-0.987822831,-1.470481992,2.07716465,-1.798745036,-0.384647787,0.026844338,-0.365317404,-0.167532742,-0.76170063,-1.217674494,0.98729372
-0.622088253,0.377275765,-0.002945513,-0.069511399,-1.255738974,0.921317458,-0.006405391,1.934609413,1.409195185,-0.09071096,-0.927425027,-1.925424695,-0.622054338,-0.503590822,-0.786598086,0.911010146,-2.670598745,1.405715942,-0.217115253,-0.998359621,1.386318803,-0.49404034,1.113957167,0.012740795,0.847914398,0.388302088,-0.316205323,1.399984837,-0.40507406,-0.484797984,0.08364965,0.208272919,-1.125329852,-0.319626689,-0.413812101,-0.385365158,-0.218421191,0.768623114,0.11049892,-0.248274833,-0.175876036,0.171356171,0.725855827,-0.557852387,1.020110488,0.360750467,0.271827608,1.018766046,0.564641178,-1.288987994,0.17930156,1.408858418,0.450964212,-0.814937055,-0.066652112,-0.04383944,-0.551291168,-0.081240766,-0.063065976,-0.928575516,0.248379573,-0.178359583,0.41571182,0.072528481,0.069468118,0.76388216,0.496654928,0.629959047,0.634980857,0.697316527,-0.594979823,0.910231352,0.398314178,-1.091348529,0.254905939,-0.666446447,0.587310076,-0.679619074,-1.295933723,-1.177580357,0.330765426,-0.132428244,-2.571974516,-0.666333795,2.267297268,0.843383014,1.126562119,1.049717665,-0.981822491,-0.764391959,0.338110387,-0.197660297,1.242456913,0.33248502,1.607311606,-0.457785487,-1.370381832,0.146387428,0.358143449,-0.402036846,0.467310548,-0.286898553,-0.306559056,-0.021431237,0.937260985,2.986255646,-0.232999533,-0.729629457,0.392068744,0.764180481,-0.002475798,0.379838228,0.447827429,-0.793717802,0.163740605,1.310198784,0.520051003,0.466229171,-0.215005636,0.509494543,-0.313339084,-0.561792433,0.591655612,0.296858847,-0.406119525,-0.09327095,-0.415094197,0.160727009
-0.813364089,-0.836606562,0.901966095,-1.773919225,-2.003035545,0.063679442,-0.841115475,0.76432699,1.052317023,0.631503761,-0.162818015,-0.722194135,0.236104906,0.100773498,-0.609733105,-0.420359731,-2.606278658,0.485112667,-1.012289047,-1.162044644,2.076099873,-1.767115355,-0.040968284,0.65295881,0.92338413,0.922960341,0.323527455,0.825812817,0.009775229,0.368379861,-1.941462874,-0.425746709,0.728258073,0.764467001,-1.481366992,-0.377489656,-0.495620161,-0.575144351,-0.588793039,0.031275041,-0.940413833,0.503881931,0.051778801,1.015677452,0.921368361,0.75237751,0.697544634,0.25418216,0.270220399,-0.718826413,1.013895273,2.108227253,0.299421072,-1.048906207,0.960211515,-0.013538107,-0.01949323,-0.527757943,0.442118764,-0.905128062,1.253674984,0.431738079,0.411085755,0.842270076,-1.617552996,-0.091615595,-0.289392233,1.292028308,0.202695683,-0.79720062,0.713234723,1.129291058,0.783312976,0.569133937,-0.025496081,-1.23085618,-0.607625127,0.11856547,-0.89609319,-0.798239648,0.937742114,-0.21901226,-1.923968315,-0.829175591,1.991526961,0.66576457,1.647117615,0.177824855,0.331712425,1.328991294,0.774481833,0.699642241,1.269290805,-0.684388459,1.439566135,2.436889172,0.73555541,-1.360806704,0.785040677,0.310520828,0.062202409,1.202443361,0.302983642,-0.172801599,0.166519478,1.079637766,-0.240033656,0.253930211,0.235828072,0.081936836,-0.054556847,-0.275943577,0.091248497,0.347738355,0.268996716,0.698771298,0.450200737,0.963297129,-0.715276599,-0.061758325,-1.337941289,-0.408006608,-0.017579973,-0.331217527,-0.866836786,0.623203516,-0.457183421,0.305832922
-0.553084731,2.659082413,0.618071437,-1.445710182,-3.142012119,1.781826019,-3.20236063,-0.543362975,1.319770932,0.747290611,1.122462988,-0.790205061,-0.620767534,0.750766575,-0.345616877,-0.753322959,-4.025607586,0.379407048,-0.54056561,-1.660388231,2.606822252,-2.63392663,-1.113601446,0.696434677,0.871908844,0.686080217,0.740236223,1.488878727,2.010216475,-0.232518345,-0.607014537,-1.921578169,-0.39027667,0.115641683,-3.642624378,1.042289734,-0.211331725,-0.612830222,0.993804455,0.717493892,-0.401934713,-1.957257271,1.827045918,-0.412684441,1.566272974,1.418528199,1.857190847,1.630899072,2.165187359,-1.284830928,0.873053849,2.968744755,0.300960779,-2.193923235,0.409652352,1.062009573,-0.736735344,-0.28253758,-0.008319706,-1.400448084,1.084907532,-0.968030632,1.128655195,2.390014648,-1.76235652,0.12307509,-0.127175406,1.088539124,-0.019725731,-0.039088801,0.389101416,0.597300291,-0.50037992,-0.201030821,0.853808999,-0.424134165,-1.478715658,2.423041105,-0.957610846,-0.483425558,-0.377905101,0.356660515,-3.619870663,0.140592963,3.136370659,2.017479181,0.904226959,1.2545439,-0.97232312,-0.931809247,1.560052395,1.877675533,2.774953842,-2.679089785,1.077368021,0.865006447,-0.399469972,-1.928904057,0.202966824,-1.334917545,0.0894088,0.032801971,-1.596278191,0.948272109,0.717623711,1.670657635,-0.730268359,0.110011384,1.04527247,0.95457983,-0.123014346,-1.681496739,-1.729551911,1.13801825,0.519184828,0.723907113,-0.224352047,0.304234058,-0.264554501,0.48782438,-0.566589415,-1.066690922,0.181938693,1.388048768,0.625093818,0.206449568,0.433524072,0.344243556
-1.085775733,-0.864965737,0.412641853,-1.609433532,-1.163225889,-2.913962841,-0.628259659,1.873775601,1.830425978,0.182999283,-1.373826385,-1.376808286,0.22194393,-0.686076641,-1.18266058,-1.049606204,-2.124147892,0.961683214,-1.637599468,-1.148946524,2.632486105,1.372292399,1.200479746,-0.058128316,-0.01433038,0.92740494,0.632585049,2.779841661,0.938223004,1.018778086,-2.592400551,0.152082101,0.420058906,1.062260628,-0.525035322,0.876515388,-0.213114947,-0.151765287,-1.052622795,-2.11435914,0.21444796,0.418183774,0.612738848,1.045192242,1.037505865,0.659708261,0.648264349,-1.828575969,-1.376069546,-0.480935574,-0.707001925,-0.077704161,1.791721582,-0.848882437,1.783334732,-2.08427763,0.738186359,-0.552942216,-0.051847965,0.179011568,0.187728658,0.897048533,-0.267334431,-0.813885391,-1.471724868,1.232026696,-2.189631701,0.793109715,-0.42515555,-0.761482954,1.862133384,0.970488012,0.840286314,-1.003486156,1.671226859,-1.631901503,1.414544821,0.519022107,-0.581134558,-0.968029678,-0.467288703,-0.39401418,-2.296821356,-1.308424354,1.983056664,0.43332237,0.971759617,1.4522264,-2.510795355,0.000536138,-0.787997723,0.529709101,0.472477257,-0.327715367,0.868993402,-0.945322633,-0.464581668,-0.301618278,0.064725712,0.455049574,-0.386340916,0.192678511,0.625168264,1.346962214,1.235338807,2.368834734,0.720791698,-0.644122422,0.093091995,-1.219619274,-0.312791616,-1.956239581,-0.472198039,0.141851261,-0.132328689,-0.298974991,0.297527194,0.063003704,1.106150746,0.061347514,-1.140748262,-1.262413383,-0.636582434,0.933030069,-1.442803741,2.053966045,0.822930753,-1.849622965
-0.991625547,-1.910648346,0.811851025,-2.439256668,-2.228392601,-1.040077448,-1.081418395,1.282646179,2.347960711,-0.827795446,-0.063094914,-0.210756481,-0.902993739,0.101108387,-1.743150234,-0.08021155,-3.633984566,1.541690111,-1.879699469,-0.229838267,2.181445122,0.381816834,0.177235588,0.622602403,1.213701606,0.208886489,1.059418797,1.10783422,1.252455354,0.218319386,-1.51874733,0.126105204,1.39547348,1.08149755,-1.228722453,-0.146537811,0.432032496,0.16962558,-0.44511354,-1.651728153,-0.209389001,0.414187431,0.517905295,0.226753265,0.709199011,1.19637382,0.125162542,-1.618379235,-1.152906656,0.32001096,0.602392852,1.81198287,-0.333355069,-0.362641692,0.983387291,-2.908573151,-0.036346696,1.19301486,-1.071662426,-0.589101553,0.546360254,-0.37669915,0.983854353,1.025811672,-1.763539791,0.517516017,-0.399836242,1.857604742,-0.374144912,-0.237574548,1.961621404,2.049602509,1.99950695,0.635323763,0.964783788,-1.020157337,0.580309689,0.264211357,-0.289916843,0.747082055,-0.387657553,-0.233039722,-1.206092119,-2.257167339,1.732845187,1.149537086,1.834282041,0.127402127,-2.428563356,0.4112629,-0.065234326,1.030235529,0.501027584,-1.025692701,0.851299286,0.052444279,0.412611693,-0.751933396,0.59880811,-0.187885925,-0.358656526,0.890495777,0.428142726,0.339865386,0.356021881,1.246719003,-1.601446629,-0.598402023,0.233210564,-0.083497003,-0.794127643,-1.947081327,0.376883924,-0.236207187,-0.556884646,1.287921071,-1.279255271,2.228075027,0.236242682,0.71575129,-1.20623374,-1.481205702,0.466152549,0.496415913,-0.993893445,1.352449059,-0.230942309,-0.088092953
-0.056665629,2.197558403,-0.615990162,-1.640546918,-0.290249348,-0.344007432,0.253394037,1.689956546,-0.030671284,0.724357188,1.003801465,-1.460781455,0.06825456,-0.689533472,-0.933036447,-0.511933684,-1.522040963,0.947570622,-0.427308917,-0.311518669,0.415955544,0.503483057,0.385401517,-0.102510139,0.323483169,1.086057544,0.745905459,0.637606621,-0.011222728,-0.010515898,0.798145235,1.500136375,-0.88551873,-0.451357841,-1.930631995,2.100505114,0.65402472,0.925122619,0.28603062,-1.021394134,-0.223474711,-0.981851816,0.153131992,-0.760807037,0.638475001,0.362340569,-1.303804874,0.776635349,1.109976053,-0.464118004,-1.095992565,1.309685946,-1.700084925,-0.31811589,-0.859254599,0.194805935,-1.74307394,-0.18404679,-1.05200243,0.227299899,-0.078426525,0.19876565,1.058917522,0.781428456,-0.839234829,-0.209175259,0.121054694,-0.46930787,-1.065020084,1.025035977,0.862149835,0.476901174,-0.172357678,-1.836034536,0.603352785,-0.786652565,1.98726964,0.26067552,0.034125481,-2.179261684,2.131564617,1.653595686,-0.900808275,-0.331320018,0.629858434,0.479413241,0.184840426,1.885533333,0.278044075,-0.508965313,-0.405312657,-1.055080056,0.746005476,0.668599367,0.858706117,-1.268525124,-0.521623373,-2.097146273,-0.556890965,0.601289988,-0.026928276,-2.510121822,-0.068038084,-1.378590941,0.950109482,1.311470747,-0.451551795,-2.016736507,1.639741063,1.33429265,-0.279557854,0.155846745,-2.24462986,0.080810815,-1.67310679,-1.56878078,-0.128120542,-0.212567359,-0.399945557,0.823325396,-2.239527941,0.192170009,1.809740663,0.580437124,-0.402663499,-0.312248647,0.367670894,-0.169271067
0.074274406,1.80626297,-1.06637907,-1.58171308,-2.023022175,0.456607521,-0.924218297,3.804321051,2.793989658,-1.844306469,-3.059800625,-1.805435181,0.01710391,-1.038317323,-0.326422513,-1.074222445,-2.58423543,0.336313069,-1.50080657,0.076287374,0.12290509,-0.582264662,1.389642358,-0.80215174,-0.291716099,0.992563069,1.29718101,0.793694019,-0.956508756,-0.649292946,0.911105394,-0.792000711,-0.2381915,-0.11860694,-2.3726542,1.811132193,0.108083636,-0.710445464,-1.198279142,-2.121092081,0.806697965,-1.339363813,2.677482605,-0.616687298,-0.271336257,1.279343367,-1.26131916,0.029787943,1.235736132,-1.170928597,0.039702922,-0.326373905,-1.180912614,-2.399322987,-0.6147663,-0.036709547,-0.261398524,-1.542274475,0.409300208,0.765137255,0.708336651,1.368597865,1.235078096,0.63285017,-0.416413039,-0.619862318,0.673088849,-0.215902194,-0.716344118,0.957640588,-0.274879485,0.352212965,-0.476751775,-2.540745497,1.586827159,0.742529809,1.2231673,0.524837077,-0.755714118,-0.929758489,1.075096846,1.032492518,-1.812235355,-0.06656763,0.726435542,-0.792923987,1.396032095,3.479544401,-1.112626314,-2.582191944,-1.315517068,-0.383322746,-0.139965877,-1.036059856,1.225085616,-0.17461288,-0.732288957,-1.283800244,-0.393566251,0.111324415,-1.115100741,-2.577818871,-0.397447944,-1.211522341,1.453427196,3.253152609,-2.458559275,0.32382071,2.143624783,0.062914491,-0.117142603,-1.677866101,-1.330162764,1.150821328,1.803613544,-1.81724298,0.218671426,-0.627951682,1.487918615,-0.766920388,-1.289501786,-0.302948236,0.606127143,1.37446928,0.992900431,-0.181884199,0.530609071,0.412394971
0.422791183,-1.843577862,3.187422037,-0.506399035,-1.433173656,-3.063278437,1.738886714,0.088160545,1.840256214,1.252065539,0.72816664,1.80688405,-0.390766084,0.108008921,-0.092702284,-0.710340023,-2.096604824,0.264126956,1.389891386,-1.505514622,3.582319021,-0.44515112,0.477749944,-0.704256237,-0.032210104,-0.055803109,0.90732187,3.296328783,0.640217423,-0.251850814,-3.410812616,-1.168388128,1.58803463,0.862976789,-0.037029997,-0.58983779,-1.345070124,-0.314990282,-0.497611761,1.56936121,-2.012909174,1.150886297,-2.377244711,1.216316938,-0.720727444,0.843012214,1.65746069,-3.160233021,-1.998423576,0.778993845,-1.259082079,2.162580729,1.039600968,1.546469808,0.35136205,-2.727642298,1.161701083,0.890569687,-0.879042506,-0.06568335,-1.334689021,1.591905594,-1.35144496,0.863918304,-2.482329369,1.185550809,-2.281928778,0.711574435,-0.832612038,-0.207329631,2.455426693,2.445380688,1.73869586,1.764390469,0.701159716,-2.991771936,0.085615024,1.242825747,-0.382511437,0.044629678,-1.178521395,-3.579107046,-1.753245473,-0.194410115,0.364395857,1.719933033,-1.854394078,-0.556300759,-2.894330502,1.548815727,-1.051622987,-1.491484165,-0.638628006,-0.880486846,0.350725651,-0.943698287,1.820294142,1.23228097,-0.331484556,-0.215941131,-0.240954161,1.58567512,1.293454409,-0.650152922,-0.988501787,2.349883795,0.31674853,0.333758056,-1.106763601,-1.486908913,0.395692706,-2.091500282,0.981552482,-1.580742359,-0.370225728,0.873448551,-0.824384451,0.997625947,0.189188272,-0.795927763,-1.591448784,-1.84478128,0.472176671,1.37368989,-2.926525593,1.170451164,0.131929219,-1.851812482
-0.384994209,-2.794457436,0.778887391,0.220775932,-1.405411005,-0.94300139,0.174945652,0.051828623,3.482362747,0.373324871,1.082950592,0.782765388,1.54387641,0.257217497,-0.913147748,0.669914126,-3.182575226,-0.144172609,0.759684443,-0.731170595,0.87392807,-0.834940434,-1.576796293,0.58538878,0.639903903,-0.687068522,-0.255063951,0.006702281,0.785326481,0.150706455,-2.73853159,-0.022425704,-1.329231024,1.99415493,0.469551146,-0.92067194,-2.3843925,1.107730627,-0.235002756,0.238276243,0.056849785,1.264487624,-0.591396868,-0.568202257,0.859212518,-0.041129939,1.438165665,0.686345339,0.671459675,-1.226039648,0.882045805,0.47306034,2.470411539,0.374558151,-0.396131307,-0.292744756,1.054132462,1.167247057,1.53136003,-1.441682577,1.438689828,0.2937029,-0.738575101,1.947049737,-1.568251729,2.195094109,-1.238173246,0.393652201,-1.179010868,-0.310106158,0.785600185,1.397552252,1.213219881,0.425161362,-1.129540801,-2.99720192,-0.882118702,-0.077438071,-0.00629658,1.142412066,0.444506735,-0.090766624,-1.74755919,0.837557554,0.575896084,0.176134914,0.587688804,-1.794471025,0.363008022,1.74111712,-0.831342995,0.515584826,-0.845275819,-0.688611925,0.5974437,2.223809242,1.929542661,-0.202635005,1.118978977,0.55315572,0.499666393,5.003892899,0.254010856,0.843079805,-0.535306394,-0.112211779,-0.231888711,-0.035227701,-0.84454155,-0.50787127,0.328787506,0.726618052,1.62098372,0.614851058,-0.710232973,2.394809246,0.191377565,-0.057601288,0.710699677,0.5343256,-0.457957745,1.18555212,-1.054982781,-2.659784317,-0.469884902,1.283021331,0.173133582,-0.097624213
1.148801804,-2.8038342,1.465236545,1.212313652,-1.857120275,-0.393522978,1.965657234,-0.013679475,3.63403511,0.321063727,2.446828365,-0.426856905,1.557292461,-0.20909971,-0.959059238,1.825486302,-3.301017046,-0.145239606,2.007704258,-1.501645803,0.494373202,-3.398942232,-2.4488554,0.62284255,0.260973155,-0.734609842,0.641385972,1.410438776,0.757636309,-0.779223323,-3.175835609,0.088119581,-1.174992323,0.51995039,-0.189412028,-1.299938083,-2.435805559,1.939257383,1.306262016,1.680239558,-2.41047287,1.555437326,1.14459157,0.246290445,-1.235689759,0.572213411,1.025989532,-0.336704135,-0.190529138,-1.938634992,0.129374713,2.16838336,5.089285374,1.913153052,-1.790696263,0.041519418,0.202765703,2.866919756,0.089699954,-0.929166853,-0.963176787,0.963690877,-0.887159824,4.439650536,-1.374297857,2.705653906,-1.484947681,0.574714243,-1.432731628,0.27754122,1.192943811,3.210021019,0.989028752,1.56122601,-0.437603265,-2.902989626,-1.961806297,0.007709488,-1.124707937,1.399554372,-1.602658391,-0.508023024,-1.846191645,1.238296986,2.277961731,-1.010998011,1.73848629,-2.21752286,-1.58254528,0.918244064,-3.059461355,-1.737064838,-1.038457036,0.011383574,0.563213468,4.018260479,1.873416424,0.322224855,1.656411529,3.026473999,1.160032868,4.500112534,1.809870243,-1.54075551,-0.1283997,0.949901819,0.207942933,1.564618945,0.148086846,-1.710193396,0.236742616,1.023439527,2.378488779,-0.018363867,-0.147354931,2.837795973,1.226325035,-1.210326672,0.925330162,1.463703752,-0.527240098,0.918992579,0.080536142,-1.562910318,-2.559366941,-0.316984951,-0.250266641,1.383266091
0.424310446,0.896024644,-1.016827703,-1.799254417,-2.406225443,0.473021984,-0.059489332,0.599431455,1.284696817,-0.777825594,0.331519008,-1.218659997,-0.713995516,0.6477229,-0.607139051,-0.425822079,-2.886542797,0.067137554,-0.366567433,-1.91512394,1.583995104,-2.150380135,-0.435505956,0.220193937,0.643658757,0.820089161,1.372259378,0.974095106,0.149742633,0.174153298,-0.690987527,-1.342615604,-0.264812529,-0.218993798,-2.469750881,-0.272765726,-0.574593902,0.058768988,-0.204671681,0.858778119,-0.557847142,-1.36087358,2.062140703,0.027310103,-0.310718924,0.739124656,0.851980507,-0.29560703,1.016356945,-1.61833179,0.591083705,2.145283222,1.391622782,-1.311857581,1.036494851,-0.231901377,-0.429477096,-0.078245871,0.176937014,-0.62777704,-0.240682468,-0.728687227,0.673529267,1.094964981,-0.008141004,0.087156408,-0.026916102,1.334987044,0.615144491,-0.085179105,0.623325467,0.772093892,-0.319106668,0.223135054,0.539292336,-1.760514259,-0.804721236,0.528548121,-1.318396807,0.118851528,-0.385674447,0.405331105,-2.700312853,-0.556225896,2.305499554,1.182933569,1.350923419,0.289040327,-0.443803012,-1.302581787,0.737814307,1.842076778,2.112814426,-1.071208835,0.937609911,1.847553611,0.370575964,-0.61749804,1.321352959,-0.599738836,0.059228167,0.894105852,-0.112927742,0.142890573,0.199209318,0.584505141,-0.342657328,0.663752735,0.529500246,0.124168992,0.16009897,-0.973950505,0.055306345,1.17694664,0.679721713,0.833669662,0.704350471,0.094661221,0.097545952,0.53191334,-0.141464591,-1.330194831,0.483216107,0.046468824,-0.842445314,-0.241398662,0.436456442,1.12133038
-1.643807888,-0.958032548,1.038080335,-3.057118416,-0.846362174,-1.534709811,0.032533832,1.214332461,2.018314838,0.743655324,-1.094154835,-2.055832386,-0.440573156,-0.027576972,-1.073990226,-1.853140593,-4.651918888,-1.003720284,-0.703620851,-1.471097708,2.046126604,-0.121294782,0.252956778,1.079061627,1.86758399,0.509514868,1.294645905,2.26814723,1.68468976,0.178795785,-3.027112246,-1.101477027,0.342598796,0.997637033,-2.749151945,-0.125391841,-0.23108384,-0.506028354,-1.859830618,-0.203688979,-0.451085836,-0.397055149,-0.140535951,1.219174385,0.560219765,0.960848451,1.232649565,-0.839309037,-0.219952613,-0.688435256,0.641218126,1.639577389,1.424383521,-0.382471889,1.884423733,-2.080934525,-0.505685806,-0.804041922,0.926037431,-0.350545138,0.262213409,-0.919988692,0.860774755,0.234556034,-1.580643296,1.248201251,-0.947285235,1.080611467,0.567183673,-0.836937666,1.546973228,0.966324389,0.040641472,0.371718168,1.600346565,-1.847480536,-0.619896948,-0.087013692,-1.564531565,0.710342646,-1.001708508,0.710755944,-2.536915064,-1.955049396,2.454967022,0.609883964,0.879730582,1.114125609,-1.412580132,-0.875669181,1.137949347,2.420393705,1.233708858,-1.933479548,1.201476574,1.109043121,0.193902567,-0.256350309,1.447102308,-0.261436015,0.875954628,1.845004082,1.391573668,0.442914963,-1.151104331,0.322087169,-0.061910853,-0.004448295,0.541554928,-0.835628748,-0.712782204,-2.529582739,-0.438891262,-0.957000554,0.153608024,0.890792847,-0.652189851,0.61956656,-0.166415438,0.58775264,-1.623702645,-3.147964001,-0.43449682,1.129157066,-3.592909575,1.340148926,0.161180019,-0.507300258
0.131454274,-0.06251663,-0.512289762,-1.423802733,-0.554139078,-1.162709713,0.639820457,1.070764542,1.422818899,-0.911263585,1.245808601,-1.631009102,-0.73671788,0.437949091,-0.743059397,-1.117634177,-2.898776531,0.756165743,-0.662947237,-0.764433563,1.356635332,-0.607496083,-0.662529409,-0.309725791,0.347022027,0.783386469,1.732565403,1.273786783,-0.084410898,-0.610887408,-1.327152848,0.299984783,-0.46865657,0.510100663,-1.211659908,0.144251078,-0.404837638,1.378995895,-1.162780881,1.021395683,-0.967447996,0.010486078,1.03559804,0.570243657,-0.248471349,0.746572495,0.012611784,-1.184178948,0.527680337,-0.842573345,0.133544564,1.601387978,2.227490664,0.068114012,0.238805294,-0.934815347,-0.979513168,0.214073762,-0.694661021,0.54195261,-0.222428724,-0.298460245,0.221214369,0.524153471,0.194475144,0.539326012,-0.258847475,0.49554652,0.141472846,-0.773232877,1.059935093,1.778404474,0.672393322,-0.450419068,1.03379941,-2.229755163,-0.169626027,0.379654169,0.249189645,-0.109752849,-0.07067132,-0.040787429,-1.466083765,-0.436969846,1.806368947,1.629278421,0.900903225,-0.328309953,-0.860455275,-0.663318455,-0.22270602,0.794933796,0.789614737,-1.064249158,1.07761538,-0.21182853,0.055317104,-0.365229815,1.467491388,0.218918458,-0.338228583,-0.063677311,0.852621436,-0.222903818,0.033011287,0.48685503,0.212656021,0.361059189,0.901828289,-0.360894978,-0.012436479,-1.158404112,0.176453888,-0.016122799,-0.23239544,-0.024320772,0.242996588,-0.57701838,0.277091652,1.340782523,-0.730519056,-1.737998247,0.437518299,1.233830929,-2.338671923,0.104557313,0.382087111,0.295603514
-0.176742166,-2.458500385,0.725940347,-0.992960095,-0.686842203,-0.828219652,0.277892292,0.455971956,1.544915676,-1.718000174,-0.271172225,0.090642095,0.086066127,-0.688628495,-1.298006535,0.419798404,-3.160598278,2.029217243,-1.31799078,-1.557872653,1.094854355,1.774585962,0.335840642,0.839863122,0.443465889,0.517634749,1.493600488,0.836934686,1.983250976,-1.342629194,-1.787725329,-0.262568831,-0.354590625,1.674417377,1.264249682,0.476403981,1.321875572,0.402597606,-1.297950029,-1.348603129,-0.964574099,1.674284458,0.342643559,-0.008715034,-0.70903492,0.688608885,-1.204539061,-1.730633616,-1.3096416,0.471203685,-0.739248514,-0.180470824,0.881042063,0.520280421,-0.50904727,-1.554231405,-1.22293365,0.048440471,-0.875586867,0.236733913,0.498758435,0.348955512,-0.876799226,-0.3890526,-1.539201856,-0.305086434,-1.815824151,0.71045202,1.422645807,1.076466084,2.891481876,-0.286629438,1.837687969,0.247580707,0.779331565,-0.950999618,1.067566872,-0.107373893,-0.410402805,0.568240941,1.106566668,-1.038713932,-1.723068357,-0.880761862,1.509250641,0.908008754,-0.688828409,-0.849436164,-0.613103688,-0.502588332,0.082205243,-0.051149614,-0.045775995,-0.492039263,0.469908744,-0.861402631,0.592022657,-0.331914693,-0.111973062,0.494490981,-0.128528953,0.743149459,-0.238877326,1.285245895,1.091315985,-0.240534082,0.191648811,0.349498689,0.230788946,0.297872245,-1.505058765,-0.955581069,0.505240023,0.462318331,-0.123530455,1.360445261,0.602128446,2.63120079,-0.296154678,1.867506623,-0.081039913,-0.963194549,-0.212311059,-0.645985842,-0.932862639,0.269511431,-1.245054007,-0.300167203
-1.420581937,-0.746587932,1.290357828,-2.03249979,-0.877820075,-2.571142912,-2.420228958,0.394300908,1.501693964,1.721309781,0.634420633,1.086344957,-0.94082123,0.441751987,-0.788838267,-2.653279543,-3.183853626,0.133688793,-0.623054564,-1.085115433,2.001750231,-0.787103176,-1.89852953,0.550893247,0.523834348,1.248766422,3.874877691,2.583469152,2.550143242,0.761821866,-4.256730556,-2.985515833,-0.010044932,0.629915357,-4.686739922,1.627084732,1.08208251,-0.641005754,1.097215176,0.759969413,-2.033394575,0.031983491,-1.404568911,1.845141888,-0.016094401,1.888998985,0.633455217,-0.845690548,-0.436055303,0.062365405,-0.339146614,1.87377286,-0.426327944,-0.071749628,-1.882181168,-1.756474257,-0.768192351,0.060786791,-0.247950375,0.437295914,2.051970959,1.087112665,0.338659644,1.596655846,-1.886312962,1.076067567,-1.965163589,0.292513072,0.441262096,-1.54423511,2.883526802,0.817567289,0.975970566,1.414201617,-0.304904073,-0.234415203,-0.98918128,1.359250069,0.815205157,2.061363935,-0.467067808,0.508127928,-2.992448807,0.487478614,1.73820889,1.876164913,-0.861769497,-0.195853516,-0.152020723,1.860849857,1.004699469,-0.498577058,0.78166157,-4.513158321,1.138407946,-1.263870239,1.006935596,-1.043575883,0.492670417,-1.310052514,1.078917503,0.710196018,-0.92799598,-1.632893324,-0.959233522,-0.560794473,-0.789712548,0.320627511,2.07057476,2.569476128,-0.234024748,-2.646046877,-2.361876011,-3.4009974,-1.044216514,-1.001379967,-3.503671169,1.218695879,-1.917791963,-0.070705101,-4.512020111,-2.160530806,-0.810064435,1.771295786,-2.518794775,-0.660228074,-0.512692809,-0.458268493
-1.712587953,-1.126493216,2.413244963,-1.095219731,-0.711124957,-1.571655989,0.8181777,1.86507225,1.622724056,3.024382591,1.120612383,0.723503232,0.423386246,-0.25687325,0.016247496,-1.405985832,-1.601830721,-1.250289679,-0.150807649,-1.62836659,1.841082335,-1.802886724,-1.347893357,0.164828405,0.085244514,-0.407685369,1.200612664,1.278888106,0.968063354,0.6755054,-4.779163837,-0.563183606,0.369607806,0.665189207,-1.82652998,-0.558521628,-0.69184351,-0.654783547,-0.571269095,-0.343185604,-1.669036508,1.712473154,-2.339608431,2.428743839,-1.153727055,-1.202437043,0.930396974,-0.219524831,-0.026454195,0.456551045,0.486442506,2.259018898,1.964633465,0.831883311,-0.673301578,-0.961390674,-1.944272995,1.455431819,1.720728278,-1.225559354,1.009007931,0.212092936,0.657405674,1.034625292,-1.855143785,0.920698643,-1.819599628,0.401847661,-0.929808438,-1.299161077,0.008754909,1.792361736,0.302066743,2.536887169,-1.134192586,-0.869711578,-2.078428745,0.678904355,-0.863396704,1.394734383,0.294305682,0.406194657,-2.848316908,-0.678553939,0.686873436,1.147148132,2.314537764,-0.618846416,1.297569275,1.818152189,1.589966655,-0.316053927,-0.127938226,-2.129030704,1.645007253,1.431605101,1.012484431,-0.670387208,0.647778988,0.754864454,0.950329185,2.721775293,0.785339177,-1.150665045,0.054533541,-0.175905153,-0.386041492,-0.300555944,0.319012761,-0.136957198,-1.557172775,-1.317183256,0.101813853,-2.107823133,0.233979851,1.308192492,-1.596832871,1.55493629,-2.731690168,-0.787749529,-3.630921841,-0.424968302,-0.634263456,-0.59131366,-2.444858789,0.177102536,0.483340919,-1.172720075