-1.213323593,-0.780725181,-0.742733717,-2.517476559,0.316092551,-2.068904638,-2.067626715,0.645776868,0.233797595,-1.203307271,-1.088141918,0.037216574,-1.228669882,-0.284690499,-2.321860313,-2.60369277,-2.02518177,1.654834509,-0.409004062,-0.560013711,2.045760155,2.554017067,0.63348037,0.314818382,1.431498647,0.721790731,1.768377542,1.359920144,1.230018854,0.663350582,-0.678430617,-1.836285949,-1.181429386,1.302430511,-2.053635359,-0.971887946,-0.620471716,0.37919575,-1.825279474,0.364757448,0.05400081,-1.047867537,-0.07564424,0.192409575,0.450890064,1.398262262,-0.110317551,-1.851845026,-0.322360575,0.10053502,0.600645661,0.292183042,0.255079687,-0.629759729,2.386499166,-2.157121658,0.807425559,-1.592139125,1.189049959,0.07731314,0.717993557,-0.336553514,0.941271067,-1.357005358,-0.05591891,0.907721221,-0.726971626,-0.173970446,0.328794837,0.177566126,1.969328165,-0.417282283,1.183038235,0.470965981,1.768131733,-1.054429173,0.809928715,0.615594864,-0.340359777,-0.132941797,-0.658779144,-0.691936195,-1.109163046,-0.803515553,-0.400129199,1.146295786,-0.466901004,0.792059302,-2.709208727,-0.548448026,-0.568819821,1.755708933,0.014259592,-1.559088945,-0.104157217,-1.214542031,0.826350451,0.167631105,0.945400953,-3.185477257,-0.372947037,0.337096393,-0.164293915,0.493394613,-1.42532444,0.696302354,-0.708617032,-0.207866803,1.091088772,0.721303999,-0.845955968,-2.480308771,0.069021255,0.106346861,0.503426552,0.089599729,-0.95736438,0.592335939,0.514979362,0.238990888,0.616738081,-3.405434608,0.725740612,0.729301989,-1.656861782,1.933050275,0.340377688,-0.132254928
0.363734245,-0.184752285,-0.04473719,-1.553725839,-3.020518303,0.654365897,-0.574845135,2.230487108,3.82758522,-0.759678423,-0.937187076,-1.040614009,-0.228626192,0.683675349,-0.0006942,1.835740447,-5.267567158,-0.922373056,-1.443336248,-0.943243802,0.028614745,-3.238300323,-0.294417471,0.5088287,1.392835736,2.439409733,0.981037557,1.894522071,0.58702594,0.056936882,-0.988626003,-0.913692474,-0.765557945,0.579948008,-2.25902319,-0.439034671,0.34757635,-0.906995118,0.393228173,-1.03058672,-2.033564091,0.219568014,2.542361021,0.169312924,-0.198791608,0.976508379,0.793852031,1.194229126,-0.609094679,-3.185400009,-0.225976676,2.309556484,0.797705233,-1.290120363,-1.505715489,-1.617123604,-0.287542403,-0.057598725,-0.10506925,-0.58476609,-0.039297298,-0.382998765,0.561680436,2.598273516,-1.095981002,1.572128296,-1.650067329,1.390830517,0.175387278,0.213364556,0.801543236,0.555022359,0.282753319,-0.111604452,1.118015528,-1.063141108,-0.916319609,0.220872745,-1.195292473,0.905212462,-1.091741085,2.434214354,-2.639405727,-0.181844443,4.077405453,0.612349987,2.20657897,-0.64472121,-0.018954705,-1.212101102,0.74707377,-0.641438067,1.629229903,-1.357476354,0.288513392,0.448152632,0.580987096,-0.92206502,1.358840227,1.331026316,0.540808678,0.600593626,-0.238076478,0.080861837,-0.575251997,1.084441543,-0.732794523,1.001276374,1.529437542,1.36634469,-0.576776087,-0.324320972,-0.601428866,-0.539423287,-0.243699908,1.263543248,-0.156011686,0.212371856,1.011277199,0.501327276,-0.71101886,0.307359815,-0.364833415,-0.843676567,-1.766869783,-0.765722454,0.05983761,-0.419201463
0.114021167,1.607837439,-2.261381865,-3.240379572,-0.306436598,-0.444826126,1.230768085,2.284107208,1.603200793,-0.346949428,-0.798768103,-3.404191256,-0.974235594,-0.491378427,-0.244437113,0.119562209,-0.751408994,1.820980787,-0.902873635,-0.777063847,2.15983057,-2.119010687,0.116395324,1.498813748,1.677620411,0.155804366,3.807138681,1.712346315,-2.442281246,0.469163537,0.582421184,-0.682461858,-1.277542949,-0.940121889,-2.449656725,-2.134717464,0.805863619,0.541598856,-0.406558275,-0.602603734,-1.084263086,-1.015910506,1.57192874,-1.045359135,-1.069149613,0.756902814,0.125673503,-1.362786412,0.911979854,-1.786468387,-1.098774672,2.992183208,-0.980171323,-0.327088654,0.728681803,-1.244842529,-0.049181111,-0.708525538,-2.452770472,0.849507093,-0.941071689,1.616054654,1.52828753,0.256218016,1.416753173,-0.115765177,-0.813663244,1.157935381,1.164793015,-0.437671363,0.594980419,1.22316432,-0.177861601,-2.624022245,1.633823633,-0.487134993,0.96293664,-0.935901403,-1.709501505,-1.160407543,-0.017188996,0.393467337,-0.68548733,0.024678528,2.290899754,-0.644850552,1.518707871,-0.932283461,-2.916240454,-2.361136675,-1.87157464,-1.530225396,1.29178226,0.302941173,0.277492821,-1.306054115,-0.882009089,-0.365486592,1.03005302,0.098453104,0.350426257,-2.308424234,0.153231859,-1.956170082,1.155367255,1.55273509,-0.433611304,0.601298749,2.3334198,-0.173863649,-0.827543676,-1.736789227,0.144379348,-1.479260564,-0.022597708,-0.236883461,-0.824326098,-0.252295554,1.453939915,0.547814548,-1.484482765,0.525316715,0.197683409,0.261324704,-0.156604812,-1.84868443,-0.623425663,1.772449374
-0.140596226,-1.607446194,1.705750346,-2.022825003,-2.757110357,-1.954390645,-1.504255414,0.562114716,1.641608477,1.002762079,-0.049506515,-0.643668115,0.802434325,0.5766325,-1.039789796,-0.819713235,-3.77943182,-0.279637486,-0.949376106,-1.794103742,2.539870977,-1.953856945,-1.411241055,0.26152119,0.366516292,1.41400373,1.216459632,2.122636557,1.117442846,1.733989477,-3.34960866,-0.774553895,0.512069941,1.062103271,-2.807868242,-0.137750775,-0.089690343,-0.657860696,-0.466107368,-0.479226321,-0.851101875,0.299565911,-0.387373745,0.987315714,0.094373047,1.716764212,1.369285583,-0.118800879,-0.753590107,-1.763763189,0.113373905,2.074373007,0.7730515,-1.399309993,0.580126107,-1.52650094,0.469346434,-1.384001851,0.720837593,-0.980887592,1.671950102,1.646655083,0.290328026,1.452211142,-2.294946671,0.256708652,-2.047398567,1.549161315,-0.699260294,-0.304297417,2.31770134,1.726448774,1.961381912,1.05281651,1.063714981,-0.682297289,-0.927534461,1.103010893,0.517170668,0.194634959,-1.610181332,0.026810199,-1.643814564,0.19808273,2.131263018,0.53933382,0.302528054,-0.070624441,-1.35359025,0.931268275,0.446830273,-0.597968102,0.65045768,-1.553486705,0.468049079,0.920667529,1.433621883,-1.290332794,1.894546509,-0.34136951,-0.50431335,0.695671499,0.914987504,-0.888744771,-0.554722011,0.674231231,0.068778962,0.636055171,0.692657351,0.758076727,-0.099496633,-1.979266286,0.150696635,-0.409963667,0.540775061,-0.715620577,-1.85071063,0.119465798,0.268337876,-0.623945594,-2.656909704,-1.013578534,-0.541784704,0.251201332,-1.181318164,-0.136378735,-0.367366791,0.296685487
-0.49383986,0.224482059,0.104250684,-1.605830312,-1.381117344,-1.415228844,-0.976732016,1.308358312,0.730256021,0.69297415,0.214787036,-1.521251202,-0.09763819,0.336791039,-1.466675282,-0.999192476,-2.849694729,0.005451411,-0.595160723,-0.873098969,1.690382123,-1.454870462,-0.126236483,-0.051816609,0.638600826,1.0588907,0.25656414,0.718673766,0.424516231,1.340299487,-1.451687932,-0.678880811,-0.283159405,1.077355981,-2.512778759,0.087744951,0.384382427,-0.74291712,-0.448252201,-0.062432788,-0.989763498,-0.544893622,0.518516183,-0.038073719,0.460986853,0.528344512,0.905061424,-0.148441106,-0.44621855,-1.596048236,0.886355698,1.933916688,0.649312198,-1.114841223,1.479436994,-0.772183418,0.265454859,-0.562829673,-0.258085221,-0.337149858,0.133692071,0.373624086,1.266340613,0.162956417,-1.400015593,0.77488935,-1.648711681,0.954843819,-0.047149412,-1.030697703,2.135808229,1.218781471,0.605338752,-0.226418585,1.082928777,-0.43506363,0.299937785,1.138750792,0.414891183,-0.464130461,-0.341092914,0.315410584,-1.335777044,0.032240555,2.409871101,0.714086294,1.753533483,-0.025368437,-0.349323541,-0.157054991,0.673628986,0.753049493,0.885344386,-0.722833931,0.291106343,0.748265445,-0.2106359,-1.495603204,1.682564139,-0.90962404,-0.849162698,0.830387592,0.4308514,0.682498932,-0.128532752,0.439735711,0.021796405,0.190471128,1.094853401,0.173505723,-1.235964298,-0.895504415,-0.347517788,0.391892493,0.522000909,-0.930732131,-0.642233431,0.278857797,0.3915793,0.619863391,-2.117991447,-0.134759888,-0.786318183,-0.030207798,-0.818149567,0.40771538,1.005686045,0.54296416
-1.708341122,-0.868306577,0.079051018,-3.695981741,-0.729562819,-3.605145693,-1.325469255,-0.286283165,0.565724015,-0.425535321,-0.302349001,-1.366935134,-1.469798803,1.43186152,-1.23242867,-2.620073557,-4.172959805,0.026053831,-1.602885485,-2.325587273,2.634214401,0.507233262,0.363479942,0.66858238,0.53945601,1.27238214,2.36193943,2.111732006,1.141482472,0.929546833,-3.775264978,-1.434372425,0.003646404,0.885338306,-2.576211452,0.625104249,-0.113770008,-0.790956676,-0.766007721,0.5788095,-0.579125881,0.358787984,-1.158842087,0.391127944,0.195112765,1.84639132,0.476869881,-2.912264824,-0.968696892,0.217314601,-0.041505665,0.2417593,0.185468331,0.822244763,1.017148733,-2.017789125,0.552395463,-0.403520942,-0.987043977,0.084807783,0.217593297,0.809217691,-0.87919867,-0.31821844,-0.397003353,0.73805511,-1.275549412,-0.188855544,0.341487795,-0.052253589,2.390650988,1.835030556,0.322796822,-0.051884532,1.833401322,-2.131826401,-0.831918716,1.611350775,1.327626228,1.019980192,-0.722205281,-0.648944139,-1.331848621,-0.312955648,2.095014572,1.319720864,0.413178444,-1.031014919,-2.008727074,-0.723486364,1.104961753,1.661862373,2.330697775,-3.248705626,1.57594502,-1.62957561,-0.370494634,-0.827395499,2.10393095,-1.291837215,-1.411476135,0.204526767,0.712547898,0.505616069,-0.420450509,-0.244937196,-0.077287123,0.288167059,1.906508803,0.512127459,-1.310256481,-2.314622879,-1.121059656,-0.566684663,-0.071511693,0.721409082,-1.100261331,1.610908151,0.086087078,1.894087434,-1.340120912,-2.479798555,-2.751822948,1.33461833,-2.421947479,-0.018559523,0.663804412,0.38886109
-1.288692236,-2.080173016,1.108243823,-3.164081335,-1.553642273,-2.413790226,-0.774276555,1.047530055,2.028828144,-0.041897915,-1.126767516,-1.269238472,0.616333365,0.61067915,-1.133679032,-1.205315232,-3.754953146,-0.085804552,-1.796379566,-1.315235257,2.794525146,1.332616568,0.707667768,1.322974801,1.640366197,1.208085299,0.547193229,2.425415993,1.448323369,0.12327987,-3.604917288,0.211018786,-0.124205217,1.821116805,-0.623155534,-0.213344038,-0.195382446,-0.627709389,-1.223900676,-0.601391733,-0.172254398,1.264415503,-0.647573054,0.632077098,1.06771934,1.045154452,0.977436721,-1.102664113,-0.452628076,-0.338743806,0.459025741,0.10876143,0.644124091,0.316465974,1.997866392,-1.637307167,1.596622944,-0.156233504,0.564883709,-0.759548306,0.813581049,-0.455264151,-0.222286493,-0.405461401,-2.304475546,1.508595109,-1.690097094,0.549560606,-0.150123402,-0.482052445,2.394964457,1.112289429,1.307240725,0.608032227,1.090755463,-2.196845293,-0.377728105,0.719987154,-0.632145524,0.218421981,0.20452334,0.396423131,-1.895969629,-1.529632688,1.878305078,0.09220992,0.89585489,0.211341202,-1.52083683,0.183563545,0.698603511,1.651328683,1.316548586,-2.010469913,1.221933365,0.293545127,0.856720507,-1.103551388,1.62681067,-0.00317128,-0.365513802,2.030589342,1.246810317,0.849588156,-1.07756722,0.345604956,-0.178543657,-0.882522106,-0.538483739,-0.654829025,-0.129810795,-1.295555472,-1.061734796,-1.240070224,0.002267927,1.528172374,-0.304160237,1.531291723,-0.128356695,0.452748179,-0.839048743,-1.51818347,-0.547178328,0.231245533,-2.172992229,1.687927604,0.360061049,-0.130938947
-0.709597707,-1.605307341,0.636147022,-2.823285341,-2.236130714,-3.588346243,-0.856826007,0.562320828,1.498070121,-0.161700249,-0.71721679,-1.323732376,0.287071615,0.859020293,-0.272501647,-0.884153247,-3.665751934,-0.138681337,-1.700964212,-1.742580771,2.943321228,-0.317117035,0.09114708,0.511780143,0.324351221,2.056070089,1.289601684,2.357803106,0.466258317,1.951575518,-3.007017612,-0.813989162,0.601901054,2.096895933,-0.523051739,0.387058258,-0.507816315,-0.802864969,-1.476248264,-0.293913096,-1.118065476,0.322168648,-1.08237505,0.850230634,1.021199942,1.433226705,1.126863003,-1.866885066,-0.94306308,-0.735994637,0.054801762,0.486169279,-0.235912606,-0.192716509,1.560420275,-2.997211933,0.89772433,-1.28136909,0.532490909,-0.601571679,0.564890444,1.225412488,-0.409102082,-0.171984673,-1.798178434,1.403325796,-3.071270466,1.036382556,0.74238503,-0.857636154,2.12053299,1.270473242,1.779441595,0.382749677,2.213829756,-2.643585205,-0.655007362,1.513287663,1.071030259,-0.194906935,-0.266160935,-0.273084164,-1.102827907,-0.359439164,2.183288813,1.334666967,0.578393042,-0.727232575,-1.855788946,0.081169017,1.129217625,0.971021712,0.578179836,-1.798398852,0.064044319,-0.251008302,1.065194964,-0.939222157,2.313781738,-1.439696908,-1.286670208,0.969389498,1.224631667,1.234175205,-1.084858179,0.754080772,0.280887574,0.392404675,-0.221839413,0.140293658,-0.613426924,-2.196812868,-0.378888458,-0.099327892,0.600289941,0.225745633,-1.338750362,1.193353772,0.184765607,0.03906323,-0.86532563,-0.796779335,-0.901255786,0.86154753,-1.343049884,0.884195864,0.610990584,0.05472054
-0.687024832,-1.216183424,1.265352368,-2.572302103,-1.698274136,-2.244346142,-1.635122538,1.173646331,2.416486502,0.458557099,0.594298184,-1.019495726,0.122011185,1.475057006,-1.214901686,-1.191052437,-4.370806217,-0.596962214,-0.916953087,-1.475391507,1.974304438,-2.86088562,-1.632735133,-0.299442708,0.016018018,0.829557598,1.875033259,1.19034946,0.82349503,1.889035583,-3.959352732,-1.930291414,-1.182722807,2.140251398,-3.48127389,-0.246753931,-1.279825926,-0.429836214,0.115173332,0.62793833,-1.584472895,0.052922737,-0.460820496,0.632551789,-0.907131732,1.206874013,1.871975422,-1.000828862,-0.623066366,-2.418776512,0.907556117,3.394693375,1.949417949,-0.396708786,-0.117640249,-0.364275157,-0.478143543,-0.817256749,1.031894565,-1.100311756,1.318341494,0.858153164,0.530534863,1.363058686,-1.361813903,2.208176374,-1.755313873,0.389698803,-1.256162763,-0.371726215,2.653385401,1.366545916,1.341466427,1.758136511,1.238108873,-0.873488307,-2.279109478,1.339745045,1.28947866,2.188581467,-1.802766562,0.517962813,-2.324598551,0.920132399,2.161453247,1.053984404,1.51958704,-0.98336339,0.224480197,0.491277307,1.185230136,1.143401504,0.481121957,-1.884552479,0.257470548,1.484068751,1.007290602,-2.102720737,2.571968794,-1.413314581,-0.579992354,2.112336159,0.19994396,0.114225745,-0.272213221,-1.98982656,0.653428793,0.395718396,1.191330671,1.47394371,-0.716379106,-2.130063057,0.721386671,0.596822441,1.024504185,-0.324179024,-0.501450896,-0.761790216,-0.526029706,-0.144029662,-3.003651381,-0.668051302,-2.090680122,-0.775898218,-2.505051851,-1.423634887,0.063269332,0.385986269
-0.296204329,-1.66120553,1.10704124,-2.268953562,-1.737928152,-2.750436068,-0.654753566,0.623620987,1.067912459,1.159946918,0.992606878,-0.607281983,0.252200097,1.107704043,-1.841610789,-0.936651826,-4.708985806,-0.543338299,-0.719643176,-2.03722477,1.81883359,-1.03890121,-0.725372314,0.515675128,0.349590302,1.042727828,1.859921932,1.079049945,1.515499353,0.518784642,-4.245415211,0.092921987,-0.222142696,1.550806999,-2.666734934,0.128040805,-0.337349236,-0.883937895,-0.534705102,-0.599122167,-1.387185693,1.089830637,-0.626709402,0.852469862,-0.751221001,0.535516083,1.642705441,-0.747184038,-1.027093172,-1.26503098,0.171967924,0.924461126,2.453526974,0.501290321,1.268785834,-1.139610052,-0.446770281,0.114757173,1.323380947,-0.858004749,0.605331838,0.277450293,0.290653914,1.34655714,-2.063376427,1.06237936,-2.275254726,0.846427143,-0.510363579,-1.163639426,2.797551394,2.551318645,0.816938281,1.217585802,0.337582916,-1.754106045,-0.94539535,1.244881868,0.857133031,1.436523318,-1.661082029,0.578294396,-2.455272436,-0.725072861,2.370542049,0.829951882,1.839914799,-0.716703832,-0.346198142,0.735027254,0.746453166,1.120173216,0.908585072,-1.394201994,0.453097373,1.070158839,1.150339127,-1.229332924,2.524718761,0.811536491,-0.430705667,2.435696602,1.042108059,0.411713362,-0.758777261,-1.017020702,-0.76403594,0.843065262,0.497040749,-0.422575831,-0.17930457,-1.282720804,-0.21202594,-0.005367044,-0.076733656,0.562272191,-1.340625882,0.642170906,0.148468912,0.905955791,-1.838740826,-0.696586847,-0.86732918,-0.076748699,-2.732433081,0.132099867,-0.268799514,0.4421359
0.71717608,0.297098517,-1.293918967,-1.797254205,-1.583808661,-0.863864779,-1.147761822,2.054847956,0.588610351,-0.130163252,-0.99838984,-2.628329754,-0.965241849,0.411740065,-2.183649063,1.211813569,-2.104814291,0.642319143,-1.811731339,-0.681483269,0.919214487,-2.697080374,1.359197497,-1.47909534,0.246453553,0.397188783,-0.681060016,0.391882062,-1.536510706,1.641401649,-0.871786892,1.097059727,-1.728340387,0.687056482,-2.218061209,1.29791069,-0.954260707,-0.03442958,-0.468761384,-1.616726637,-0.498490125,-1.378087282,1.901865959,-1.17284894,-0.074742466,1.164869308,0.179715544,-1.382116318,-0.200949609,-2.498008251,-0.217229024,2.002983332,-0.607948482,-2.371327162,1.510409951,-0.445984781,1.045210719,-1.671611667,-1.351404667,-0.145530194,0.31910634,1.152219415,0.864710331,-0.83013773,-0.946662664,1.207942843,-0.60215205,1.188299894,-1.034649611,-0.251996398,2.070122957,1.607183695,1.061097622,-2.237209797,2.162300825,-0.384965181,1.048437357,2.451270819,0.478978544,-0.076987982,0.188140422,0.275581867,0.478269517,0.2839306,2.765976429,0.274227589,1.675145388,1.499127388,-2.251383543,-1.32850492,-0.123221688,0.402349025,0.305665225,0.155672729,0.226813883,-0.117736816,-1.051970363,-1.324423313,2.297888279,-1.054026127,-2.419224977,-0.598845303,1.328124404,0.796301484,1.31954217,0.686812878,0.170337349,0.187724695,2.534637451,0.353395998,-0.257685035,-0.395772457,0.746515155,1.634369493,1.165917635,-2.18217063,-1.324020267,-0.146519408,1.104139209,-0.145582169,-0.898722947,1.246273875,-0.815212607,-0.137417614,1.126737475,-0.306105345,0.658491969,0.73974961
-0.797433853,-1.746413708,2.14193821,-2.416150093,-1.851321936,-2.809232473,-0.907238424,2.312972069,2.528493166,1.132809997,0.19488509,-0.633802891,0.937342227,1.155486584,-0.960037827,-0.683492899,-4.953166485,-1.543025255,-1.039444685,-1.743225813,1.586369157,-2.559099197,-1.37199235,0.138038978,-0.58046186,0.965156794,2.17535305,1.758439898,1.049998164,1.288273215,-5.520826817,-1.330603838,-1.278753638,2.488262892,-2.724650383,-0.501248598,-1.377411485,-1.051964521,0.586806357,-0.66493392,-1.765824914,1.455224276,-0.008594096,0.802048206,-1.343191385,0.359189123,1.489035368,-0.781956077,-1.108531952,-2.014831066,-0.058372833,2.134914875,2.395611525,0.830273569,-0.6691131,-0.825673103,0.075359933,0.496955335,1.526854157,-0.464665681,2.697191477,0.828727424,-0.00308238,1.667217493,-2.667803526,2.502945662,-3.467272043,0.472608745,-1.706150651,-0.809789956,3.237930536,1.578885078,0.969712555,1.660611272,0.88034308,-0.54150629,-2.264897108,1.453532577,1.31860733,3.708977699,-1.745726585,1.885996461,-2.029955387,0.89506948,2.754034996,0.221195668,2.19168067,-0.943006933,-0.451539099,1.062213421,1.317698002,0.502246976,-0.052651212,-2.66375351,0.332906991,0.914552152,1.626044154,-1.40247488,2.565211773,0.232809111,-1.160202503,3.589159012,0.067736261,-1.156822562,-1.205092072,-1.978199363,0.431033999,0.803510785,1.895315289,0.711347878,-1.225298047,-1.976063132,-0.371920556,-0.623109519,1.31329596,0.230009243,-1.072689414,-0.347107947,-0.515074134,0.210774735,-3.113235474,-0.20842807,-1.887272716,-1.04616642,-2.464146852,-1.121214986,0.515382648,0.635203004
0.17338635,-1.139751196,0.295740485,-0.594400287,-1.679674864,-1.195357919,-1.245010138,2.777534485,2.242357254,-1.109069705,-0.396935165,-1.301675081,-0.550169885,-0.064577579,-1.585103631,0.616968989,-1.605260253,0.136044443,-1.967510223,-0.493789971,0.591220498,-1.722843409,1.43148756,-1.581491351,-0.694341362,0.77251327,0.401183456,0.134591579,-1.023466229,0.141744733,-1.289029479,-0.545119703,-1.13838315,0.898270428,-1.049462199,0.29068315,-0.967464685,-0.870207131,0.015767306,-2.234758139,-1.083127379,0.374120653,2.128484964,0.690101385,-1.387535691,0.543980718,0.498653948,-0.830583692,-0.467302024,-1.015262485,-0.228910476,0.432178736,-0.331213474,-1.570822477,-0.233944476,0.465558082,0.714373589,-0.265886813,-0.694920421,-0.402768165,1.64488399,1.308257222,0.737582505,-0.278340012,-1.541216373,1.763326049,-0.282746911,1.445258021,-0.729030848,-0.796217144,1.87951839,2.196248055,1.287907362,-0.383319795,0.341207564,1.373889685,0.295455217,2.419565439,0.680840194,0.343745649,0.957360029,0.697588921,-1.136511207,-0.265303522,2.894289017,-0.984246433,2.857533216,0.328003854,-2.715465546,0.308239877,-0.206032664,-0.777808487,0.644754946,-0.022450645,-0.235084116,0.458528489,-0.05709359,-1.287239432,1.241433859,0.120583817,-1.227883339,0.543008626,0.027915813,-1.373916864,0.947254777,1.710986137,-0.907837391,0.528890133,2.406348705,-0.102136992,-1.273311615,-0.175660595,0.985487223,0.967333019,0.899009824,-0.626689196,-1.646383286,0.238407195,0.259490073,-0.270789385,-1.982529998,1.338454366,0.002900109,-0.171126381,0.944958091,1.348116279,-0.480397105,0.105163142
0.002213821,-0.869296134,1.700873137,-2.930974483,-2.210243702,-0.569241107,-2.075488806,1.927583337,1.540103078,-0.833549201,-1.274098277,-0.860937297,0.619635582,0.9064098,-1.276479244,0.543105483,-2.534030914,0.340624213,-2.128525019,-0.580551445,2.934235334,-0.372311085,1.559889913,0.733527243,-0.110964201,1.014995456,-0.497072071,1.387104392,-0.15961802,0.891993165,-0.210877031,-0.731900454,-0.471622288,1.292646885,-0.491226017,-1.598449945,-0.399713844,-1.129163027,-1.052351713,-1.306104422,0.375295788,1.287765145,1.724318981,-0.34927702,1.97644794,0.434997648,1.488065958,-0.824292481,-0.51283437,-1.168004394,0.163240641,0.790397882,-1.136894226,-1.301584363,2.247740746,-1.696491003,2.046626568,-1.653216958,0.345694304,-0.710295498,1.387420177,-0.534042954,1.062984228,-1.132611513,-1.610405922,1.490532041,-0.750573874,1.134331942,-1.27431047,-0.0966691,2.750003338,0.374003112,1.193761826,-0.814199567,1.296485186,-0.522601843,0.863027632,1.578001738,0.049340572,-0.413827598,-0.63193512,0.421644241,-0.84106487,-1.075401425,1.834741473,-0.07996577,1.013749361,0.082798421,-3.2850945,-0.415283829,-0.134096384,0.464260787,1.395901918,-0.500086486,-0.114001431,-0.127799898,0.168211877,-0.995671272,1.34997499,-1.110272169,-1.987632871,0.64977634,0.382635534,-0.032216236,0.109996542,1.878375769,-0.452617139,-0.902773738,0.349428624,0.071950674,-0.949697435,-1.651159167,-0.399205059,-0.100055695,0.4844459,0.420508087,-1.874954462,0.345923215,1.142755628,-0.125230446,-0.154706091,-0.037842199,-0.442037463,-0.013555899,0.894312143,1.861700654,0.459733367,0.082167417
-1.564883351,-1.379251719,0.732237935,-2.361982107,-0.936760962,-3.170939684,-1.769369364,-0.251644582,1.346458316,0.688292503,0.492598891,-0.829838932,-1.593869686,0.374121368,-1.109638214,-2.854121685,-4.469892025,0.111731216,0.589224637,-1.75877285,3.002889395,-0.228036046,-2.488150835,1.528306007,1.187945366,0.666810572,3.292500734,1.440470338,2.589618921,1.140325785,-3.604607344,-2.307065964,-0.897241235,1.515108943,-2.226637125,-0.415525049,-1.537588835,-1.070208073,-0.855203092,1.001087666,-2.034710169,-0.414533198,-1.297192097,1.71716404,-1.964535356,1.980208516,0.758651614,-1.522902608,-0.645063162,-1.576239586,1.197258711,3.139669895,1.837936759,-0.938914955,-0.996546626,-2.270261049,0.125740021,0.009582864,1.517505169,-0.244946137,0.7908867,0.616954446,0.241028324,1.097931147,-0.726890683,1.006044507,-1.586397409,0.265501559,0.712478399,-1.180555105,1.881403804,1.441628933,1.614367485,3.467716932,2.025468111,-1.607692719,-1.204496503,0.893199921,0.665966332,2.225237846,-1.30294311,-1.186091423,-2.413828373,0.319415897,1.10152638,2.233814001,-0.013143077,-1.582864165,-1.109034181,0.969167054,1.125750542,2.081371307,0.227751791,-3.553058147,0.981933475,0.52910912,1.672768593,-2.404486418,1.199788094,-2.715390682,-0.127501771,1.628408194,-0.968824923,0.734780312,-0.890715122,-1.080437422,0.278960735,0.619184136,1.896510482,0.338774562,-1.165728688,-2.438802004,-0.16297546,-0.670172632,0.700558305,1.672825098,-1.323941469,0.290959865,-2.215369463,0.270253479,-1.512157559,-3.636363268,-1.052043915,-0.352194071,-3.793368578,-0.154441804,0.358942986,0.007785682
-0.093611941,0.311022997,0.98186481,-1.257851124,-2.231055021,-0.644482851,-1.327319026,1.072712302,1.318748355,1.608433962,1.163089752,-1.559355259,0.088861793,-0.238773108,-0.340092421,-0.812525868,-3.757816792,-0.976959825,-0.19901827,-1.633231759,1.127178907,-2.058843851,-2.05588007,0.463935226,0.113563038,1.832858443,0.477270544,1.441608548,1.145985723,0.829175234,-2.308768511,-1.543125391,-0.386110485,0.666646838,-2.875485897,0.050921574,0.396608949,-0.43400526,-0.337375104,0.12497855,-1.651259661,0.339437038,0.657565892,0.941269636,0.319910407,0.264042795,1.746526241,0.929976702,-0.028145462,-1.907819629,0.501008213,1.759534121,2.392155647,-0.350128055,0.484404683,-0.639981151,-0.419278294,-0.152983099,1.367685676,-1.082494855,-0.184462294,-0.237285957,1.636265993,1.160926223,-1.869499683,0.612558603,-1.769578457,0.577326238,-0.157322168,-1.116036415,1.009949327,1.694075346,-0.003734738,1.378119588,0.470130622,-0.656885624,-0.717458129,1.015718818,-0.098914661,0.70723474,-1.032672524,0.02758345,-3.122130156,0.885873556,2.547218323,0.989031494,1.465968966,-0.188642219,0.648972869,-0.342920631,0.843259692,0.933481336,1.142180324,-1.620690703,0.610008717,2.251426458,0.704718411,-1.472779989,1.252587438,-0.175104946,0.190008417,1.412294507,0.359559476,0.73863399,-0.445305884,0.256119132,-0.527244687,0.975379705,1.162973762,-0.145457789,-0.731837928,-1.043265104,-0.107999802,0.012355905,0.57231319,1.267249346,-0.099684983,-0.307776242,0.12925908,-0.541772127,-1.887728333,-0.100717202,-0.251541197,0.289755762,-1.723295093,0.270415902,0.764235795,0.131346494
-0.868898928,-1.076434612,-0.162613839,-3.263715506,-1.218080521,-2.06293416,-0.204336047,1.164628267,1.410789609,0.345655948,-0.414387882,-0.110490724,0.2097857,0.822062969,-2.336611271,-1.129239202,-4.55512619,0.261236876,-2.319936514,-0.533418596,0.693976223,0.902659178,2.040221691,0.679778218,0.132761925,1.854120255,0.328899294,0.400908142,1.434302688,0.022390604,-2.620755672,-0.073873132,-0.292951524,1.867346168,0.185181364,1.63693893,1.01297617,-1.784759521,0.055561371,-1.462137341,-1.617692232,0.838696957,-0.544305146,-0.537031412,-0.025905564,-0.013870254,0.922242343,-0.674303234,-2.507418633,-0.345661402,-0.359652221,-0.714350581,0.418040395,0.425726742,1.372976303,-1.091896772,-0.525116444,-1.509745955,0.345820636,-1.261895299,0.230518356,0.695012629,0.443671525,-0.698769629,-1.492686868,0.731640816,-2.379185438,1.322078705,-0.157438442,-0.136203825,3.400536299,0.867948472,0.769140959,-1.234905124,1.480348229,-1.538129568,0.56293422,0.473889321,1.294864297,-0.567456722,-0.733525872,0.601204634,-0.904699087,-0.305106848,2.86572361,0.228302211,0.787757456,0.415468127,-1.578688264,0.91461432,1.219760656,0.603972614,-0.405506432,-0.677814782,-0.383206993,-0.889215231,-0.539893389,-1.714891553,1.94827354,0.159897014,-0.951046109,1.242155433,-0.071038909,1.153918982,-0.014881626,-0.185111389,0.223746151,-0.14829284,0.554960668,-0.250618339,-0.06505394,-1.955534458,-1.35283792,0.603782713,0.368270099,-0.287683994,-0.915041745,0.397096932,-0.169666722,1.474914193,-0.927206218,0.041432209,-1.322900653,1.0622015,-1.746409416,1.178465128,-0.250609815,-0.786493957
-1.780378222,-1.016482353,-0.200903475,-2.789251328,0.337535143,-3.464967251,-0.474570692,-0.036720872,0.537774146,0.026673578,0.496884406,0.534203649,-2.173813581,-0.233645558,-1.561194897,-2.928929806,-1.734222531,0.984628856,-0.639560938,-0.028258994,2.287775517,1.770603657,-0.519277751,0.455791622,1.150688887,1.082098484,2.906006336,1.17456007,0.703680277,0.533662677,-2.095689058,-1.633565187,0.282016575,0.949484885,-1.404393673,0.222077861,0.086175129,-1.224569798,-1.412006855,0.100004919,-2.134572268,0.370176584,-2.791074514,0.585906863,-1.175361037,0.75630939,-0.103795081,-2.507635355,-0.831598341,0.254182458,0.102734357,1.958003402,-1.237598658,0.930737793,-0.288047791,-2.08382225,-1.026149273,-0.75955075,-0.076625913,-0.026621256,1.055211067,1.940503478,1.342921615,-1.168804169,-0.316875875,-0.013530411,-0.253819942,0.208536759,1.97845161,0.406692088,1.807480454,1.600001335,1.162406683,1.308740735,1.032508254,-1.498563528,0.262033343,0.910422921,1.318899989,0.739046752,0.643541932,-1.896746755,-1.464852571,-0.297341257,0.191382691,1.298300028,0.436671257,0.019350991,-0.904229403,0.57711643,0.106204934,0.684670925,-0.347843647,-2.964546442,0.347683579,-2.36388731,1.270090938,-1.534748793,0.909468234,-2.380390882,-0.850370586,1.03296566,0.112102382,-0.905350208,-0.606037617,-0.120917365,-0.188578442,-0.015483573,0.885516286,0.442636609,-1.972291708,-3.086715698,0.380377769,0.044439334,0.269361973,0.741812944,-2.646600962,2.176956415,-0.545282364,0.273094356,-1.666116357,-2.559973478,-0.356877923,1.523304701,-2.448772669,0.446718872,-1.249252558,-0.382624239
-1.139382958,-0.427473485,-1.098235726,-3.120910645,-0.517546117,-2.835722208,-2.526628017,0.558630049,1.128017068,-0.260753244,-1.058551788,-0.077643529,-1.680542469,0.992963016,-1.551712155,-3.208995342,-3.758230925,2.541069031,-0.889231026,-1.007483602,3.657068491,2.014022589,0.660402238,0.676949918,2.002516747,0.959151685,1.672754169,2.456793785,1.268527865,0.415108144,-1.569056869,-2.07489562,0.254380912,1.471800566,-1.092272878,-0.369589716,0.022803284,-1.250065327,-2.220569849,-1.460017562,0.384517699,-1.53224349,-0.720242262,1.138366222,0.738391936,0.788523793,0.803941667,-1.857134938,-1.162377596,-0.872265339,0.206294119,0.948119998,0.068312868,-1.683026314,3.332401037,-1.879540205,0.83951813,-2.401955605,1.454335332,-1.250605822,0.429336011,-0.352285087,1.09172523,-1.375029922,-0.999583185,0.424176574,-2.208824873,0.957176149,1.302556276,-1.109729409,2.962915421,-0.149466723,0.990521133,-0.043070659,2.864468813,-3.040706873,0.555886567,0.430996299,1.039195538,-1.987871766,-0.601091385,-0.540743351,-2.187350512,-1.52033627,1.119877577,1.206731796,-0.371473372,0.330155224,-2.326081514,-0.488873601,1.758097053,3.181720734,1.524047852,-2.191800594,-0.63663435,-1.671003819,-0.061060771,-1.200403571,1.50351119,-2.871831894,-0.150067806,-0.243098438,-0.174850583,2.251280785,-0.379221976,1.239284515,-0.13534382,-1.208556175,-0.226371899,0.002532482,0.296796709,-3.289367199,-0.358136445,-0.40997988,-0.200837255,0.750811458,-0.275149822,0.728687465,-0.871393561,-1.060783982,0.39732939,-2.957327366,0.475261748,1.613185048,-1.707297087,2.310482502,-0.485869378,-1.403448582
0.420058012,-0.853212893,0.94912684,-2.306207418,-2.625451565,-1.052517533,-1.180825114,1.421455383,1.521007895,1.33253181,-0.148975819,-1.781137347,-0.478708208,0.787997901,-0.351662815,0.219407171,-3.334313154,-0.357095957,-1.550107718,-1.269423962,1.93645978,-1.643140197,-1.010066986,0.619037569,0.661503434,1.338387728,0.432097167,1.112670779,0.327620566,1.253364801,-2.047104836,-0.642457962,-0.046893261,1.22277236,-1.72135675,-0.692347169,-0.270994812,-1.14193821,-0.85525614,-1.682697535,-1.115017891,0.186896339,0.635859907,0.266675085,0.376765996,0.280474901,1.275023699,0.504920721,-0.308669657,-2.01383543,1.135986805,2.037024736,-0.028142497,-0.874332964,1.770125985,-1.018094301,0.552618265,-0.826943099,0.161453277,-0.703068793,1.48925364,0.917972863,0.648988068,0.108202189,-2.287926435,1.051556826,-1.679982662,1.76345706,0.101969272,-1.015035391,1.390268326,2.373621464,1.338654041,-0.271410823,0.908829451,-0.662634969,-0.303692698,0.919356823,0.554017007,0.490319431,-0.651204228,0.301923782,-1.782191277,-0.527353525,3.290922165,0.4811306,2.569547176,0.456463218,-0.556930423,0.140218005,0.945130467,0.077597052,1.160386324,-1.242572069,0.742338181,1.272188067,1.01189208,-1.417515993,1.610025048,0.231153294,-1.140144587,1.096686244,0.867628396,0.133658409,-0.06083218,0.873967171,-0.392232358,0.714949131,0.789667845,-0.128243953,-1.085628867,-1.026569486,0.603075147,-0.17400974,1.065005541,0.858984649,-1.661209226,0.238966584,0.676109791,0.314766467,-1.999631643,0.161517471,-0.344576299,-0.346793324,-0.847112298,0.449817061,-0.199368805,0.765559554
-0.779427648,-1.243231535,1.39718318,-2.108391762,-2.297207594,-2.317736387,-0.00793457,1.045944571,2.536591053,0.022789724,0.182878032,-0.061772063,0.65277046,1.487095952,-0.094332546,0.042835623,-4.95916605,-1.38236618,-1.51884985,0.017738834,1.157462358,-0.702542186,1.076579094,0.723362744,0.921989858,1.190200686,0.425469786,1.093419075,0.14825657,0.016221672,-3.410316706,-1.121667981,-0.588488817,1.08666122,-0.769982755,-0.469104379,-0.220034361,-1.542242527,-0.598581433,-1.339451432,-2.382776976,1.224751592,-0.6306777,0.320713758,-0.728465021,-1.015129805,1.284917593,0.401613832,-0.559467971,-0.53448683,-0.974366128,0.568789244,0.541410029,0.429348767,0.350767106,0.46303308,-0.078126304,-1.786935806,1.055790424,-1.924669027,1.451118588,1.538006425,-0.490819097,-0.843752861,-2.306111813,1.091443419,-1.758857608,1.240506768,-0.182105199,-0.172700614,2.010416031,1.571010351,0.723856628,-1.264252901,0.193220764,-2.473537445,0.381106347,0.392011642,0.829260826,0.858890235,-0.235380918,1.526813865,-3.346210003,0.48507449,2.693416595,-0.578917563,2.282143831,0.575172544,-0.008521449,-0.114112735,0.770032465,0.09682703,0.835879862,-1.541740537,-1.195049882,0.762168407,0.981739998,-1.638934493,1.969814897,0.738669515,-0.345853388,2.463879824,-0.010547005,-0.037810087,-0.898908854,-0.870324135,1.448550463,1.370709062,1.398105741,0.237205923,-1.267258763,-1.614004493,0.646244407,0.570309699,-0.530476093,0.03593497,-1.290259957,1.217989922,-0.347733498,0.136956885,-1.680257916,1.428343773,-0.810995698,-0.436284065,-1.307272673,2.021345854,-0.04415074,-1.184118748
-0.728809536,-1.333726645,1.108615994,-2.083683729,-2.604075193,-3.004352808,-0.886997879,0.932257891,2.47760272,1.110990882,-0.019069716,-0.221202597,0.886242568,0.444738805,-0.882052958,-1.473394632,-4.607978344,-1.490766287,-0.590002179,-1.593420982,2.747555256,-2.531407833,0.225119859,-0.065093234,0.456467628,1.450489283,1.635090709,2.228358746,0.729236841,1.613245368,-3.964625597,-1.972444534,-0.619466245,1.005850077,-2.982875347,-0.879243374,-0.60255599,-0.756153882,-0.624848127,-0.660632312,-1.975858927,-0.039073605,-0.63496393,0.771381378,-0.457782447,1.096459866,1.540940046,-0.345266521,-0.439679205,-1.99081552,-0.416738957,2.711269855,0.916193306,-0.282380193,0.202000916,-1.03558898,0.925255299,-0.289803863,0.067198098,-1.648587227,1.016615152,1.712371826,0.807851911,0.969758511,-2.718825579,1.319870234,-2.582427979,0.736544013,-0.672612965,-0.649025977,2.770241261,1.867369175,1.74576807,0.880686522,0.277378738,-1.229754686,-1.849979877,0.829344511,1.04900372,1.916541815,-1.224842906,0.156871349,-2.876871109,0.041514635,3.334005356,0.532511592,1.640067697,-0.363530308,-0.85747236,0.890856326,1.938559532,0.238170415,1.003304124,-1.667201042,0.047747277,1.279121757,0.731190145,-1.585836411,2.405484915,0.10029678,0.12350376,1.692331314,0.156173527,-0.597809672,-1.90767777,-0.372898042,0.172534436,1.495225787,0.905253649,0.572264612,-0.65768224,-1.838011742,0.636338472,0.640408099,1.022180676,-0.077105626,-1.106313109,1.011358261,-0.036387995,-0.426951587,-3.339222908,-0.494581401,-1.551469684,0.601171911,-2.273574591,0.146843284,-0.075785071,0.970616341
-1.630508065,-0.395799696,0.244234413,-3.237958193,-0.438724637,-2.996743917,-0.448315591,0.073939294,1.965198159,-1.255657554,-0.343684554,-0.178297654,-1.578376532,1.585955143,-0.149491981,-2.562226295,-3.247351408,0.37304002,-1.484871864,-0.849642813,2.213038921,-0.125463232,-0.82407999,-0.033717241,0.659247458,0.461267412,2.249436378,1.211229324,0.019618787,0.3402147,-1.946337581,-2.403070927,0.999686718,1.14675498,-0.588596463,-0.960511088,0.050169244,-1.747249842,-1.034987569,-0.124533705,-0.788643599,0.021490809,-0.470302105,0.92036581,-1.823625922,0.783121228,0.265721947,-2.031692266,-0.583930731,-1.69749248,-0.933323324,1.231952071,-0.074943021,-0.366230428,-0.101850383,-0.485964715,0.408534318,-1.492685795,-0.10189113,-0.732408464,0.830486596,2.676240921,0.076775558,-0.823822677,-0.289147973,1.223026752,-0.689712703,1.330818176,1.21098125,-0.556221902,2.135499954,-0.040363222,0.5701828,-0.398774564,1.42140615,-2.379894018,-1.324413538,0.602300882,2.209557056,0.075945213,0.100610256,0.19275406,-1.834408045,-0.680981755,1.718962789,0.460196376,0.602278769,-0.03534513,-1.07149601,0.500304163,1.123988986,1.735882998,-0.155029848,-2.926154852,-0.77974844,-0.450869679,0.517438293,-1.696977258,1.713714004,-1.49481082,-1.236232042,0.363302946,-0.150282055,-0.422833622,0.043920964,0.231536135,0.946252227,0.737885714,1.143045545,-0.359279484,-0.638171911,-3.446549892,0.7575984,1.266537428,0.452331126,0.777518153,0.213728502,0.924337447,-1.203410268,-0.158249006,-1.515591145,-1.236617327,-2.017629623,0.595162451,-1.164373755,-0.302663535,0.295104563,0.04509506
-2.185441256,-1.766922712,0.628475547,-3.419947863,0.018020079,-3.798577547,-0.516483366,0.254788548,2.600022316,0.278472155,0.029879615,-0.030917348,-1.187871933,1.051584005,-2.595191956,-3.257846355,-6.018132687,0.203652471,-0.786597669,-1.979952574,2.593932629,0.134427786,-1.810409307,0.796624362,1.507501125,0.907380164,3.202316523,1.772466063,2.972842216,0.579087257,-5.784738541,-1.778911352,0.275850058,2.806252003,-2.339193344,-0.050477654,0.013368309,-0.995396793,-1.100355625,0.243216872,-2.238985062,0.701436698,-2.110472679,0.972618461,-1.223018408,1.574421406,0.926171601,-2.382659912,-2.034193754,-0.878062844,0.834448278,0.832555413,3.31747365,0.208841473,0.731212735,-2.238560915,-0.641908944,0.046144977,2.13036418,-0.895274103,0.563203216,-0.056388512,-0.146975696,0.903018951,-0.262063533,1.270608544,-2.151278734,1.516014457,0.137482211,-0.995657146,3.583651543,1.600601435,0.89811486,1.977012157,1.72432363,-1.946286917,-2.204365253,0.420499623,1.342935085,1.445659399,-2.467685699,0.208377689,-2.485610485,-0.609432578,1.869894147,1.690793037,0.371208191,-0.359902978,-0.38784337,0.820412517,1.008979201,2.271682978,-0.192914113,-3.582212687,1.562617302,-0.339676082,1.090937614,-1.194012403,2.44355011,-1.528573275,0.619231701,2.445067883,0.848368287,1.105148196,-1.249350309,-0.90027225,-0.283031017,0.814655483,0.380727232,-0.358914524,-0.245082855,-3.502316952,0.163417011,-0.726215184,0.370904803,1.222580791,-1.450640917,0.425063163,-0.818551183,0.884134173,-2.075646162,-3.955313683,-1.926996112,1.226631403,-6.018661976,-0.21983242,-1.298691988,-0.680715561
-0.654951215,-1.200788498,-0.207573265,-1.500032187,-1.618191957,-3.27251029,-1.029439926,0.623251438,1.56648922,0.841008186,-0.872089624,-0.721936941,-0.364275873,0.621431768,-1.064020514,-1.118223429,-3.894043207,0.995512664,-0.757720411,-1.453642249,2.070751429,0.418548375,-0.072021395,0.740942299,0.532543182,1.57964313,1.75153017,2.690775156,1.094350338,1.171530962,-3.463576317,-1.015301347,0.091467381,1.71739316,-1.433872938,0.277068496,-0.472543806,-0.477842212,-1.392793655,-1.225693226,-0.980079055,0.556777894,-1.277518272,0.381830335,0.498359144,0.67947793,0.973814785,-1.394562244,-1.812119246,-0.629933,-0.324080765,0.029781401,0.833925128,-0.505283833,2.0134902,-2.316670656,0.888122141,-1.264826655,0.873624206,-0.376000404,-0.26669699,1.030957699,-0.953460574,-0.075013369,-1.851648092,0.724772274,-2.633628607,0.960450709,0.00933733,-0.398854017,2.398415327,0.9680655,0.74858588,-0.590640783,2.584050179,-2.306895733,0.139959008,0.460188955,1.124690175,-0.592929423,-0.81720221,-0.955147147,-2.40431118,-0.235229284,2.458283424,0.677651525,0.73800236,-0.308751673,-0.887369335,0.571284175,0.808505654,1.076306462,1.185789824,-1.810815692,0.959094048,-0.549913228,0.724896252,-0.885335207,1.73469317,-0.494248271,-0.590436161,0.198860496,1.102652669,1.702350855,-0.08680366,0.632410109,0.366901368,-0.19146201,0.394391,-0.363677442,-0.313091218,-1.967000723,-1.13102591,-0.297559381,-0.023496322,0.232866064,-0.550783455,0.962655306,0.034095019,0.404180408,-0.994820595,-1.560170054,-0.819165468,0.637658477,-2.083558083,2.516387463,0.019404158,-0.496638149
-0.417136729,0.158829719,0.388427109,-1.472575545,-1.209132433,-0.908895135,-1.428900242,0.165863752,0.035699159,-0.543665886,0.43456322,-1.041382551,-0.247081876,0.147845969,-1.152567744,-0.730153918,-2.313626528,0.485635102,-0.866149366,-0.714639723,1.695061564,-0.670160174,-0.313419163,-0.187079623,0.465693533,0.480085671,0.126313761,0.722457767,-0.100334994,1.318868876,-0.856477976,-0.455629408,0.198939323,1.150028467,-1.687560916,-0.020814806,0.073071942,0.231641516,-0.901721597,0.380614877,0.332253188,-0.209062636,0.299614698,-0.642846704,1.450344682,0.205126256,0.703788459,0.141777113,0.093561918,-0.981795907,0.590563774,0.790156484,0.318941832,-0.643944919,2.556573629,-0.989778697,0.41269657,-0.740071118,0.590063751,-0.438882947,0.510787964,0.603633225,1.028301716,-0.521110415,-1.057033777,0.918101609,-0.974560797,1.039885521,-0.087444149,-0.342546523,1.222477436,0.305423826,0.938059747,-0.381265998,0.851301551,-1.264940739,0.416371733,0.887082756,1.588866591,-0.852398694,-0.172578186,0.094950557,-1.0668993,-0.427937001,1.755832553,0.434945196,0.875577629,-0.133728281,-0.967284083,0.192581952,-0.106968246,0.768327534,0.604106069,-0.371687591,-0.270271599,0.631600618,0.682680249,-0.92862463,1.761767387,-1.520803809,-0.893570483,0.552091658,1.207744479,0.849545658,-0.208221376,0.613556862,-0.040810287,0.064158157,0.040235922,0.080517739,-0.348613441,-0.75490135,0.029208705,1.003949523,0.01332476,-0.252124518,-0.749350071,0.497866124,1.018599272,0.440634191,-0.941068769,-0.018547669,-0.072265521,0.001991645,0.332806438,0.994684398,1.052462101,0.532043636
-0.643602014,-1.504940748,-0.508468986,-2.96185112,-1.894882679,-2.82291007,-1.235319972,0.622153997,2.385219336,-0.178411677,-1.033572793,-1.220427036,-1.358034134,1.549756885,-1.889138579,-1.139023304,-5.549294949,0.499638975,-1.187920332,-1.834496737,2.392860889,-0.41701737,-0.950158775,0.410568178,0.978675008,1.469016671,1.421924472,2.302286386,1.81099844,0.033842385,-3.746027708,-1.920488119,-0.803677082,1.356754303,-2.132816553,-0.240311235,0.010169029,-0.32737273,-0.891591907,-0.271369427,-2.077780008,-0.306488156,0.837397039,0.33033222,-0.447189689,2.047031403,0.582781494,-2.142129183,-0.588051319,-2.139846802,-0.045745611,1.179001689,0.885884821,-0.386177689,1.04355824,-2.053973913,0.3037844,-1.123817086,-0.763488412,-0.390354186,0.768930137,1.057821393,-0.435121894,0.564589322,-1.304668188,0.981556952,-1.372750282,1.682547808,-0.580126822,0.2847175,3.29783082,2.648234367,1.699315786,-0.516005874,1.873343229,-2.132204771,-1.466028929,1.530396819,1.487338543,1.396615624,-2.045711756,-0.186828643,-2.010535717,-0.331492037,2.998625755,1.197491169,1.666107059,0.767523646,-2.069043636,-0.988407195,-0.565725744,1.42155385,0.204109594,-3.099767208,1.55168426,-0.757806361,0.414951712,-0.629340887,3.089586973,-0.259756923,-1.555719614,1.4644382,1.383656263,0.238324761,-1.541901231,0.597898483,-0.873939753,2.273039579,1.199579477,-0.349681199,-1.560613513,-3.485714912,-0.137886792,1.038505077,0.680448174,0.874450684,-1.404818535,0.717331886,0.388169795,0.652302861,-0.873437345,-2.05347681,-1.447204113,2.321772575,-3.684509516,-0.606250882,-0.403120041,1.043603897
-2.391483068,-0.42820251,0.179748088,-3.114366055,-0.229628056,-4.404978752,-0.115198977,1.451003551,1.274544597,-0.359571099,-2.145017147,-0.916198075,-0.919950902,0.443782359,0.013596669,-1.595232368,-2.842175007,0.2189219,-2.311184168,-0.663004398,1.10261941,1.384276509,1.008607507,0.678773522,0.94528079,1.318284631,1.376881003,2.813151836,0.972493291,0.742470145,-3.921132326,0.041554201,0.426335216,1.715252161,-1.076761603,-0.1450122,0.533690453,-1.071427107,-1.800613284,-1.902359962,-0.671321869,0.642190397,-2.320767164,0.435937136,-1.462430716,-0.045596167,-0.397078604,-1.98285079,-2.343648195,-0.148243278,-0.938474953,-0.652956128,0.281121671,0.142017826,2.57164073,-2.062855721,-0.052099414,-1.954748154,1.520069122,-0.310300708,-0.758391976,1.453217506,-0.361013055,-2.225845575,-1.149150252,0.701829672,-1.223976612,0.31054461,1.002564669,-0.922009289,2.129580736,0.361364663,-0.607458949,-1.489877462,2.668445826,-3.481862545,0.231458336,0.221224934,0.808977365,-0.327794611,0.172655791,0.02235353,-2.388277054,-0.453074843,2.014520645,0.269604266,2.925582647,0.483088851,-1.041879296,-0.418136925,1.435152769,1.6642102,0.654992342,-1.982357621,0.678706884,-1.97356391,0.619030118,-1.25390029,1.42764008,-0.161842823,-1.672870755,-0.758375645,1.179324269,1.682315469,0.628591359,-0.332082808,1.131392121,-0.442079723,0.290646285,-0.545561433,-0.670349836,-2.686177492,-1.305783629,-0.25078845,0.184128523,-0.08667545,-1.869376421,1.776389956,0.288924634,0.440039217,-0.365020394,-1.102048516,-1.627004981,1.059658527,-1.938737988,1.692414284,0.610907793,-1.340242505
-1.464702725,-0.787814677,0.608826518,-2.384907246,-0.741179526,-2.262318373,-1.788595915,1.626755118,2.998938799,-1.544398427,-1.454642653,-0.342233241,-0.804636419,1.046546817,-1.067737937,-0.381797791,-3.452488184,0.315826535,-1.224910021,-1.111466885,2.085561037,-0.190448061,-0.604698896,0.993041694,0.237068474,0.334130436,2.22255826,1.574479461,0.555826426,0.300342262,-3.158660412,-1.823925138,-0.399027944,2.156347752,-0.361702859,-0.592172861,-1.115370989,-0.817987382,-1.058457494,-0.99650985,-0.157704338,0.014950614,0.211380839,-0.127826869,-0.303529143,1.481094122,-0.163816839,-1.791904092,-0.055291772,-1.552344084,0.321602702,0.252703965,0.976382792,-0.421888739,-0.511619627,-1.450231314,1.623934388,0.420333266,0.606318593,-0.145259023,1.7525419,1.071851015,-0.317474931,0.675271034,-1.775434136,1.526993632,-2.317134142,1.358997703,-1.031249523,-0.3155604,2.014730692,0.460330188,1.239790916,-0.0097491,2.553439617,-1.695527792,-1.302680254,0.800592363,2.229689837,1.499142051,-0.70115006,0.891245484,-1.374723911,-0.147618711,1.420416594,0.386471897,1.489903092,-0.605800211,-0.746019483,0.245849028,0.003684051,1.052507877,-1.051785946,-2.246566057,-0.206037223,0.618170917,1.14272511,-0.318188429,2.05903554,-1.217090487,-1.312349916,1.012716889,0.114182942,0.200412363,-1.138623238,0.256691307,-0.595518589,0.618929148,0.863814533,-0.080630392,-1.063391209,-2.163738966,0.673678637,0.282378167,1.882568598,1.198433995,-0.614680707,0.942951143,-0.561117709,-0.439564705,-1.24011898,0.084094062,-1.139898777,-0.063287213,-2.027280331,-0.352500945,0.401511371,0.340793014
-0.87320751,-0.311502337,-0.206861168,-1.241050482,-1.343940973,-3.134264708,-1.094105601,0.468045056,1.806405663,0.163515776,-0.311464548,-0.188627377,0.368271232,0.172613755,-1.994526386,-1.011528373,-3.686857462,0.019427955,0.242747188,-1.767608523,0.809944689,-1.066875696,-0.956496119,-0.046909016,-0.574319184,0.606990337,2.110877275,1.630495071,0.624091625,1.103087425,-4.496255398,-1.402302027,-1.571565747,1.54487443,-2.236964464,0.42284295,-1.253081799,0.257968396,0.218801811,-0.070461296,-0.640185833,-0.760380685,0.189384103,0.044292748,-0.663461208,1.040303349,0.56859082,-1.128691316,-0.117958754,-1.677289009,-0.557054996,0.758502483,1.74949193,-0.620890141,-0.692682445,-1.386605978,0.909654737,0.39959833,0.151388004,0.270523638,0.663464367,1.263971686,-1.326915145,0.477821857,-2.324849367,1.120120645,-2.484989166,0.111397162,-0.733047009,-0.307848692,2.345633984,1.404966593,1.292233467,1.176024199,1.534241915,-1.516618967,-1.005720139,1.182051778,1.736894369,2.263562441,-1.232500196,0.284886032,-1.873425722,0.558344841,2.043174267,0.619024515,1.626553178,-0.15338403,-0.503154874,0.527983546,-0.760505199,1.170928836,-0.202838972,-1.903858185,-0.182348996,1.08046627,0.78484863,-0.372631907,2.478420258,-1.290203571,-0.599419594,1.882787704,0.165196538,0.2335594,-2.541577816,-1.113810062,-0.721653461,1.43565011,1.434321046,0.491435349,-0.752222896,-1.884259343,0.129214987,0.640669644,1.05006516,-0.783300996,-1.054727912,0.557814658,0.484342903,0.276901782,-1.908246517,-0.648630857,-1.129350185,-0.147017688,-1.389118314,0.200195581,0.48776567,1.144775271
-0.581492543,-2.269931316,1.110908151,-3.682537556,-1.746982098,-3.321404934,0.161049962,0.982272387,2.3743577,1.85877192,1.141670823,-0.48319912,-0.012016654,3.426015139,-1.002348781,-0.680763602,-6.856572628,-0.856616557,-2.160118818,-3.443774939,1.880355,-2.853203535,-2.810238123,1.236600757,0.331592888,0.600408852,2.337491989,1.277819514,1.538960338,0.674113035,-5.748211861,-1.254857302,0.668963075,2.616044998,-2.24311471,-1.619359851,0.430506915,-0.277202725,-0.615182877,-0.777869403,-2.332607508,2.0942626,-0.886211216,0.80299753,-2.288143396,0.449013621,2.029314756,-1.839536309,-1.746432781,-2.60324049,-0.397936404,1.920122981,3.662806511,1.925454736,0.350192308,-0.824170649,-1.510852337,-0.231793135,0.157533497,-1.599695444,0.600561321,1.776881218,-1.029501915,2.266015291,-0.459644675,1.758590698,-2.458640814,2.217743158,-0.736589789,-1.210740209,3.463283777,2.381265402,0.743771315,0.163223028,1.074202538,-2.097103596,-2.611829758,0.46936956,1.510468364,1.8557024,-2.308148384,1.126395583,-2.006447077,-0.101415306,3.011442661,0.789641321,2.028916597,-1.687649131,-0.619459212,-0.306608349,2.233507395,0.429512441,0.792927086,-1.844010592,0.722647071,0.124991208,1.130062699,-1.571341634,3.098343134,1.134763241,-0.332547128,2.620428801,0.436615944,0.259532452,-0.052196488,-2.489094734,0.720431685,2.195772171,0.646830082,0.008065403,-0.237658799,-2.921318054,0.588482738,-0.37323159,0.257606238,1.872896433,-0.695817292,0.082951754,-1.410253406,1.873388767,-3.228726387,-0.502473176,-3.391486645,0.487561226,-3.806600094,-1.869032383,-1.201481819,1.550550818
-1.422711492,-0.747585118,0.712339163,-2.438826323,-0.178306043,-2.372405291,0.081204645,0.532565117,1.502975106,-0.311098874,0.569041789,0.391156107,-1.948815584,1.559326768,-1.116900802,-2.244284153,-1.993510485,0.393634856,-0.59104538,-2.056306839,2.174051046,-0.225929081,-0.580590069,-0.352818638,0.187554359,-0.050322916,2.876549482,0.788834929,-0.446562886,0.983189344,-3.216427326,-0.834221661,0.427917719,1.865680218,-0.862008035,-0.007563382,-1.26304543,0.172060981,-0.401383698,0.318657815,-0.533415556,1.52453351,-2.136401653,1.353905439,-2.275691509,1.116902947,0.042934746,-2.833456278,-0.860138357,-0.298016995,0.148417413,2.223129749,1.569026589,1.600776076,-0.535587311,-1.65118885,-0.603986919,0.349403262,0.215637162,-0.307807863,0.208827302,1.678905606,-0.604292512,0.522870362,-0.43028459,1.126833677,-0.777058542,0.252206445,0.524990141,-0.893762827,1.366270661,0.688930929,-0.026313901,2.499386549,1.114857435,-2.896282673,-1.118042231,0.101455837,1.020139217,1.627730727,-0.382597238,-0.838989377,-0.827873766,-0.441678077,2.370174885,2.26193738,-0.016618788,-2.305914879,-0.853891253,1.66697073,0.930953145,1.366309047,0.922092974,-1.572977901,0.273080021,0.044702858,0.659528732,-0.816600442,0.842156172,-1.003299832,-0.77274996,1.171527863,-0.576907814,-0.204042286,-0.618086994,-1.955122352,-0.123933762,0.17977716,0.857500553,0.227730095,-0.499469042,-1.899796605,1.652387023,-0.56843549,-0.209682524,2.007554531,-0.009636328,1.316596866,-1.469998002,1.147029042,-2.023079634,-1.948986292,-2.756570101,-0.080604635,-1.437502146,-0.774857402,-0.37419349,0.977624774
-1.789797425,-2.419813871,1.303889394,-3.493626356,-1.105456829,-3.782201052,-0.203789264,-0.012164205,1.944277644,1.427456021,0.747045159,0.74260962,-0.471338809,2.14306736,-2.062346697,-2.216483831,-5.648810387,-1.197972298,-0.608660758,-1.864546776,1.650435567,-2.129834414,-2.149677753,0.694059312,1.754663587,0.528300583,2.938118696,0.644970894,2.16149044,1.635623217,-5.511376381,-0.958439589,1.135258555,2.385296106,-3.539471388,-0.596531987,0.081633225,-0.767764151,-0.092284106,0.087855645,-2.68461132,1.718101859,-2.131862879,1.179239035,-1.769611716,1.477986455,1.6518929,-0.501329482,-1.474520922,-1.496874452,0.452213168,2.302521706,2.723754406,1.412415504,0.418078274,-1.712724686,-1.535596132,-0.813403428,1.348834157,-2.195652962,0.798734128,1.481694579,-0.063422114,1.648464799,-0.36010322,0.522014618,-1.905501485,1.005951047,-0.098656788,-1.172480822,2.989694118,1.990031242,0.653469324,2.025155544,0.476240784,-2.307589293,-2.920385122,0.199456081,1.589374661,2.46078968,-2.14678669,0.651749969,-1.854659319,-0.006858975,2.749107838,1.303287864,1.079961061,-2.273880482,-0.613060176,1.090357304,2.128879547,1.224676847,0.576125503,-1.969198823,0.141026914,0.71881026,1.399863482,-1.231240034,3.074358702,-0.745556235,-0.29311499,2.149564028,0.693158805,0.072141886,-2.129353046,-2.85670948,0.159310043,2.225302458,0.834044874,0.591644108,-0.954656899,-3.045235395,1.083432436,-0.097125411,-0.23702082,0.089954138,-1.915130973,1.451761246,-1.388672709,1.547685623,-3.357920885,-1.351009011,-2.797460079,0.977539957,-4.375339985,-1.771589875,-1.28854537,0.343599319
0.085337862,-0.647888064,0.582180738,-1.843158603,-1.970053673,-2.903746605,-0.667306542,0.475169331,0.900692642,2.301524401,1.443752527,-0.649220824,-0.077044964,1.215949416,-2.189996481,-1.015135884,-5.425295353,-0.333224118,-0.892384768,-1.308053255,1.030774117,-2.090816736,-1.579237342,0.206310585,0.333311856,0.829419732,1.599029303,-0.199443609,2.024647236,1.336842775,-3.479199648,0.056097466,0.430171788,1.882805705,-1.506965876,0.311049253,-0.393840104,-0.269366205,0.426872402,1.075191855,-2.182973146,1.418744683,0.175348371,1.256504536,-0.631608486,-0.755851746,1.036862612,-0.052327663,-1.092442036,-1.382548094,0.462504804,1.308242202,2.826890945,1.155143619,0.073471561,-0.837742925,-1.336146593,-1.335420489,0.31014961,-1.891046762,0.378653646,1.290773392,-0.714722514,1.231481075,-0.686924279,0.609860897,-1.622960567,1.331430197,-0.869852901,0.02671732,1.900111914,2.431322575,0.613458157,1.711280584,0.588999867,-1.759718418,-0.232275724,1.234485984,0.962360442,0.431000531,-1.098562479,-0.629584312,-1.770788193,0.677015305,1.03439486,1.368481159,0.892141044,-0.481367528,-0.00499792,0.399203479,0.215518892,0.672348917,-0.215594456,-0.766052008,0.959980607,0.717742085,0.826060653,-2.125894308,2.133632898,-0.303928256,-1.403365493,2.379391432,-0.075898744,0.717452884,-0.195863053,-1.221720934,0.291723102,2.256903887,1.639080167,0.512249768,-0.29228726,-1.958516121,-0.028523862,1.533688664,0.423367888,-0.038484566,-0.373564303,1.130833983,-0.21673736,2.202381372,-1.740168929,-0.358148456,-0.185269639,1.265251279,-3.407291889,-1.047664881,-0.77026403,0.525046051
-1.007424355,-0.631512582,0.301145673,-2.271846533,-0.881106913,-3.0527246,-0.977161646,0.113003463,1.306186795,0.616247416,-0.278271616,0.60388118,-0.975806177,1.447680593,-1.196489096,-2.71824646,-3.689263344,0.641273201,-0.54914546,-0.784190714,2.510005951,-0.637882233,-0.804587066,0.879509032,1.417985797,1.362082601,2.233084917,1.907880783,1.393212795,1.560698867,-3.683686733,-2.049013138,0.578757763,1.215459466,-2.913917542,-0.872303009,-0.24557054,-0.569546163,-0.538089812,0.148479223,-1.623287559,-0.400641978,-1.601050377,1.30028224,-1.005079508,1.223489642,0.937636435,-1.585260034,-1.534142733,-1.275799155,-0.095624492,2.903042555,0.825324178,-0.353013337,0.986005545,-1.695171118,0.03500884,-0.745902658,0.12131685,-0.46683073,0.436450362,1.320521116,0.170481741,-0.052636538,-0.780039728,0.121986344,-2.307784081,0.734049916,0.842265666,-1.290299892,2.066346169,1.608004332,1.49876976,0.772825241,1.837061167,-1.582789421,-0.903180122,-0.104543209,0.829915404,0.863755643,-1.155012369,-0.429843187,-1.375099659,-0.519546032,1.339733481,1.705488205,0.336663693,-0.783245206,-1.343567491,0.819141507,1.192203522,0.767846465,0.742399991,-2.157122612,0.097350262,-0.627507687,0.492133021,-1.092654824,1.495704293,-1.710492373,-1.13660264,0.091057986,0.370600104,0.322565854,-2.005118132,-0.892163038,-0.175662994,0.943918824,0.646459639,0.756572843,-0.492120028,-2.834800959,0.181101888,-0.664195657,0.375757158,-0.328015238,-1.565471888,1.429375529,-0.121740796,0.207980171,-1.535410523,-1.789755702,-1.692494392,1.155670762,-2.825118303,-0.4536165,-0.250907153,0.395603389
-1.050401568,-2.789008617,1.268556118,-3.735877991,-0.865814388,-3.208547831,0.458456099,1.159301877,1.724929214,0.386917681,1.005239129,-0.186139345,0.571290553,1.449999094,-2.099016428,-0.624067783,-4.606173515,0.165303618,-1.650139332,-1.94142592,1.738441944,-1.798334718,-1.111912131,-0.141723081,0.089958973,0.574144125,2.285015345,0.715463042,1.38150537,0.422897428,-4.03676796,-1.233702183,0.066242278,2.996474981,-0.952310741,-0.612925529,0.24682793,-0.150609136,-0.024219178,-0.041531779,-1.786025286,1.085469842,-0.640228391,-0.039388597,-1.89643991,0.964760661,1.20304966,-2.274898767,-1.462369204,-1.162258148,0.576803386,2.476029634,2.439174891,1.238780141,-0.593927145,-0.933858573,-1.380190253,0.369945735,-0.60277307,-1.391781449,1.252964854,2.478657961,0.157650709,1.36262536,-1.005901098,1.412580729,-1.6682055,1.031157732,-0.742617846,-0.002872214,3.382411242,1.471983671,1.338481188,0.373706818,1.441335082,-1.226866961,-1.536522388,-0.110243976,1.604255438,1.845826149,-1.160864234,0.304456025,-0.917303145,-0.004758298,2.132671356,0.170021057,2.160291195,-0.703580439,-1.177728534,1.405907393,0.643545151,0.406015128,-1.310245991,-0.014218848,0.135597527,0.995531559,0.516127825,-1.563903093,2.115812302,-0.058327898,-0.345663965,2.722739935,0.090299539,-0.562688291,-0.541496158,-2.181176901,0.894163847,0.73426342,0.147779137,0.226892769,-0.716007948,-2.505254984,1.228376508,0.849035203,0.213417143,0.879133344,0.278201699,1.129413962,-1.157130957,0.904999614,-3.557084799,-0.317502141,-2.778677464,0.397095263,-3.255325317,-1.170487285,-1.280445576,0.524545252
-1.035439134,-0.943725526,1.254320264,-2.79772687,-1.026645899,-1.686822295,-0.602326453,0.01043421,0.344647706,1.128043294,0.655703187,-1.46094501,0.227501556,0.645262241,-0.199161008,-1.218478441,-2.674646616,0.231813312,-1.719168186,-1.850013971,2.381326437,-1.910837173,-1.346173286,0.393540531,0.60845834,1.196972251,1.133514285,1.34013176,-0.139091223,1.157669425,-2.368606806,-1.333561063,1.08694315,1.318878651,-2.207003117,-1.12289083,1.02075088,-0.049739599,-0.284572363,0.706810057,-1.00578022,0.890755355,-0.588092744,0.637878656,-0.453155577,0.745747447,0.926580012,-0.772759438,-0.704750538,-1.414517045,0.647934377,2.48134017,0.940204024,0.031335216,1.33417201,-0.618502915,-1.113941073,-0.910867631,-0.353344351,-0.909172475,0.206923977,1.233708858,1.038677216,-0.34015128,-0.33038348,0.661580324,-0.670215428,0.523406088,0.873160601,-1.274415016,1.779850245,1.523685932,0.332265735,-0.507521451,0.475089431,-0.634427667,-1.177764177,0.039582506,0.671296954,-0.436484516,-0.712393284,-0.828488231,-1.641184688,-0.87841928,2.413799286,0.994309783,1.739328742,-0.312165439,-0.408657968,0.025283443,0.674625933,0.520198762,0.7413463,-1.143575788,1.114114404,0.787915051,0.584262192,-1.73540628,1.482061982,0.467430055,-0.229752362,0.981731117,1.482878447,-0.652695179,0.573644519,0.118255347,1.024796009,0.582019687,0.351600707,-0.634512782,-0.307460904,-1.085403442,-0.197943389,0.238717824,0.526093543,0.714262009,-0.738224268,0.88281101,0.200571746,0.390033484,-2.758421659,-0.765922487,-1.54868865,0.709021628,-2.356795311,-0.023823142,0.09289667,0.776058257
-1.07938993,-1.892954588,0.889735341,-1.529276609,-0.912873447,-3.165898085,0.158507586,-0.675802708,1.557784438,2.073778868,1.975546956,0.447865814,-1.31688261,1.096543431,-1.643024802,-1.440998793,-5.807655811,-0.064739794,0.438984036,-2.097197294,2.029606104,0.049540401,-1.963635325,1.525425434,1.153602242,1.067720056,3.035872221,1.926400185,1.972810745,0.154527083,-4.565140247,-1.639709949,-1.197068572,0.774061203,-1.898448348,-0.528423309,-1.712569118,-0.410590351,0.680113673,1.289297581,-2.202818394,1.157518864,-1.18901825,2.321255922,-2.697724581,0.52844882,0.832965732,-1.340337276,-1.670958042,-1.480924726,-0.592157841,2.284270287,3.110308647,1.149681807,-1.629941821,-1.159482002,0.297702044,-0.02554092,0.97254312,-0.545211494,0.43244952,1.21648097,-2.102172852,2.210709333,-1.718564034,1.993972063,-0.839105725,0.284606457,-0.939971805,-0.149459749,3.136741877,2.495863676,1.350950718,2.331862926,-0.160917312,-2.688324928,-0.495754123,0.573777974,0.785271108,2.573644161,-2.416905165,-0.502028227,-3.212603569,-0.033485502,2.339465141,0.938542545,0.138158306,-1.200454831,-0.197398528,1.186238527,-0.243786335,0.266448289,0.75088805,-3.592376471,1.345458984,-0.052861601,1.083690882,-1.637955189,2.196866751,0.228101537,0.281370223,3.297985792,0.140858471,-0.17508322,-1.159216642,-1.148160815,-0.389679581,1.446988225,2.193994522,0.947949052,-0.624777377,-2.206446171,0.315007299,-0.69927001,-0.723459542,2.271000147,-1.041300893,1.139533758,-0.793900013,1.945451379,-1.890512586,-2.639854193,-1.939638257,0.315338671,-4.256529808,-0.066397779,-0.387373209,-0.070295051
-0.733792186,-1.850501299,1.45015204,-3.121634483,-1.5728302,-3.848156214,-0.226905584,1.073339343,1.875538468,1.331345081,-0.083135605,-1.043728709,-1.611757755,1.015287876,-0.601952791,-1.244050145,-5.45981884,0.31385541,-2.340367079,-2.569307327,1.994399071,-1.435696483,-0.55947566,0.269476682,0.295454443,0.944977999,2.252049208,1.680506587,0.240802139,1.800462008,-4.540050983,-1.938565135,0.394402862,1.372835994,-2.240684509,-1.159879565,-0.071431696,-1.336683512,-0.597193182,-0.099585734,-2.551991224,0.34669435,-1.340079546,1.563854456,-2.285465956,1.211887002,1.274074793,-1.787688851,-2.240207195,-1.677153587,0.262710541,2.78831768,0.768840849,-0.348957956,0.317056388,-1.370809793,-0.643288732,-1.400239229,-0.191646516,-1.144202113,1.124740839,2.161892653,0.061157301,0.930188537,-1.297563791,1.390205622,-1.818242669,1.437391162,-0.17960912,-0.571029484,3.00689888,2.334491014,1.826487303,0.188007176,0.701926112,-1.228520155,-1.723969698,0.841352642,1.807177305,1.199337721,-1.517347574,0.017389446,-2.485663176,-0.601230621,3.178340912,0.958970606,2.088973522,-0.665486693,-1.025338173,0.665000439,1.331020594,-0.134612978,0.327255011,-2.626481295,1.617921829,-0.652886331,0.351537466,-0.870723367,2.561305523,-0.203438535,-0.73049438,1.352899432,1.157588243,-1.121818662,0.400017023,-0.497530699,1.304383755,2.19829011,1.847098827,0.68031168,-1.179161787,-2.453132153,1.49437952,0.001658093,1.388649464,0.577868462,-1.80267334,1.399339676,-0.527305007,0.466272771,-3.655107975,-1.206980586,-2.506593943,0.682584286,-3.69534111,-0.576306462,-1.575211525,0.533328891
-1.903015256,-1.155425787,-0.976809621,-3.648404121,-0.13433817,-3.826325655,-1.360903025,0.318051815,1.885051966,-0.320242912,-0.995619655,-0.619014919,-1.558877945,0.395250559,-2.668515205,-3.364101887,-5.081641197,1.924924135,-1.665336132,-1.919942617,2.071758986,0.949551344,-0.794018686,1.239994168,1.376152992,1.906561971,3.562251091,2.427232265,2.303760767,1.131394744,-3.378964424,-2.690141916,0.247244298,2.239334345,-1.958134055,-0.530219197,0.452363729,-0.500412405,-0.839138806,-0.505004704,-1.300254226,-0.754845738,-0.709087431,0.636317849,-1.003658891,1.489649534,-0.248636588,-3.309085131,-2.661473751,-0.69443351,0.617291272,0.120670378,1.250296593,-0.740995646,1.622095346,-2.524944305,-0.200540885,-2.057252645,0.921513319,-0.26478982,-0.420440614,1.083894849,-0.670967042,-0.317341715,0.624111533,0.350925624,-1.599256039,1.175409436,0.793714464,-0.342395842,3.253510475,1.157443047,0.924190223,-0.493801117,3.184868336,-0.701777935,-0.862053275,0.409551293,0.651268244,-0.177540883,-1.845009327,-1.117629766,-1.913195372,-0.799374461,2.014744282,1.455125809,0.354657888,0.388664067,-2.210989475,-0.729705751,-0.077677198,1.461689949,-0.250547767,-3.495266199,1.636098027,-3.212657452,-0.263563722,-1.049331784,1.089575052,-1.562624335,-0.935954332,-0.064029574,1.084843993,1.279363632,-0.045359805,0.879922628,0.014132231,0.591869414,0.848534346,0.455021024,-0.726534128,-4.484251022,-1.294435382,-0.257892579,1.132325888,0.234968871,-1.506802082,0.68292886,1.55835259,0.855510414,-0.989961982,-4.144076824,-1.678616405,2.763079882,-5.305730343,0.505395532,-0.795832932,-0.492063135
-0.301557958,-2.412870646,1.215973854,-2.769958735,-1.618960857,-2.152244329,-0.144757524,1.225524426,1.379695654,1.802652478,0.387043506,-0.8463009,0.205934465,1.478378296,-0.864194393,-1.200778365,-6.15546608,-1.549649,-1.289996147,-1.850826263,1.622420549,-2.478905916,-1.132817268,1.219819665,0.767879844,0.749229014,2.378559351,1.649713516,0.94633913,1.253106356,-4.601610661,-1.071170807,-0.119092107,0.892678022,-2.915851593,-1.628047824,0.611435533,0.018256694,-0.226857394,-0.155327678,-1.839435935,2.005256414,-1.13308239,0.656455934,-1.941189885,0.113207027,2.1939013,-0.311384439,-1.139997244,-1.889177918,0.166382134,3.418076992,2.718005419,0.685300291,0.741413832,-1.136954546,-1.040644646,-0.442680389,-0.136248201,-1.602547288,0.169883534,1.34264946,0.650986314,1.737682819,-1.465649962,1.207398653,-2.047723532,1.275568485,-0.247452691,-0.523343742,2.687490225,2.197057962,0.588108659,1.016514778,0.370478451,-2.148504257,-1.430816412,-0.955660224,0.271126896,2.554122448,-2.488350391,0.591086864,-2.253577471,0.085375294,3.765207767,-0.104618669,1.401208282,-1.674228191,-0.276644647,-0.077781104,1.359275341,0.043771029,0.987693965,-1.974670887,0.680219471,1.865929961,0.771174133,-1.538583279,2.782183647,1.486440301,0.11510174,2.3012712,0.71588999,-0.634343565,-0.851524055,-2.310461044,0.782728672,2.04369235,1.526305556,0.16955331,-0.209440693,-1.81359303,1.409494162,-0.941262364,0.433858335,0.360310584,-0.48056227,0.639051318,-0.653197289,0.918586373,-3.557996988,-0.35334444,-2.307453871,-0.367516816,-4.316078663,-1.062488317,-0.91776365,1.625244975
-0.458444715,-2.843322754,1.777906418,-3.16962409,-2.564610481,-1.957841754,0.538584828,1.279716134,1.439181447,1.578401089,0.116517037,-1.168903828,0.267531097,1.888156056,0.226735786,-0.473143727,-6.620552063,-1.739341497,-2.128760338,-2.138317585,1.701994658,-2.423960924,-1.312939644,1.329711914,0.062470086,1.426616669,1.322555304,2.119019508,0.921968758,1.092879891,-4.832675934,-0.653755784,0.294014454,1.197516799,-2.20820117,-1.551183224,1.290761948,-0.307868004,-0.458754897,0.089184061,-1.911194205,2.643172503,-1.128167152,0.801735878,-1.810755491,-0.025155053,2.011344194,-0.739913464,-2.254308939,-1.68231535,-0.291530728,2.810008526,2.703873634,0.698190808,0.975573301,-1.525703192,-1.237935305,-0.681757152,-0.323281854,-1.881043553,0.328363717,2.260008812,0.284011841,1.634080052,-1.305655122,0.792459607,-2.022392511,1.366067648,-0.216021404,-0.480436563,2.326060772,2.817397356,0.827384055,-0.108339794,-0.099648386,-2.186545849,-1.318085194,-0.362892687,0.760747552,2.060491085,-2.313668489,0.586142302,-2.620653629,-0.015481114,4.010518074,0.494418263,1.628071308,-0.777807176,-0.141789526,-0.259023011,1.131043553,-0.445742667,0.559614241,-2.775729179,1.145801067,1.070108414,0.936168551,-1.781684875,2.178240299,2.592668533,-1.079308748,2.566307306,0.898040116,-0.429463744,0.469427049,-1.281499743,0.662941098,2.733169794,1.034748912,-0.124098256,-0.403035462,-2.423903465,0.748172879,-1.107038736,1.088840127,1.355133057,-0.408345819,0.824745834,-0.227377594,0.99194181,-3.824424744,0.064209431,-3.224511147,-0.079580933,-4.519800186,-1.275308609,-0.043328047,1.434586644
-1.582329154,-1.803414583,1.728872895,-2.880260944,-0.159812033,-3.368748665,-0.557025433,-0.848888755,1.55792582,1.293073773,2.029505491,0.363871485,-0.892458498,3.274220943,-1.736025572,-2.028536081,-5.53567934,-0.169770226,-0.426684767,-3.08576417,1.62677145,-1.693579316,-2.44168973,1.128125072,0.914685965,-0.234040663,2.708583832,0.094754688,1.9846524,0.51457274,-5.07004118,-2.041860342,0.581114054,2.469958305,-1.617359161,-0.214970082,-0.501206994,-0.767288268,-0.182982117,0.516267657,-2.177308798,1.254774451,-0.917815626,1.777958155,-2.873229504,0.780009866,1.029760599,-2.169271469,-1.018469095,-1.358673453,0.447593033,2.781234503,3.031408548,2.024690866,0.192491412,-0.468569338,-1.05624485,-0.313526034,0.288945407,-0.522465467,-0.436177194,1.324582696,-1.622412086,2.02241087,-1.034492612,1.155243158,-1.432053447,1.063006043,-1.172326088,-0.694491684,2.700420856,2.25442934,1.159328461,1.824478149,1.171716332,-2.314223289,-2.335033894,0.546385407,1.807133079,2.018920183,-1.83544445,-0.113246948,-2.065575123,-1.053193688,2.635744572,1.428518295,1.307915211,-2.172142744,-0.367840737,0.599314153,1.199938774,1.212155342,0.812742531,-1.824102044,0.99821198,-0.172624201,0.281623781,-1.681187153,2.628895283,-0.291531295,-0.092042699,2.037387371,0.131933957,0.61100769,-1.087460637,-3.214332581,1.028224111,1.987114191,0.815942466,0.498101771,-0.170743525,-2.868108511,1.31908977,0.532012165,0.03375531,1.537799597,-0.952490866,0.915840209,-1.511857629,2.394966364,-3.156394005,-1.516899824,-3.04781127,0.382088363,-3.567305326,-1.061875582,-1.317369461,0.626562953
-1.279210567,-0.937321365,1.179981112,-2.500742912,-1.602663517,-2.318119287,-1.283504128,0.165044114,1.995052695,0.657412589,1.659117818,-0.394995898,-0.849010289,1.244316816,-1.248854041,-1.819761276,-3.715834856,-0.129258424,-1.711405277,-1.779194355,1.668013692,-1.814229012,-2.355829239,0.631271005,0.745923877,0.094788447,3.231468916,0.985364318,1.197059751,1.615866423,-3.030106783,-1.524017811,-0.051863171,0.648786068,-3.131656408,-0.911394,-0.105286539,-0.00467518,0.564974606,-0.973618567,-1.547922134,0.841590583,-0.839044154,0.710682929,-1.646241784,0.578915596,1.300231695,0.106715307,-0.274046838,-0.838096619,0.312294126,1.560865879,1.044012904,1.422711372,-0.049276724,-0.249413341,-0.836002409,0.38035199,-0.07591188,-0.619825482,1.078240871,2.166554451,1.023520231,0.618234098,0.285766631,0.744904637,-0.698055208,1.261850595,0.1450551,-1.044669986,1.287222385,1.632670879,0.676303566,0.477748513,0.193931133,0.034302771,-1.747716665,0.461041033,0.890387535,1.273425817,-0.943786383,0.399985462,-1.971055031,0.195773736,3.121364594,0.474303454,2.693139791,-1.750486732,-1.843703985,0.339389861,1.956443787,0.507021487,1.538411736,-1.516525865,0.216605365,0.038019478,0.969237924,-1.941069245,2.17780447,-0.274902046,-0.031354979,1.373874426,0.255703658,-1.650917768,0.044642106,-1.272348046,1.24897337,0.835219741,1.220490098,0.285767615,-0.673295856,-2.175870895,0.160953924,-0.310102999,0.226587713,1.104931712,-1.567826986,-0.379525095,-0.863773823,1.331782579,-3.230420589,-0.875541508,-1.276315808,0.745790184,-2.189442635,-0.306407601,-0.927093863,1.040199876
-2.131285906,-1.966392279,2.113311768,-2.632240057,-1.02946353,-3.664147377,-1.022631764,-0.051236808,1.488010287,0.950731754,0.996079206,0.368391722,-0.118703574,2.15469265,-1.419685006,-1.73044467,-4.238832951,0.186736345,-1.082695842,-2.118829012,2.188831329,-1.619994283,-2.454542875,1.563741565,0.352152288,0.414602339,2.640301943,1.714950323,1.885800004,0.610934973,-4.600320816,-2.237826586,0.602771282,1.621842623,-2.583408117,-0.737803221,0.166535795,-1.100367308,-0.159253955,-0.10357178,-2.114640713,1.973020554,-1.31705761,1.474177837,-2.034252882,0.208059758,1.20121932,-1.906484127,-1.975743294,-0.049014732,-0.199067846,1.732327342,2.044038534,1.879228115,-0.26738748,-0.740321994,-1.053682685,0.267987341,0.108199254,0.269927859,-0.212414488,2.106467247,-1.301277041,1.914833188,0.033280931,0.797097445,-1.379778266,0.989259183,-1.329637051,-0.626654804,1.879500031,2.02467227,0.915662467,1.410362959,0.225185618,-0.437107593,-1.965144157,0.982635975,0.530577958,0.850230634,-1.304227352,-0.250165045,-1.855146408,-0.108228564,2.368887901,-0.361786723,1.758038402,-2.451239347,-0.6327039,0.836381972,0.559991121,0.684992969,0.930436671,-1.47515142,1.627801776,-0.649650931,0.224060506,-1.462201834,2.222609997,0.375615239,0.011118948,0.789870262,1.241748452,-1.15128994,0.607020319,-1.927440763,0.316678613,1.699536324,1.383473516,0.844612241,-0.924519837,-2.965706825,-0.259937406,-0.856573462,-0.773093104,0.710904956,-1.641425133,0.601741433,-0.688928127,2.118849277,-2.586001396,-1.460624695,-2.574141979,0.081804767,-2.828131199,-0.328115851,-0.73256135,1.34255147
-0.941906214,-1.821517229,2.229382038,-2.532943964,-1.568610191,-1.972093701,-0.110730655,-0.720474362,1.579603553,0.894805074,1.487912774,0.307746857,0.176612526,2.120364428,-0.932773113,-1.462607622,-3.587648869,-0.984341204,-0.151746914,-1.953530192,2.293241501,-2.472953558,-2.21004653,0.029045906,0.020063959,0.524910152,1.619385719,0.999989986,1.473190904,0.494522929,-4.585033417,-1.262084007,0.940900445,1.930601597,-2.25691843,-0.223729044,-0.052181587,-0.659512103,0.314859003,1.272702694,-2.04742527,0.776234388,-0.474899828,1.167502999,-1.207178473,0.904592991,1.455089092,-1.143231034,-0.506044567,-1.522845864,0.452338398,2.47083354,2.190581083,0.988364398,0.062869839,-0.637428403,-0.512676537,1.086030126,-0.598210454,-1.128023267,0.708814681,1.719533086,-0.407169372,2.140002489,-1.330309987,0.623586237,-1.63147366,0.778462231,-0.808576822,-0.991577506,2.338653326,2.606332064,0.907468021,1.579516888,-0.52992928,-1.455512762,-2.179529428,1.054740667,1.191183925,1.513073206,-1.147544622,-0.292063415,-1.904688954,-0.020882636,3.452002048,1.410881042,1.120620608,-1.427822948,0.368539214,1.376396418,1.232010245,0.50333029,0.630922973,-1.639193773,1.205991864,1.550512433,1.071431637,-1.063683867,2.132002831,1.291967034,-0.363000333,2.315270901,0.590941608,-0.892540157,-0.777902603,-1.686003327,0.094400823,2.081548214,-0.022342965,0.457277417,-0.122191511,-1.724029899,0.951899052,0.112063602,0.449584216,0.688095868,-0.979872584,0.846921086,-1.062360406,1.694599152,-3.723717213,-1.04509306,-1.9221524,-0.102206789,-3.268998384,-1.196811557,-0.294548929,1.225858212
-1.002980351,-1.909041405,1.216084123,-1.786001444,-1.408675909,-2.815186262,-0.861644983,0.055545539,0.910514474,0.391194612,0.763382912,-1.068449259,-0.17562446,0.641864479,-1.238909006,-1.32005322,-3.731642723,0.872040629,-0.450846136,-1.150511503,2.520330429,-0.585567474,-1.130502105,0.466324449,0.852603912,0.724083781,1.918662429,1.341487288,0.938792706,0.49517709,-3.369991541,-0.677597523,0.395062923,2.310275078,-0.916969955,-0.022754937,-0.251127452,0.09772177,-0.966190815,0.114539228,-1.508856654,1.318753481,-1.43857336,1.42433393,-0.459695399,1.183115602,0.891932189,-1.548579931,-1.172092915,-0.649927795,0.576579928,1.335831761,0.95072341,0.763269007,0.673495233,-0.980147779,-0.744307876,-0.196474224,0.467513323,0.202793553,0.636713624,1.381828785,-0.629268706,1.39439702,-0.947027862,0.821716189,-1.660995603,0.911355317,0.305373877,-1.024521708,2.168509483,1.992673874,1.407874584,1.170891881,1.077440262,-2.226606607,-0.344775617,0.635968566,1.290007591,0.113171801,-0.147323221,-0.825496078,-1.916393518,-0.271232873,1.511442542,0.905474424,1.1642313,-1.7758708,-0.256359071,1.256757617,0.043441944,0.545453191,0.88730514,-0.807531595,0.544421554,0.719181836,0.881329596,-1.075626254,2.181028843,0.262829542,0.139762595,1.929106474,0.91819638,0.076103419,-0.131323561,-0.359789193,0.051197052,0.804374218,0.200452209,0.434598386,-0.514681816,-1.1102525,0.471977681,-0.319231689,-0.56981504,1.219022393,-0.565365553,1.313610196,-0.337216049,1.519817233,-1.292725205,-1.121909857,-0.891352415,0.019422576,-2.407945871,0.239489615,-0.993914068,0.689914703
-0.581297636,-1.626595974,1.600440025,-1.361954331,-1.679036379,-1.147776723,-1.100239754,0.890370846,1.426275611,0.206537426,0.403330982,-0.77045387,0.780064404,1.056285262,-1.968745708,-0.288415223,-4.428936958,0.424817443,-1.537488222,-1.570565104,1.221028328,-1.857563853,-1.442621827,0.67256546,0.833430111,1.402512908,1.451716661,0.915165961,0.695259094,0.901822925,-1.926255584,-0.316722989,0.465469778,0.388080657,-2.591440439,0.121854216,0.060337603,0.296236098,-0.03399644,0.120800972,-2.116562128,1.16315794,-0.77151531,0.364046007,0.726915538,-0.239193887,1.665312767,-0.227333769,-0.991635025,-0.01219058,0.399204612,1.448085666,1.342883945,0.169231087,1.376261115,-0.75275594,-0.846656561,-0.351395249,1.09401679,-0.819086254,0.299356759,0.299454331,0.730315864,1.284019351,-0.880160093,-0.140534967,-0.76451093,1.326830626,-0.129129231,0.862590253,2.014038563,1.605704784,1.008666515,0.822562456,1.345261693,-1.216151714,-0.648648381,-0.010028616,-0.228604585,-0.104582533,-0.926732779,-0.231230453,-1.931596041,-0.606768489,2.292936325,1.249328852,2.0900383,-1.597657561,-0.874589205,0.606954992,0.239708781,0.656690896,0.68800956,-1.141713023,0.788352966,1.188845396,0.412764788,-1.744280934,1.762485147,-0.31621334,-0.329479069,1.187960267,0.68807596,-0.010278732,0.647531331,0.01743035,0.729619861,0.480434299,0.189824522,0.357159734,-0.725726068,-1.570518732,-0.504578471,0.350094497,-0.056261003,0.537027538,-0.075462744,-0.316550851,-0.172653139,0.37018013,-0.750463247,-1.287892938,-1.141305089,0.502458453,-1.989220738,0.68131119,-0.790516675,0.405798256
-1.447170615,-1.846836805,0.819661379,-3.020814419,-1.562363386,-2.808270693,-0.112909563,-0.271561354,1.748553395,-0.213697165,0.841061354,-0.133510634,-1.286974669,2.497507572,-1.363622069,-1.665181398,-3.188996077,0.385553956,-0.697496653,-2.048583984,3.552915335,-1.798146367,-1.160300374,-0.519338846,0.881713271,-0.7308833,2.516606092,1.060361385,0.416255653,0.353708804,-4.16430378,-0.446413398,0.844820142,1.399458289,-1.933171391,0.205309451,-1.389389634,-0.653889239,-0.312637508,0.351004094,-2.281138182,1.282004952,-1.255684614,1.290328741,-1.642916203,1.540729403,1.224220753,-2.598750114,-0.119714931,-1.304348707,0.109116495,3.090821028,1.285135627,0.887269497,-0.314194053,-0.767632127,-0.447876364,1.465134025,-0.893517613,-0.409110487,1.097343922,1.912679791,-1.06545496,1.953419685,-1.021227837,0.850078821,-0.84257549,1.168260574,-0.230771065,-0.72355032,1.841911674,2.806471348,1.820180893,1.213669777,0.880539179,-2.82687521,-2.221660137,1.056314707,1.24154532,1.126958966,0.119288877,-1.259742141,-1.536216259,-0.658097506,2.585002899,1.688620329,1.071516871,-2.140835524,-0.987917602,1.422386765,0.62895751,1.104993463,1.428250194,-0.925119638,1.018638372,-0.076217532,0.079688951,-1.144984007,1.896243215,-0.006409928,-0.738185406,1.137429714,-0.001984365,-0.930975676,0.338428974,-0.685548842,0.223924696,0.662420034,0.106562734,0.131348133,-0.971882343,-2.05352807,1.818040967,-0.299650848,-0.308819473,1.293436646,-0.121073499,0.99440062,-1.294193268,1.657724857,-2.081488848,-1.083116531,-2.269267559,0.555762112,-2.302632809,-1.172152519,-0.378307492,0.682098389
-1.182499647,-2.249428511,1.227276325,-3.008905172,-0.872511446,-3.231467009,-0.230371952,-0.587286115,0.809308946,0.672672868,1.526124001,0.595462263,-0.966342151,2.090196848,-1.249762297,-2.125896692,-4.30585146,0.558617413,-0.977283239,-1.920994043,2.733757734,-0.493046492,-1.150399566,0.332617849,0.530385792,0.666684508,2.058995008,1.799536109,1.816574693,0.458450645,-4.33997488,-1.315953255,0.815487325,2.162723303,-1.284104705,-0.53221488,0.746866226,0.009148836,-0.301415503,0.393075526,-1.463552713,1.781282783,-2.032316685,0.359887064,-1.336398005,0.903721929,1.345362902,-1.793746233,-1.983700514,-0.95170176,0.628457785,2.050987482,1.937161088,1.613739967,0.674996912,-1.731384516,-1.003516436,0.617598474,-0.282043815,-0.855962753,0.150288209,1.767065167,-0.313867301,0.874832273,-0.341338128,1.444730043,-2.197847128,1.014969468,0.607517838,-1.654229164,2.990138292,1.550804138,1.250164509,0.610016882,0.807871103,-2.17160511,-1.440911412,0.42612353,1.384989858,1.088442326,-1.762863874,-0.77863431,-1.369638324,-0.660491705,3.066152573,1.927882433,0.727063656,-2.067684174,-1.451499343,0.854587317,1.267698169,0.746042371,0.551369846,-1.673594475,0.654670358,-0.923844814,0.854332507,-0.616780281,1.870681047,0.103231236,-0.530341387,1.620179534,0.78098464,0.201331973,-0.806829095,-1.241878748,0.458070368,0.210593536,-0.539005995,0.177946836,-0.137459904,-2.00083518,0.106893115,-1.156196952,-0.135469049,1.471304893,-1.072447896,1.324339509,-0.559530139,1.927396178,-2.395196199,-1.613900423,-2.629448414,0.844567597,-3.192661762,-0.577056587,-0.32055366,0.477912992