0.114021167,1.607837439,-2.261381865,-3.240379572,-0.306436598,-0.444826126,1.230768085,2.284107208,1.603200793,-0.346949428,-0.798768103,-3.404191256,-0.974235594,-0.491378427,-0.244437113,0.119562209,-0.751408994,1.820980787,-0.902873635,-0.777063847,2.15983057,-2.119010687,0.116395324,1.498813748,1.677620411,0.155804366,3.807138681,1.712346315,-2.442281246,0.469163537,0.582421184,-0.682461858,-1.277542949,-0.940121889,-2.449656725,-2.134717464,0.805863619,0.541598856,-0.406558275,-0.602603734,-1.084263086,-1.015910506,1.57192874,-1.045359135,-1.069149613,0.756902814,0.125673503,-1.362786412,0.911979854,-1.786468387,-1.098774672,2.992183208,-0.980171323,-0.327088654,0.728681803,-1.244842529,-0.049181111,-0.708525538,-2.452770472,0.849507093,-0.941071689,1.616054654,1.52828753,0.256218016,1.416753173,-0.115765177,-0.813663244,1.157935381,1.164793015,-0.437671363,0.594980419,1.22316432,-0.177861601,-2.624022245,1.633823633,-0.487134993,0.96293664,-0.935901403,-1.709501505,-1.160407543,-0.017188996,0.393467337,-0.68548733,0.024678528,2.290899754,-0.644850552,1.518707871,-0.932283461,-2.916240454,-2.361136675,-1.87157464,-1.530225396,1.29178226,0.302941173,0.277492821,-1.306054115,-0.882009089,-0.365486592,1.03005302,0.098453104,0.350426257,-2.308424234,0.153231859,-1.956170082,1.155367255,1.55273509,-0.433611304,0.601298749,2.3334198,-0.173863649,-0.827543676,-1.736789227,0.144379348,-1.479260564,-0.022597708,-0.236883461,-0.824326098,-0.252295554,1.453939915,0.547814548,-1.484482765,0.525316715,0.197683409,0.261324704,-0.156604812,-1.84868443,-0.623425663,1.772449374
-1.10343051,0.446157932,1.959172249,-1.275302172,-1.056434631,-0.319200158,-2.41766572,-0.525866389,0.109033659,1.191428304,1.815083146,0.802785695,-0.19747287,2.321830273,-2.106353521,-1.395981312,-5.534528255,0.636714339,-0.345508337,-1.353761196,0.595381916,-1.971848249,-2.158419609,-0.772194982,-0.738397598,1.996328831,0.725443184,-0.136911407,1.236375213,-0.300882876,-2.261038065,-2.751086473,-0.787984908,1.702244878,-2.978648424,1.746915102,-0.744629979,-0.785544455,0.906352222,1.877617121,-0.962682486,-0.805332482,-0.324065447,0.774180174,-0.155851856,0.12893407,0.57627517,0.797046781,-0.81446147,-1.012824774,1.820548773,1.954410195,2.268854856,-1.123849392,-2.007879257,1.136000156,-2.103649378,0.386511177,1.629661679,-0.289833188,0.326949418,0.699424565,0.168966934,1.986569524,-0.701236904,0.829273522,-0.560279012,0.320936561,-1.372046947,0.913399041,1.617953539,1.516042948,0.527273059,1.747198224,0.40601483,0.52023977,-1.052206874,2.432967424,0.784218192,0.264289141,-0.950738311,-0.017286271,-2.539928436,0.750404,0.748338461,1.335731268,0.445847094,0.332488239,1.691486239,0.695247173,0.17643556,1.03679347,-0.391310453,-2.981536865,1.97811687,1.15092802,-0.164108843,-1.95126152,1.17039609,-0.734721661,0.30488658,1.787508965,-0.700097978,0.172954708,-0.206320062,-0.492401958,-0.499323696,1.056744814,1.370984077,2.291285753,0.723974764,-1.040955544,-0.424389035,0.654908717,0.498899639,1.287613988,0.423070371,-0.437640458,-0.69154191,1.343991995,-1.020496249,-2.13031435,-1.302947283,-0.813764036,-1.320269227,-1.475556254,0.577817023,-0.197079033
-0.728809536,-1.333726645,1.108615994,-2.083683729,-2.604075193,-3.004352808,-0.886997879,0.932257891,2.47760272,1.110990882,-0.019069716,-0.221202597,0.886242568,0.444738805,-0.882052958,-1.473394632,-4.607978344,-1.490766287,-0.590002179,-1.593420982,2.747555256,-2.531407833,0.225119859,-0.065093234,0.456467628,1.450489283,1.635090709,2.228358746,0.729236841,1.613245368,-3.964625597,-1.972444534,-0.619466245,1.005850077,-2.982875347,-0.879243374,-0.60255599,-0.756153882,-0.624848127,-0.660632312,-1.975858927,-0.039073605,-0.63496393,0.771381378,-0.457782447,1.096459866,1.540940046,-0.345266521,-0.439679205,-1.99081552,-0.416738957,2.711269855,0.916193306,-0.282380193,0.202000916,-1.03558898,0.925255299,-0.289803863,0.067198098,-1.648587227,1.016615152,1.712371826,0.807851911,0.969758511,-2.718825579,1.319870234,-2.582427979,0.736544013,-0.672612965,-0.649025977,2.770241261,1.867369175,1.74576807,0.880686522,0.277378738,-1.229754686,-1.849979877,0.829344511,1.04900372,1.916541815,-1.224842906,0.156871349,-2.876871109,0.041514635,3.334005356,0.532511592,1.640067697,-0.363530308,-0.85747236,0.890856326,1.938559532,0.238170415,1.003304124,-1.667201042,0.047747277,1.279121757,0.731190145,-1.585836411,2.405484915,0.10029678,0.12350376,1.692331314,0.156173527,-0.597809672,-1.90767777,-0.372898042,0.172534436,1.495225787,0.905253649,0.572264612,-0.65768224,-1.838011742,0.636338472,0.640408099,1.022180676,-0.077105626,-1.106313109,1.011358261,-0.036387995,-0.426951587,-3.339222908,-0.494581401,-1.551469684,0.601171911,-2.273574591,0.146843284,-0.075785071,0.970616341
-0.689934611,-0.980122983,1.101531982,-0.985811234,-2.22853899,-2.765231133,-0.323303938,0.781068444,1.925275207,0.601790905,0.00703299,-0.922459185,0.068751529,1.31919682,-0.848008752,-0.52188158,-3.552923918,-0.31510371,-0.903744817,-0.68341136,1.683491468,-1.577010036,-0.181475028,-0.474165171,0.094720252,0.819565594,0.594052017,1.182303429,-0.019322269,0.469587713,-3.994480848,-0.296625376,-0.106704891,2.652740955,-1.026707888,0.391047448,-0.791935802,-1.028060436,-0.752183557,-0.686022937,-1.491614342,0.416114271,-0.799929857,0.964267373,-0.710007012,0.156684548,0.985587656,-0.310548961,-0.383192122,-1.567564368,0.095882908,1.415266633,0.937833548,-0.366379976,0.788888454,-0.29303515,-0.574431121,-0.666799068,0.449533701,-0.759776592,1.242050886,1.09149611,-0.546533048,0.987172127,-2.299603939,1.298948646,-2.411283016,1.046751738,-0.225573719,-0.949769676,2.11404705,2.09599328,1.350121498,0.355801463,0.951521277,-1.72740221,-0.76776588,1.860062122,1.449254394,1.071346164,0.199934214,0.118487418,-2.666751862,0.639299393,2.24298048,0.892083108,2.09619379,-0.187950969,0.326143891,0.963594496,1.079908133,0.470051646,0.296426445,-1.193907142,0.138231605,1.26060307,1.300822377,-1.059416294,1.760905385,0.431824625,-1.122771978,1.684638619,0.211047053,0.860746861,-0.6269629,-0.926167965,0.155010849,0.775019944,0.169097513,0.183696091,-0.702676296,-1.254344583,0.778046131,1.045141816,0.797479868,0.283070564,-0.690526068,1.385183692,-0.508626461,1.081100821,-1.336103797,0.399966896,-0.414990604,-0.10746862,-0.827183723,-0.024891153,-0.337137818,0.539530456
0.167688772,-1.167595625,1.334355593,-1.512446404,-2.215174437,-3.503830671,-1.02041328,-0.37694636,0.995371997,3.2135427,1.911397219,-0.275984555,0.354395866,0.150861487,0.571459711,-1.574246168,-5.659955025,-0.241889209,0.935931027,-2.557660818,2.207060575,-0.544006169,-0.427384824,0.424187213,0.382205069,1.570758224,2.162394285,3.289659977,1.142855048,0.961657405,-3.933092594,-3.061890364,-1.175972462,0.53972733,-2.730324745,0.133293003,-0.954722404,-0.512265444,-0.303555906,0.475362808,-2.278749466,-0.251774311,-1.486794233,2.09807682,-0.276614785,0.35487029,2.851621866,-0.48348093,-1.253315687,-0.136617124,-0.737986267,2.154452324,1.768080711,0.754488468,-0.059221826,-1.276297569,0.008024916,-1.991431355,1.494135261,-1.631433964,-0.779816389,1.266679406,-0.499368072,0.658817947,-3.681484461,1.266535759,-2.480551958,-0.178675309,-0.097656228,-0.180621207,2.658946991,1.484881878,0.230612993,0.359381318,-0.043912545,-3.616810799,-0.056957603,0.97187078,0.564158916,0.182170913,-2.176419735,-0.86799407,-4.503786087,0.154543549,3.412321568,0.955250442,0.001388788,-0.242620289,0.190639719,-0.479704589,1.458390474,0.592338681,1.975311995,-2.944063902,0.116319351,-0.932598352,0.419381648,-1.691457272,1.621366858,0.196089491,0.617999017,2.114159584,0.657013655,0.678207457,-0.202033281,-0.141946748,1.613561273,1.486250162,1.318911672,1.376957774,-0.408447146,-2.356840611,-0.002180994,-0.557191908,-0.579469383,1.040816903,0.35201782,0.630724072,-0.245581806,-0.27077049,-2.759564638,-1.811251163,-1.393684506,1.027512193,-2.882345676,1.878027797,-0.017279297,-0.627611518
-0.951128066,-1.510267258,0.798563719,-2.517863035,-1.856897116,-4.169223309,-0.829780281,-0.254783303,1.055490136,1.088335991,0.176501751,0.093628183,-0.441207111,0.8205176,-0.602561533,-1.933090806,-3.821502924,-0.015737623,-0.720336974,-1.880311489,1.874291301,-0.840237856,-1.226366758,0.28917551,0.024358757,2.338772058,3.023690224,2.26483202,1.046458125,1.894837856,-4.337630749,-1.99723506,0.251384199,1.653491497,-3.434967518,0.458274186,-0.061724141,-0.02903983,0.08587569,-0.046763174,-2.025755167,0.8347013,-1.043095112,1.321166754,-1.764384389,1.623637557,1.434381723,-2.340013027,-2.262990952,-0.965522528,-0.720261157,1.606172681,1.073241472,0.075645909,-0.144477516,-2.653783321,0.035524748,-1.719707131,-0.107039422,-0.434453368,0.479002237,1.868199944,-1.537561417,0.807198524,-0.944573402,1.068269968,-2.173485518,0.300544024,-0.135255113,-0.225624397,4.053621292,1.451998711,1.328024149,0.551986992,1.218260407,-1.739759445,-0.803193092,1.192628622,1.543588638,1.482693076,-1.760746717,-0.655468583,-2.292932987,0.470148742,2.538235188,1.132830024,0.091941811,-1.188921928,-1.238784552,0.444418222,0.753217876,-0.325039804,1.376119971,-2.844806671,0.757894039,-0.748018742,0.541538417,-1.468869686,1.657589674,-0.386196971,-1.227103472,0.556994259,0.131228864,-0.339861155,-0.404291391,-0.84766084,0.516380668,1.457537413,1.94693315,1.30812335,-1.322924972,-3.069137096,-0.144965321,-0.278860956,-0.096955009,-0.349036813,-1.810674906,1.379944444,-0.290962785,1.19097662,-2.329586506,-2.209013939,-2.472498417,1.186432242,-2.133797884,-0.58256954,-0.163108796,0.739582419
0.532022357,-0.648224056,0.863961816,-1.669063687,-3.036030293,-0.739466429,-1.668658257,1.571795344,1.452798247,0.302541107,-0.320714325,-1.992788076,-0.239404857,0.154803395,-1.131871581,-0.042026967,-4.509441376,-0.449422717,-1.764545441,-0.805223525,1.445288539,-1.539639592,0.215899065,0.008496914,0.209915727,0.749254763,0.070093438,1.357452393,0.293440789,0.859381676,-1.802921176,-0.544360399,-0.77007395,0.904699802,-2.720613956,0.203011587,-0.236831099,-0.672557414,-0.882366896,-1.363543272,-0.644801855,-0.712513089,1.639068127,0.394690394,1.353758097,0.848735809,1.057453156,0.390723467,0.265310854,-1.665331006,0.400411189,1.487983823,0.208625048,-1.803495526,1.668213606,-0.333285511,0.604719341,-1.111978292,-0.20286417,-1.285976052,1.814909458,0.771611869,1.076061249,-0.026259664,-2.442393064,0.932688117,-1.493079066,1.125329375,-0.826985061,0.358719051,1.533859372,1.875963211,1.283685207,-0.766910076,1.094861865,-0.628189683,-0.070894182,1.788308859,0.494667798,0.449968696,-0.807594419,0.40274927,-2.364656448,-0.361098319,2.802877426,-0.317750096,2.294351816,1.408988357,-1.194702864,-0.640374959,0.650530219,0.529106259,1.581687927,-1.067699552,0.603571415,1.472985983,0.370402694,-0.904466033,2.260330677,0.104690894,-0.575154424,0.509127259,0.921833813,0.824652553,-0.195166051,0.920446098,-0.129550457,0.878446817,0.860367,-0.1535891,-0.660581112,-1.023809552,0.639474988,1.186697721,0.882136345,-0.236386389,-0.892043769,0.724966586,0.57644558,-0.019295052,-1.267572284,-0.50909698,0.035112455,0.156392232,-1.0007056,1.099902272,0.008372247,-0.124040738
0.756945312,0.045115829,1.006461859,-2.144681215,-3.265782118,0.264991701,-2.413824081,0.37877214,1.086606979,0.020026095,1.803387761,-1.17169714,-0.547982275,0.962988019,0.019547567,-1.060429215,-4.145893574,0.093159169,-0.659805834,-1.219733953,2.492181063,-2.621695757,-1.828374147,0.760838151,0.80868715,0.948207498,1.298886776,1.069752336,0.536603034,0.879914522,0.063488714,-2.805183172,-0.357625633,0.945416987,-2.929567337,-0.610767365,-0.087758303,-0.466956258,-1.148163557,-0.101168595,-0.681839585,-2.3914783,1.75177002,0.89342171,0.314871699,0.835439444,1.716839314,1.072320342,1.079867125,-2.538172722,0.858936131,3.086859226,0.478124917,-1.426792741,1.281080484,0.63999784,-0.372435778,-1.148442268,0.690986395,-1.735777617,0.75407505,-0.20990108,2.972598553,0.52170229,-1.397059679,0.022332564,-0.900750697,1.384398103,-0.217821881,-0.585031092,0.885162234,0.55158937,1.169072151,0.489079237,0.941876888,-0.518511653,-0.990662575,1.945544124,0.241118565,-0.494953394,-0.995167255,1.008912325,-3.378376961,-0.451976806,2.675260067,0.991291463,1.095953703,0.520588994,-0.986460865,-0.972388804,2.135165215,1.112047553,1.811993718,-0.965402782,-0.465734333,1.944097638,0.884989321,-2.366919756,2.072235823,-0.536119759,0.137885764,0.631804168,0.158976167,0.633644938,0.357185602,-0.052885458,-0.028774902,0.729967237,0.61046958,1.010099173,-0.11942327,-1.086078882,0.742679477,1.207904577,0.438174605,0.298585474,0.235102728,-1.068855166,-0.424905032,-1.071029186,-0.918612599,-1.585586429,1.365466356,-0.109082878,-1.115767479,0.143751502,0.066212937,-0.525751352
-0.296204329,-1.66120553,1.10704124,-2.268953562,-1.737928152,-2.750436068,-0.654753566,0.623620987,1.067912459,1.159946918,0.992606878,-0.607281983,0.252200097,1.107704043,-1.841610789,-0.936651826,-4.708985806,-0.543338299,-0.719643176,-2.03722477,1.81883359,-1.03890121,-0.725372314,0.515675128,0.349590302,1.042727828,1.859921932,1.079049945,1.515499353,0.518784642,-4.245415211,0.092921987,-0.222142696,1.550806999,-2.666734934,0.128040805,-0.337349236,-0.883937895,-0.534705102,-0.599122167,-1.387185693,1.089830637,-0.626709402,0.852469862,-0.751221001,0.535516083,1.642705441,-0.747184038,-1.027093172,-1.26503098,0.171967924,0.924461126,2.453526974,0.501290321,1.268785834,-1.139610052,-0.446770281,0.114757173,1.323380947,-0.858004749,0.605331838,0.277450293,0.290653914,1.34655714,-2.063376427,1.06237936,-2.275254726,0.846427143,-0.510363579,-1.163639426,2.797551394,2.551318645,0.816938281,1.217585802,0.337582916,-1.754106045,-0.94539535,1.244881868,0.857133031,1.436523318,-1.661082029,0.578294396,-2.455272436,-0.725072861,2.370542049,0.829951882,1.839914799,-0.716703832,-0.346198142,0.735027254,0.746453166,1.120173216,0.908585072,-1.394201994,0.453097373,1.070158839,1.150339127,-1.229332924,2.524718761,0.811536491,-0.430705667,2.435696602,1.042108059,0.411713362,-0.758777261,-1.017020702,-0.76403594,0.843065262,0.497040749,-0.422575831,-0.17930457,-1.282720804,-0.21202594,-0.005367044,-0.076733656,0.562272191,-1.340625882,0.642170906,0.148468912,0.905955791,-1.838740826,-0.696586847,-0.86732918,-0.076748699,-2.732433081,0.132099867,-0.268799514,0.4421359
0.71717608,0.297098517,-1.293918967,-1.797254205,-1.583808661,-0.863864779,-1.147761822,2.054847956,0.588610351,-0.130163252,-0.99838984,-2.628329754,-0.965241849,0.411740065,-2.183649063,1.211813569,-2.104814291,0.642319143,-1.811731339,-0.681483269,0.919214487,-2.697080374,1.359197497,-1.47909534,0.246453553,0.397188783,-0.681060016,0.391882062,-1.536510706,1.641401649,-0.871786892,1.097059727,-1.728340387,0.687056482,-2.218061209,1.29791069,-0.954260707,-0.03442958,-0.468761384,-1.616726637,-0.498490125,-1.378087282,1.901865959,-1.17284894,-0.074742466,1.164869308,0.179715544,-1.382116318,-0.200949609,-2.498008251,-0.217229024,2.002983332,-0.607948482,-2.371327162,1.510409951,-0.445984781,1.045210719,-1.671611667,-1.351404667,-0.145530194,0.31910634,1.152219415,0.864710331,-0.83013773,-0.946662664,1.207942843,-0.60215205,1.188299894,-1.034649611,-0.251996398,2.070122957,1.607183695,1.061097622,-2.237209797,2.162300825,-0.384965181,1.048437357,2.451270819,0.478978544,-0.076987982,0.188140422,0.275581867,0.478269517,0.2839306,2.765976429,0.274227589,1.675145388,1.499127388,-2.251383543,-1.32850492,-0.123221688,0.402349025,0.305665225,0.155672729,0.226813883,-0.117736816,-1.051970363,-1.324423313,2.297888279,-1.054026127,-2.419224977,-0.598845303,1.328124404,0.796301484,1.31954217,0.686812878,0.170337349,0.187724695,2.534637451,0.353395998,-0.257685035,-0.395772457,0.746515155,1.634369493,1.165917635,-2.18217063,-1.324020267,-0.146519408,1.104139209,-0.145582169,-0.898722947,1.246273875,-0.815212607,-0.137417614,1.126737475,-0.306105345,0.658491969,0.73974961
-0.797433853,-1.746413708,2.14193821,-2.416150093,-1.851321936,-2.809232473,-0.907238424,2.312972069,2.528493166,1.132809997,0.19488509,-0.633802891,0.937342227,1.155486584,-0.960037827,-0.683492899,-4.953166485,-1.543025255,-1.039444685,-1.743225813,1.586369157,-2.559099197,-1.37199235,0.138038978,-0.58046186,0.965156794,2.17535305,1.758439898,1.049998164,1.288273215,-5.520826817,-1.330603838,-1.278753638,2.488262892,-2.724650383,-0.501248598,-1.377411485,-1.051964521,0.586806357,-0.66493392,-1.765824914,1.455224276,-0.008594096,0.802048206,-1.343191385,0.359189123,1.489035368,-0.781956077,-1.108531952,-2.014831066,-0.058372833,2.134914875,2.395611525,0.830273569,-0.6691131,-0.825673103,0.075359933,0.496955335,1.526854157,-0.464665681,2.697191477,0.828727424,-0.00308238,1.667217493,-2.667803526,2.502945662,-3.467272043,0.472608745,-1.706150651,-0.809789956,3.237930536,1.578885078,0.969712555,1.660611272,0.88034308,-0.54150629,-2.264897108,1.453532577,1.31860733,3.708977699,-1.745726585,1.885996461,-2.029955387,0.89506948,2.754034996,0.221195668,2.19168067,-0.943006933,-0.451539099,1.062213421,1.317698002,0.502246976,-0.052651212,-2.66375351,0.332906991,0.914552152,1.626044154,-1.40247488,2.565211773,0.232809111,-1.160202503,3.589159012,0.067736261,-1.156822562,-1.205092072,-1.978199363,0.431033999,0.803510785,1.895315289,0.711347878,-1.225298047,-1.976063132,-0.371920556,-0.623109519,1.31329596,0.230009243,-1.072689414,-0.347107947,-0.515074134,0.210774735,-3.113235474,-0.20842807,-1.887272716,-1.04616642,-2.464146852,-1.121214986,0.515382648,0.635203004
0.17338635,-1.139751196,0.295740485,-0.594400287,-1.679674864,-1.195357919,-1.245010138,2.777534485,2.242357254,-1.109069705,-0.396935165,-1.301675081,-0.550169885,-0.064577579,-1.585103631,0.616968989,-1.605260253,0.136044443,-1.967510223,-0.493789971,0.591220498,-1.722843409,1.43148756,-1.581491351,-0.694341362,0.77251327,0.401183456,0.134591579,-1.023466229,0.141744733,-1.289029479,-0.545119703,-1.13838315,0.898270428,-1.049462199,0.29068315,-0.967464685,-0.870207131,0.015767306,-2.234758139,-1.083127379,0.374120653,2.128484964,0.690101385,-1.387535691,0.543980718,0.498653948,-0.830583692,-0.467302024,-1.015262485,-0.228910476,0.432178736,-0.331213474,-1.570822477,-0.233944476,0.465558082,0.714373589,-0.265886813,-0.694920421,-0.402768165,1.64488399,1.308257222,0.737582505,-0.278340012,-1.541216373,1.763326049,-0.282746911,1.445258021,-0.729030848,-0.796217144,1.87951839,2.196248055,1.287907362,-0.383319795,0.341207564,1.373889685,0.295455217,2.419565439,0.680840194,0.343745649,0.957360029,0.697588921,-1.136511207,-0.265303522,2.894289017,-0.984246433,2.857533216,0.328003854,-2.715465546,0.308239877,-0.206032664,-0.777808487,0.644754946,-0.022450645,-0.235084116,0.458528489,-0.05709359,-1.287239432,1.241433859,0.120583817,-1.227883339,0.543008626,0.027915813,-1.373916864,0.947254777,1.710986137,-0.907837391,0.528890133,2.406348705,-0.102136992,-1.273311615,-0.175660595,0.985487223,0.967333019,0.899009824,-0.626689196,-1.646383286,0.238407195,0.259490073,-0.270789385,-1.982529998,1.338454366,0.002900109,-0.171126381,0.944958091,1.348116279,-0.480397105,0.105163142
-0.741675436,-2.716133595,1.019083381,-2.869159698,-2.145931721,-4.913266182,-0.430141985,-0.982796192,1.808986545,2.472304821,0.887816072,0.114683494,0.079197481,1.573585868,-1.436846972,-1.955174685,-7.732745171,-0.987941086,0.227683008,-3.030379057,2.725471973,-0.469198614,-1.865740538,1.779107809,1.36411643,1.446811914,2.68964076,1.976595521,4.161962986,1.095267177,-6.189944267,-1.805979133,-0.180927008,1.915037513,-3.652587175,-0.400039762,-0.177816421,-0.950627387,-0.189634591,0.432279676,-3.102807999,1.229636073,-2.146979809,1.089527249,-1.29286325,1.334860563,1.844625235,-0.837658226,-1.599123478,-1.477939248,-0.148550406,2.041889668,3.322498322,1.218267679,0.523153067,-1.971314669,-0.602780938,-0.081077039,0.852451563,-2.018889666,0.237023517,1.154077411,-0.76652509,1.599457502,-2.635321379,1.105106592,-3.410145998,0.826201141,0.430622637,-1.085836291,3.119268417,2.992579937,1.02995491,1.661444426,0.288966298,-3.413374186,-1.660081625,0.582202196,1.040147662,2.179439545,-2.797912121,-0.178858206,-3.110414267,0.203374922,3.566366673,0.923176229,0.818166673,-1.505659342,-0.014207762,0.101162978,2.192734241,1.119700313,1.394772887,-3.464777946,0.853584886,0.597663224,1.436014295,-1.698904753,3.527843237,0.116539523,0.582624257,3.236694098,1.214467287,0.587378979,-2.308451653,-2.225530148,0.367104858,1.969865799,0.402332425,-0.015535027,-0.309108138,-2.779327154,0.450877279,-0.927114964,-0.293122321,1.573293447,-1.773250818,1.83219552,-1.03948319,1.273117661,-3.014160395,-1.940582752,-2.432398081,0.569787323,-5.5566535,-0.07572531,-0.321402729,0.152176768
-0.733792186,-1.850501299,1.45015204,-3.121634483,-1.5728302,-3.848156214,-0.226905584,1.073339343,1.875538468,1.331345081,-0.083135605,-1.043728709,-1.611757755,1.015287876,-0.601952791,-1.244050145,-5.45981884,0.31385541,-2.340367079,-2.569307327,1.994399071,-1.435696483,-0.55947566,0.269476682,0.295454443,0.944977999,2.252049208,1.680506587,0.240802139,1.800462008,-4.540050983,-1.938565135,0.394402862,1.372835994,-2.240684509,-1.159879565,-0.071431696,-1.336683512,-0.597193182,-0.099585734,-2.551991224,0.34669435,-1.340079546,1.563854456,-2.285465956,1.211887002,1.274074793,-1.787688851,-2.240207195,-1.677153587,0.262710541,2.78831768,0.768840849,-0.348957956,0.317056388,-1.370809793,-0.643288732,-1.400239229,-0.191646516,-1.144202113,1.124740839,2.161892653,0.061157301,0.930188537,-1.297563791,1.390205622,-1.818242669,1.437391162,-0.17960912,-0.571029484,3.00689888,2.334491014,1.826487303,0.188007176,0.701926112,-1.228520155,-1.723969698,0.841352642,1.807177305,1.199337721,-1.517347574,0.017389446,-2.485663176,-0.601230621,3.178340912,0.958970606,2.088973522,-0.665486693,-1.025338173,0.665000439,1.331020594,-0.134612978,0.327255011,-2.626481295,1.617921829,-0.652886331,0.351537466,-0.870723367,2.561305523,-0.203438535,-0.73049438,1.352899432,1.157588243,-1.121818662,0.400017023,-0.497530699,1.304383755,2.19829011,1.847098827,0.68031168,-1.179161787,-2.453132153,1.49437952,0.001658093,1.388649464,0.577868462,-1.80267334,1.399339676,-0.527305007,0.466272771,-3.655107975,-1.206980586,-2.506593943,0.682584286,-3.69534111,-0.576306462,-1.575211525,0.533328891
-2.185441256,-1.766922712,0.628475547,-3.419947863,0.018020079,-3.798577547,-0.516483366,0.254788548,2.600022316,0.278472155,0.029879615,-0.030917348,-1.187871933,1.051584005,-2.595191956,-3.257846355,-6.018132687,0.203652471,-0.786597669,-1.979952574,2.593932629,0.134427786,-1.810409307,0.796624362,1.507501125,0.907380164,3.202316523,1.772466063,2.972842216,0.579087257,-5.784738541,-1.778911352,0.275850058,2.806252003,-2.339193344,-0.050477654,0.013368309,-0.995396793,-1.100355625,0.243216872,-2.238985062,0.701436698,-2.110472679,0.972618461,-1.223018408,1.574421406,0.926171601,-2.382659912,-2.034193754,-0.878062844,0.834448278,0.832555413,3.31747365,0.208841473,0.731212735,-2.238560915,-0.641908944,0.046144977,2.13036418,-0.895274103,0.563203216,-0.056388512,-0.146975696,0.903018951,-0.262063533,1.270608544,-2.151278734,1.516014457,0.137482211,-0.995657146,3.583651543,1.600601435,0.89811486,1.977012157,1.72432363,-1.946286917,-2.204365253,0.420499623,1.342935085,1.445659399,-2.467685699,0.208377689,-2.485610485,-0.609432578,1.869894147,1.690793037,0.371208191,-0.359902978,-0.38784337,0.820412517,1.008979201,2.271682978,-0.192914113,-3.582212687,1.562617302,-0.339676082,1.090937614,-1.194012403,2.44355011,-1.528573275,0.619231701,2.445067883,0.848368287,1.105148196,-1.249350309,-0.90027225,-0.283031017,0.814655483,0.380727232,-0.358914524,-0.245082855,-3.502316952,0.163417011,-0.726215184,0.370904803,1.222580791,-1.450640917,0.425063163,-0.818551183,0.884134173,-2.075646162,-3.955313683,-1.926996112,1.226631403,-6.018661976,-0.21983242,-1.298691988,-0.680715561
-0.654951215,-1.200788498,-0.207573265,-1.500032187,-1.618191957,-3.27251029,-1.029439926,0.623251438,1.56648922,0.841008186,-0.872089624,-0.721936941,-0.364275873,0.621431768,-1.064020514,-1.118223429,-3.894043207,0.995512664,-0.757720411,-1.453642249,2.070751429,0.418548375,-0.072021395,0.740942299,0.532543182,1.57964313,1.75153017,2.690775156,1.094350338,1.171530962,-3.463576317,-1.015301347,0.091467381,1.71739316,-1.433872938,0.277068496,-0.472543806,-0.477842212,-1.392793655,-1.225693226,-0.980079055,0.556777894,-1.277518272,0.381830335,0.498359144,0.67947793,0.973814785,-1.394562244,-1.812119246,-0.629933,-0.324080765,0.029781401,0.833925128,-0.505283833,2.0134902,-2.316670656,0.888122141,-1.264826655,0.873624206,-0.376000404,-0.26669699,1.030957699,-0.953460574,-0.075013369,-1.851648092,0.724772274,-2.633628607,0.960450709,0.00933733,-0.398854017,2.398415327,0.9680655,0.74858588,-0.590640783,2.584050179,-2.306895733,0.139959008,0.460188955,1.124690175,-0.592929423,-0.81720221,-0.955147147,-2.40431118,-0.235229284,2.458283424,0.677651525,0.73800236,-0.308751673,-0.887369335,0.571284175,0.808505654,1.076306462,1.185789824,-1.810815692,0.959094048,-0.549913228,0.724896252,-0.885335207,1.73469317,-0.494248271,-0.590436161,0.198860496,1.102652669,1.702350855,-0.08680366,0.632410109,0.366901368,-0.19146201,0.394391,-0.363677442,-0.313091218,-1.967000723,-1.13102591,-0.297559381,-0.023496322,0.232866064,-0.550783455,0.962655306,0.034095019,0.404180408,-0.994820595,-1.560170054,-0.819165468,0.637658477,-2.083558083,2.516387463,0.019404158,-0.496638149
-0.430877507,-2.272779226,0.377130836,-2.16744113,-2.168259859,-2.306885719,-0.732300341,1.862341046,2.877515793,0.869292259,-1.150489688,-0.557472885,0.517461777,0.039822124,-1.277885437,0.180072129,-4.472774982,-0.056951806,-1.072370052,-0.569018662,1.2859869,-0.568642616,0.012163842,0.740471244,0.907467842,1.600296021,1.43013227,1.921020627,0.860034466,1.141234994,-3.954035044,-0.644051313,-0.684202015,1.465068102,-1.382913589,-0.349214524,-0.343256474,-0.279925346,0.115417846,-2.421395063,-1.613766551,0.890613198,0.106566101,0.18426314,-0.067556955,0.812510848,1.300516367,-0.379280686,-1.1684587,-1.523737669,-0.457377613,1.407298326,0.602843404,-0.397769809,0.675130785,-1.317128658,1.17400825,-0.672228754,-0.201281279,-1.243124008,1.638458729,1.799330115,-0.758718014,0.724254012,-3.130723476,1.398697138,-2.597201586,1.283062696,-0.450446278,-0.303390801,2.656900883,2.115006685,1.459065676,-0.645139813,1.316816449,-1.654947758,0.131929904,0.007995665,1.330899954,1.641132236,-1.711897254,0.416774958,-1.654201865,0.370446622,3.643333912,-0.305090368,1.872483969,0.521440506,-1.724741697,0.517845571,0.099241845,-0.379915386,0.190934449,-1.81962657,0.635660231,0.211795107,1.153631806,-1.14167738,2.142539263,0.328470111,-0.986413896,1.282769918,0.500583053,-0.400446326,-1.118016481,0.475576699,-0.007734045,0.908435822,1.35588944,0.285121024,-1.047961712,-1.912439108,0.192608893,-0.443957567,0.862815261,0.081509866,-1.474976063,0.7262609,0.572875381,-0.12189357,-2.650865078,0.135895133,-0.940715969,0.148234114,-1.919679642,0.968718112,-0.98301506,0.334758967
-0.252887785,-1.407874346,0.788982749,-2.61632967,-2.112813473,-2.792335272,-0.487979084,1.305850387,1.381418943,0.501690745,-0.075033009,-0.388712019,0.221695334,0.619414747,-1.027143955,-1.059589148,-4.586126804,-0.462903351,-1.924299479,-1.289033413,2.347281456,-0.610303998,1.283199668,-0.487303823,0.180587351,1.393931031,0.639510751,1.530787349,0.692119598,0.502724528,-3.728910923,-0.062898815,0.086857349,1.476052761,-1.337253451,0.272152483,0.219144046,-0.67176348,-0.845364273,-0.563926756,-1.215917349,1.005096436,-0.438542306,0.544850767,-0.79413873,0.381617725,1.294718266,-1.050119519,-1.172145367,-1.290223837,-0.276190698,0.841782212,1.454003692,0.070261687,2.031928778,-0.968440235,-0.135473073,-1.213120818,0.157360628,-1.622055531,1.158571005,0.814927161,0.25070262,-0.136243343,-2.238357544,0.812386334,-2.904457092,0.921194851,-0.564288676,-0.681021869,3.033743382,2.234493971,1.515477419,-0.50839591,1.30139792,-1.827367306,-0.231770158,1.363525867,0.931009471,0.513892055,-0.832955003,0.63446188,-2.570156097,-0.235530525,2.631843567,0.66217649,1.839535117,0.275399238,-1.379395008,-0.38723582,1.555610538,0.865503609,0.873520553,-1.014859676,0.577082753,-0.060476482,0.332463026,-1.162783384,2.351449013,1.166422844,-1.329414368,1.427878022,0.785814404,0.712642968,-0.399090886,-0.245736435,0.099191159,1.026429892,0.038166732,0.020396695,-0.220709532,-1.480014086,0.531893134,0.7406618,1.152107716,-0.076932982,-0.855423927,1.395441055,0.248728603,0.850375533,-1.425419688,0.113756359,-1.065953732,1.208509803,-2.513676643,0.899935186,0.120819584,-0.694479108
-0.417136729,0.158829719,0.388427109,-1.472575545,-1.209132433,-0.908895135,-1.428900242,0.165863752,0.035699159,-0.543665886,0.43456322,-1.041382551,-0.247081876,0.147845969,-1.152567744,-0.730153918,-2.313626528,0.485635102,-0.866149366,-0.714639723,1.695061564,-0.670160174,-0.313419163,-0.187079623,0.465693533,0.480085671,0.126313761,0.722457767,-0.100334994,1.318868876,-0.856477976,-0.455629408,0.198939323,1.150028467,-1.687560916,-0.020814806,0.073071942,0.231641516,-0.901721597,0.380614877,0.332253188,-0.209062636,0.299614698,-0.642846704,1.450344682,0.205126256,0.703788459,0.141777113,0.093561918,-0.981795907,0.590563774,0.790156484,0.318941832,-0.643944919,2.556573629,-0.989778697,0.41269657,-0.740071118,0.590063751,-0.438882947,0.510787964,0.603633225,1.028301716,-0.521110415,-1.057033777,0.918101609,-0.974560797,1.039885521,-0.087444149,-0.342546523,1.222477436,0.305423826,0.938059747,-0.381265998,0.851301551,-1.264940739,0.416371733,0.887082756,1.588866591,-0.852398694,-0.172578186,0.094950557,-1.0668993,-0.427937001,1.755832553,0.434945196,0.875577629,-0.133728281,-0.967284083,0.192581952,-0.106968246,0.768327534,0.604106069,-0.371687591,-0.270271599,0.631600618,0.682680249,-0.92862463,1.761767387,-1.520803809,-0.893570483,0.552091658,1.207744479,0.849545658,-0.208221376,0.613556862,-0.040810287,0.064158157,0.040235922,0.080517739,-0.348613441,-0.75490135,0.029208705,1.003949523,0.01332476,-0.252124518,-0.749350071,0.497866124,1.018599272,0.440634191,-0.941068769,-0.018547669,-0.072265521,0.001991645,0.332806438,0.994684398,1.052462101,0.532043636
-0.643602014,-1.504940748,-0.508468986,-2.96185112,-1.894882679,-2.82291007,-1.235319972,0.622153997,2.385219336,-0.178411677,-1.033572793,-1.220427036,-1.358034134,1.549756885,-1.889138579,-1.139023304,-5.549294949,0.499638975,-1.187920332,-1.834496737,2.392860889,-0.41701737,-0.950158775,0.410568178,0.978675008,1.469016671,1.421924472,2.302286386,1.81099844,0.033842385,-3.746027708,-1.920488119,-0.803677082,1.356754303,-2.132816553,-0.240311235,0.010169029,-0.32737273,-0.891591907,-0.271369427,-2.077780008,-0.306488156,0.837397039,0.33033222,-0.447189689,2.047031403,0.582781494,-2.142129183,-0.588051319,-2.139846802,-0.045745611,1.179001689,0.885884821,-0.386177689,1.04355824,-2.053973913,0.3037844,-1.123817086,-0.763488412,-0.390354186,0.768930137,1.057821393,-0.435121894,0.564589322,-1.304668188,0.981556952,-1.372750282,1.682547808,-0.580126822,0.2847175,3.29783082,2.648234367,1.699315786,-0.516005874,1.873343229,-2.132204771,-1.466028929,1.530396819,1.487338543,1.396615624,-2.045711756,-0.186828643,-2.010535717,-0.331492037,2.998625755,1.197491169,1.666107059,0.767523646,-2.069043636,-0.988407195,-0.565725744,1.42155385,0.204109594,-3.099767208,1.55168426,-0.757806361,0.414951712,-0.629340887,3.089586973,-0.259756923,-1.555719614,1.4644382,1.383656263,0.238324761,-1.541901231,0.597898483,-0.873939753,2.273039579,1.199579477,-0.349681199,-1.560613513,-3.485714912,-0.137886792,1.038505077,0.680448174,0.874450684,-1.404818535,0.717331886,0.388169795,0.652302861,-0.873437345,-2.05347681,-1.447204113,2.321772575,-3.684509516,-0.606250882,-0.403120041,1.043603897
-0.49383986,0.224482059,0.104250684,-1.605830312,-1.381117344,-1.415228844,-0.976732016,1.308358312,0.730256021,0.69297415,0.214787036,-1.521251202,-0.09763819,0.336791039,-1.466675282,-0.999192476,-2.849694729,0.005451411,-0.595160723,-0.873098969,1.690382123,-1.454870462,-0.126236483,-0.051816609,0.638600826,1.0588907,0.25656414,0.718673766,0.424516231,1.340299487,-1.451687932,-0.678880811,-0.283159405,1.077355981,-2.512778759,0.087744951,0.384382427,-0.74291712,-0.448252201,-0.062432788,-0.989763498,-0.544893622,0.518516183,-0.038073719,0.460986853,0.528344512,0.905061424,-0.148441106,-0.44621855,-1.596048236,0.886355698,1.933916688,0.649312198,-1.114841223,1.479436994,-0.772183418,0.265454859,-0.562829673,-0.258085221,-0.337149858,0.133692071,0.373624086,1.266340613,0.162956417,-1.400015593,0.77488935,-1.648711681,0.954843819,-0.047149412,-1.030697703,2.135808229,1.218781471,0.605338752,-0.226418585,1.082928777,-0.43506363,0.299937785,1.138750792,0.414891183,-0.464130461,-0.341092914,0.315410584,-1.335777044,0.032240555,2.409871101,0.714086294,1.753533483,-0.025368437,-0.349323541,-0.157054991,0.673628986,0.753049493,0.885344386,-0.722833931,0.291106343,0.748265445,-0.2106359,-1.495603204,1.682564139,-0.90962404,-0.849162698,0.830387592,0.4308514,0.682498932,-0.128532752,0.439735711,0.021796405,0.190471128,1.094853401,0.173505723,-1.235964298,-0.895504415,-0.347517788,0.391892493,0.522000909,-0.930732131,-0.642233431,0.278857797,0.3915793,0.619863391,-2.117991447,-0.134759888,-0.786318183,-0.030207798,-0.818149567,0.40771538,1.005686045,0.54296416
-1.708341122,-0.868306577,0.079051018,-3.695981741,-0.729562819,-3.605145693,-1.325469255,-0.286283165,0.565724015,-0.425535321,-0.302349001,-1.366935134,-1.469798803,1.43186152,-1.23242867,-2.620073557,-4.172959805,0.026053831,-1.602885485,-2.325587273,2.634214401,0.507233262,0.363479942,0.66858238,0.53945601,1.27238214,2.36193943,2.111732006,1.141482472,0.929546833,-3.775264978,-1.434372425,0.003646404,0.885338306,-2.576211452,0.625104249,-0.113770008,-0.790956676,-0.766007721,0.5788095,-0.579125881,0.358787984,-1.158842087,0.391127944,0.195112765,1.84639132,0.476869881,-2.912264824,-0.968696892,0.217314601,-0.041505665,0.2417593,0.185468331,0.822244763,1.017148733,-2.017789125,0.552395463,-0.403520942,-0.987043977,0.084807783,0.217593297,0.809217691,-0.87919867,-0.31821844,-0.397003353,0.73805511,-1.275549412,-0.188855544,0.341487795,-0.052253589,2.390650988,1.835030556,0.322796822,-0.051884532,1.833401322,-2.131826401,-0.831918716,1.611350775,1.327626228,1.019980192,-0.722205281,-0.648944139,-1.331848621,-0.312955648,2.095014572,1.319720864,0.413178444,-1.031014919,-2.008727074,-0.723486364,1.104961753,1.661862373,2.330697775,-3.248705626,1.57594502,-1.62957561,-0.370494634,-0.827395499,2.10393095,-1.291837215,-1.411476135,0.204526767,0.712547898,0.505616069,-0.420450509,-0.244937196,-0.077287123,0.288167059,1.906508803,0.512127459,-1.310256481,-2.314622879,-1.121059656,-0.566684663,-0.071511693,0.721409082,-1.100261331,1.610908151,0.086087078,1.894087434,-1.340120912,-2.479798555,-2.751822948,1.33461833,-2.421947479,-0.018559523,0.663804412,0.38886109
-1.288692236,-2.080173016,1.108243823,-3.164081335,-1.553642273,-2.413790226,-0.774276555,1.047530055,2.028828144,-0.041897915,-1.126767516,-1.269238472,0.616333365,0.61067915,-1.133679032,-1.205315232,-3.754953146,-0.085804552,-1.796379566,-1.315235257,2.794525146,1.332616568,0.707667768,1.322974801,1.640366197,1.208085299,0.547193229,2.425415993,1.448323369,0.12327987,-3.604917288,0.211018786,-0.124205217,1.821116805,-0.623155534,-0.213344038,-0.195382446,-0.627709389,-1.223900676,-0.601391733,-0.172254398,1.264415503,-0.647573054,0.632077098,1.06771934,1.045154452,0.977436721,-1.102664113,-0.452628076,-0.338743806,0.459025741,0.10876143,0.644124091,0.316465974,1.997866392,-1.637307167,1.596622944,-0.156233504,0.564883709,-0.759548306,0.813581049,-0.455264151,-0.222286493,-0.405461401,-2.304475546,1.508595109,-1.690097094,0.549560606,-0.150123402,-0.482052445,2.394964457,1.112289429,1.307240725,0.608032227,1.090755463,-2.196845293,-0.377728105,0.719987154,-0.632145524,0.218421981,0.20452334,0.396423131,-1.895969629,-1.529632688,1.878305078,0.09220992,0.89585489,0.211341202,-1.52083683,0.183563545,0.698603511,1.651328683,1.316548586,-2.010469913,1.221933365,0.293545127,0.856720507,-1.103551388,1.62681067,-0.00317128,-0.365513802,2.030589342,1.246810317,0.849588156,-1.07756722,0.345604956,-0.178543657,-0.882522106,-0.538483739,-0.654829025,-0.129810795,-1.295555472,-1.061734796,-1.240070224,0.002267927,1.528172374,-0.304160237,1.531291723,-0.128356695,0.452748179,-0.839048743,-1.51818347,-0.547178328,0.231245533,-2.172992229,1.687927604,0.360061049,-0.130938947
-0.709597707,-1.605307341,0.636147022,-2.823285341,-2.236130714,-3.588346243,-0.856826007,0.562320828,1.498070121,-0.161700249,-0.71721679,-1.323732376,0.287071615,0.859020293,-0.272501647,-0.884153247,-3.665751934,-0.138681337,-1.700964212,-1.742580771,2.943321228,-0.317117035,0.09114708,0.511780143,0.324351221,2.056070089,1.289601684,2.357803106,0.466258317,1.951575518,-3.007017612,-0.813989162,0.601901054,2.096895933,-0.523051739,0.387058258,-0.507816315,-0.802864969,-1.476248264,-0.293913096,-1.118065476,0.322168648,-1.08237505,0.850230634,1.021199942,1.433226705,1.126863003,-1.866885066,-0.94306308,-0.735994637,0.054801762,0.486169279,-0.235912606,-0.192716509,1.560420275,-2.997211933,0.89772433,-1.28136909,0.532490909,-0.601571679,0.564890444,1.225412488,-0.409102082,-0.171984673,-1.798178434,1.403325796,-3.071270466,1.036382556,0.74238503,-0.857636154,2.12053299,1.270473242,1.779441595,0.382749677,2.213829756,-2.643585205,-0.655007362,1.513287663,1.071030259,-0.194906935,-0.266160935,-0.273084164,-1.102827907,-0.359439164,2.183288813,1.334666967,0.578393042,-0.727232575,-1.855788946,0.081169017,1.129217625,0.971021712,0.578179836,-1.798398852,0.064044319,-0.251008302,1.065194964,-0.939222157,2.313781738,-1.439696908,-1.286670208,0.969389498,1.224631667,1.234175205,-1.084858179,0.754080772,0.280887574,0.392404675,-0.221839413,0.140293658,-0.613426924,-2.196812868,-0.378888458,-0.099327892,0.600289941,0.225745633,-1.338750362,1.193353772,0.184765607,0.03906323,-0.86532563,-0.796779335,-0.901255786,0.86154753,-1.343049884,0.884195864,0.610990584,0.05472054
-1.903015256,-1.155425787,-0.976809621,-3.648404121,-0.13433817,-3.826325655,-1.360903025,0.318051815,1.885051966,-0.320242912,-0.995619655,-0.619014919,-1.558877945,0.395250559,-2.668515205,-3.364101887,-5.081641197,1.924924135,-1.665336132,-1.919942617,2.071758986,0.949551344,-0.794018686,1.239994168,1.376152992,1.906561971,3.562251091,2.427232265,2.303760767,1.131394744,-3.378964424,-2.690141916,0.247244298,2.239334345,-1.958134055,-0.530219197,0.452363729,-0.500412405,-0.839138806,-0.505004704,-1.300254226,-0.754845738,-0.709087431,0.636317849,-1.003658891,1.489649534,-0.248636588,-3.309085131,-2.661473751,-0.69443351,0.617291272,0.120670378,1.250296593,-0.740995646,1.622095346,-2.524944305,-0.200540885,-2.057252645,0.921513319,-0.26478982,-0.420440614,1.083894849,-0.670967042,-0.317341715,0.624111533,0.350925624,-1.599256039,1.175409436,0.793714464,-0.342395842,3.253510475,1.157443047,0.924190223,-0.493801117,3.184868336,-0.701777935,-0.862053275,0.409551293,0.651268244,-0.177540883,-1.845009327,-1.117629766,-1.913195372,-0.799374461,2.014744282,1.455125809,0.354657888,0.388664067,-2.210989475,-0.729705751,-0.077677198,1.461689949,-0.250547767,-3.495266199,1.636098027,-3.212657452,-0.263563722,-1.049331784,1.089575052,-1.562624335,-0.935954332,-0.064029574,1.084843993,1.279363632,-0.045359805,0.879922628,0.014132231,0.591869414,0.848534346,0.455021024,-0.726534128,-4.484251022,-1.294435382,-0.257892579,1.132325888,0.234968871,-1.506802082,0.68292886,1.55835259,0.855510414,-0.989961982,-4.144076824,-1.678616405,2.763079882,-5.305730343,0.505395532,-0.795832932,-0.492063135
-2.391483068,-0.42820251,0.179748088,-3.114366055,-0.229628056,-4.404978752,-0.115198977,1.451003551,1.274544597,-0.359571099,-2.145017147,-0.916198075,-0.919950902,0.443782359,0.013596669,-1.595232368,-2.842175007,0.2189219,-2.311184168,-0.663004398,1.10261941,1.384276509,1.008607507,0.678773522,0.94528079,1.318284631,1.376881003,2.813151836,0.972493291,0.742470145,-3.921132326,0.041554201,0.426335216,1.715252161,-1.076761603,-0.1450122,0.533690453,-1.071427107,-1.800613284,-1.902359962,-0.671321869,0.642190397,-2.320767164,0.435937136,-1.462430716,-0.045596167,-0.397078604,-1.98285079,-2.343648195,-0.148243278,-0.938474953,-0.652956128,0.281121671,0.142017826,2.57164073,-2.062855721,-0.052099414,-1.954748154,1.520069122,-0.310300708,-0.758391976,1.453217506,-0.361013055,-2.225845575,-1.149150252,0.701829672,-1.223976612,0.31054461,1.002564669,-0.922009289,2.129580736,0.361364663,-0.607458949,-1.489877462,2.668445826,-3.481862545,0.231458336,0.221224934,0.808977365,-0.327794611,0.172655791,0.02235353,-2.388277054,-0.453074843,2.014520645,0.269604266,2.925582647,0.483088851,-1.041879296,-0.418136925,1.435152769,1.6642102,0.654992342,-1.982357621,0.678706884,-1.97356391,0.619030118,-1.25390029,1.42764008,-0.161842823,-1.672870755,-0.758375645,1.179324269,1.682315469,0.628591359,-0.332082808,1.131392121,-0.442079723,0.290646285,-0.545561433,-0.670349836,-2.686177492,-1.305783629,-0.25078845,0.184128523,-0.08667545,-1.869376421,1.776389956,0.288924634,0.440039217,-0.365020394,-1.102048516,-1.627004981,1.059658527,-1.938737988,1.692414284,0.610907793,-1.340242505
-0.687024832,-1.216183424,1.265352368,-2.572302103,-1.698274136,-2.244346142,-1.635122538,1.173646331,2.416486502,0.458557099,0.594298184,-1.019495726,0.122011185,1.475057006,-1.214901686,-1.191052437,-4.370806217,-0.596962214,-0.916953087,-1.475391507,1.974304438,-2.86088562,-1.632735133,-0.299442708,0.016018018,0.829557598,1.875033259,1.19034946,0.82349503,1.889035583,-3.959352732,-1.930291414,-1.182722807,2.140251398,-3.48127389,-0.246753931,-1.279825926,-0.429836214,0.115173332,0.62793833,-1.584472895,0.052922737,-0.460820496,0.632551789,-0.907131732,1.206874013,1.871975422,-1.000828862,-0.623066366,-2.418776512,0.907556117,3.394693375,1.949417949,-0.396708786,-0.117640249,-0.364275157,-0.478143543,-0.817256749,1.031894565,-1.100311756,1.318341494,0.858153164,0.530534863,1.363058686,-1.361813903,2.208176374,-1.755313873,0.389698803,-1.256162763,-0.371726215,2.653385401,1.366545916,1.341466427,1.758136511,1.238108873,-0.873488307,-2.279109478,1.339745045,1.28947866,2.188581467,-1.802766562,0.517962813,-2.324598551,0.920132399,2.161453247,1.053984404,1.51958704,-0.98336339,0.224480197,0.491277307,1.185230136,1.143401504,0.481121957,-1.884552479,0.257470548,1.484068751,1.007290602,-2.102720737,2.571968794,-1.413314581,-0.579992354,2.112336159,0.19994396,0.114225745,-0.272213221,-1.98982656,0.653428793,0.395718396,1.191330671,1.47394371,-0.716379106,-2.130063057,0.721386671,0.596822441,1.024504185,-0.324179024,-0.501450896,-0.761790216,-0.526029706,-0.144029662,-3.003651381,-0.668051302,-2.090680122,-0.775898218,-2.505051851,-1.423634887,0.063269332,0.385986269
0.002213821,-0.869296134,1.700873137,-2.930974483,-2.210243702,-0.569241107,-2.075488806,1.927583337,1.540103078,-0.833549201,-1.274098277,-0.860937297,0.619635582,0.9064098,-1.276479244,0.543105483,-2.534030914,0.340624213,-2.128525019,-0.580551445,2.934235334,-0.372311085,1.559889913,0.733527243,-0.110964201,1.014995456,-0.497072071,1.387104392,-0.15961802,0.891993165,-0.210877031,-0.731900454,-0.471622288,1.292646885,-0.491226017,-1.598449945,-0.399713844,-1.129163027,-1.052351713,-1.306104422,0.375295788,1.287765145,1.724318981,-0.34927702,1.97644794,0.434997648,1.488065958,-0.824292481,-0.51283437,-1.168004394,0.163240641,0.790397882,-1.136894226,-1.301584363,2.247740746,-1.696491003,2.046626568,-1.653216958,0.345694304,-0.710295498,1.387420177,-0.534042954,1.062984228,-1.132611513,-1.610405922,1.490532041,-0.750573874,1.134331942,-1.27431047,-0.0966691,2.750003338,0.374003112,1.193761826,-0.814199567,1.296485186,-0.522601843,0.863027632,1.578001738,0.049340572,-0.413827598,-0.63193512,0.421644241,-0.84106487,-1.075401425,1.834741473,-0.07996577,1.013749361,0.082798421,-3.2850945,-0.415283829,-0.134096384,0.464260787,1.395901918,-0.500086486,-0.114001431,-0.127799898,0.168211877,-0.995671272,1.34997499,-1.110272169,-1.987632871,0.64977634,0.382635534,-0.032216236,0.109996542,1.878375769,-0.452617139,-0.902773738,0.349428624,0.071950674,-0.949697435,-1.651159167,-0.399205059,-0.100055695,0.4844459,0.420508087,-1.874954462,0.345923215,1.142755628,-0.125230446,-0.154706091,-0.037842199,-0.442037463,-0.013555899,0.894312143,1.861700654,0.459733367,0.082167417
-1.464702725,-0.787814677,0.608826518,-2.384907246,-0.741179526,-2.262318373,-1.788595915,1.626755118,2.998938799,-1.544398427,-1.454642653,-0.342233241,-0.804636419,1.046546817,-1.067737937,-0.381797791,-3.452488184,0.315826535,-1.224910021,-1.111466885,2.085561037,-0.190448061,-0.604698896,0.993041694,0.237068474,0.334130436,2.22255826,1.574479461,0.555826426,0.300342262,-3.158660412,-1.823925138,-0.399027944,2.156347752,-0.361702859,-0.592172861,-1.115370989,-0.817987382,-1.058457494,-0.99650985,-0.157704338,0.014950614,0.211380839,-0.127826869,-0.303529143,1.481094122,-0.163816839,-1.791904092,-0.055291772,-1.552344084,0.321602702,0.252703965,0.976382792,-0.421888739,-0.511619627,-1.450231314,1.623934388,0.420333266,0.606318593,-0.145259023,1.7525419,1.071851015,-0.317474931,0.675271034,-1.775434136,1.526993632,-2.317134142,1.358997703,-1.031249523,-0.3155604,2.014730692,0.460330188,1.239790916,-0.0097491,2.553439617,-1.695527792,-1.302680254,0.800592363,2.229689837,1.499142051,-0.70115006,0.891245484,-1.374723911,-0.147618711,1.420416594,0.386471897,1.489903092,-0.605800211,-0.746019483,0.245849028,0.003684051,1.052507877,-1.051785946,-2.246566057,-0.206037223,0.618170917,1.14272511,-0.318188429,2.05903554,-1.217090487,-1.312349916,1.012716889,0.114182942,0.200412363,-1.138623238,0.256691307,-0.595518589,0.618929148,0.863814533,-0.080630392,-1.063391209,-2.163738966,0.673678637,0.282378167,1.882568598,1.198433995,-0.614680707,0.942951143,-0.561117709,-0.439564705,-1.24011898,0.084094062,-1.139898777,-0.063287213,-2.027280331,-0.352500945,0.401511371,0.340793014
-0.87320751,-0.311502337,-0.206861168,-1.241050482,-1.343940973,-3.134264708,-1.094105601,0.468045056,1.806405663,0.163515776,-0.311464548,-0.188627377,0.368271232,0.172613755,-1.994526386,-1.011528373,-3.686857462,0.019427955,0.242747188,-1.767608523,0.809944689,-1.066875696,-0.956496119,-0.046909016,-0.574319184,0.606990337,2.110877275,1.630495071,0.624091625,1.103087425,-4.496255398,-1.402302027,-1.571565747,1.54487443,-2.236964464,0.42284295,-1.253081799,0.257968396,0.218801811,-0.070461296,-0.640185833,-0.760380685,0.189384103,0.044292748,-0.663461208,1.040303349,0.56859082,-1.128691316,-0.117958754,-1.677289009,-0.557054996,0.758502483,1.74949193,-0.620890141,-0.692682445,-1.386605978,0.909654737,0.39959833,0.151388004,0.270523638,0.663464367,1.263971686,-1.326915145,0.477821857,-2.324849367,1.120120645,-2.484989166,0.111397162,-0.733047009,-0.307848692,2.345633984,1.404966593,1.292233467,1.176024199,1.534241915,-1.516618967,-1.005720139,1.182051778,1.736894369,2.263562441,-1.232500196,0.284886032,-1.873425722,0.558344841,2.043174267,0.619024515,1.626553178,-0.15338403,-0.503154874,0.527983546,-0.760505199,1.170928836,-0.202838972,-1.903858185,-0.182348996,1.08046627,0.78484863,-0.372631907,2.478420258,-1.290203571,-0.599419594,1.882787704,0.165196538,0.2335594,-2.541577816,-1.113810062,-0.721653461,1.43565011,1.434321046,0.491435349,-0.752222896,-1.884259343,0.129214987,0.640669644,1.05006516,-0.783300996,-1.054727912,0.557814658,0.484342903,0.276901782,-1.908246517,-0.648630857,-1.129350185,-0.147017688,-1.389118314,0.200195581,0.48776567,1.144775271
0.217731938,-0.514659166,0.395187795,-2.158329248,-0.797868431,-1.450116038,-0.037101872,1.227378845,0.782060146,-0.322082192,1.353795648,-1.322492599,-0.279571831,0.519720018,-0.458700895,-0.246204972,-3.057121992,-0.895797551,-1.353614092,-0.978627384,0.523731887,-1.472861528,0.729937732,-1.092278481,-0.446474165,0.875041306,2.464899063,1.206673145,-1.063899755,0.850325346,-1.409194827,-0.864965439,-0.915197611,-0.514517605,-2.249599934,0.39189297,-0.589331508,0.240920216,-0.126685679,0.080519833,-1.114296794,0.127649754,0.087371379,1.202868581,-1.145221114,-0.4403992,1.386931181,-1.443937659,0.211103171,-0.426720083,-1.256421089,2.360541821,0.886199057,0.095843181,-0.360429525,0.443948269,-0.425398499,-0.611887634,-1.420118093,-0.438354194,-0.653506815,0.415137827,-0.162167802,0.261678785,-0.132676512,0.254335642,0.393651545,-0.590268016,-0.385539919,0.390541971,1.382553577,1.567487001,-0.558068633,-0.958660364,0.081674382,-2.2318151,0.667671144,0.693359375,0.124387242,0.848881423,0.047312379,0.187494129,-2.721868992,-0.205727607,2.830767155,0.486572325,0.571130037,-1.049579501,-0.069271326,-1.060715318,0.806005597,0.18360889,2.008641243,-1.818848133,1.114393115,-0.900307178,-1.253928065,-1.257535934,1.303809643,1.326001763,-0.220077842,-0.121975482,0.222085714,-0.538104236,1.154377699,-0.159665003,1.232559204,0.923576355,2.241512299,1.558558226,-0.679146051,-1.26969099,0.592564344,0.58714807,0.268862605,-0.268213332,0.478208244,0.596984088,0.174162418,0.222005233,-2.11342001,-0.241595432,-2.183598995,0.884753883,-1.723323703,-0.145238131,0.055315629,0.326791257
-1.235801339,-2.63828969,0.229340538,-3.308448315,-0.764651835,-4.098218918,0.02059976,-0.725358963,0.744324207,-0.192053139,0.543921947,-0.559329093,-1.50234437,2.204886913,-1.642271876,-2.48363924,-4.801326275,0.591109931,-1.611268044,-1.672083855,2.748690367,0.556952953,-0.202683002,0.430278957,0.341792107,1.144390464,2.252279758,1.929899335,2.663652182,0.120443493,-4.489066124,-1.317521453,0.45287931,2.057984114,-1.737977266,0.04686743,0.428022057,-0.04573667,-0.563771069,0.152652323,-1.509461284,1.556228638,-1.510091305,-0.481098533,-0.956335247,0.678203702,1.762371778,-3.087648392,-1.91655612,-0.069471508,-0.116041921,0.863673687,0.915155232,1.099972248,3.163915634,-1.865866423,-0.819872737,0.063671559,-1.438643456,-0.532477081,-0.463016033,1.141471028,-0.594285965,0.486758441,0.003379434,0.754412055,-1.314756513,0.974972665,0.783025146,-0.155482247,4.266980171,2.26075387,1.322845221,0.087207228,0.616455734,-2.222895145,-0.431987107,1.213962317,1.148264408,0.873749673,-1.29294467,-0.699422598,-2.262007713,-0.751638889,3.780626774,0.87420541,0.924670219,-1.765523553,-2.715868235,-0.661359012,1.10060811,0.690634727,2.121819019,-2.229263544,1.313603044,-2.479723454,-0.117253959,-1.097212434,2.328348875,0.169355854,-0.682264984,0.574896693,1.288535833,0.335146695,0.686993778,-1.044695616,1.051408648,0.607586145,0.176708758,-0.113013089,-0.246534228,-2.936255932,-0.87440598,-0.685393035,-0.954596519,1.079246283,-2.263055325,1.208226323,0.161507338,2.351431608,-2.25512743,-2.613362789,-2.460736275,1.531123877,-3.286734819,0.427061796,-0.805426478,0.753453553
-1.24913919,-0.400370598,0.900260925,-2.441209078,-0.426940441,-1.95744431,-1.405068398,-0.992697835,0.778964221,1.240054011,0.766729712,-0.114080355,-1.52562809,1.491793275,-1.740257025,-1.510974646,-2.083013296,0.282455325,-0.88656342,-1.922317743,3.137812376,-0.935696244,-1.47028327,0.232558385,0.420075268,-0.709928632,0.826716244,1.061340451,0.275063902,0.755574822,-3.66792655,-0.565108538,1.085483313,1.36234808,-1.455442667,0.645759225,-1.378402472,0.028493404,0.075531267,1.244132519,-1.20059216,0.374697685,-0.94414252,1.521636009,-0.589913666,1.933593154,0.021364294,-2.310328484,0.507605553,-0.508494616,0.489979506,2.128591061,0.205727249,0.395928413,0.180383921,-1.195518017,0.242151767,0.37050122,-0.891922951,1.330184579,0.66727066,0.744612336,-1.524324894,1.085651755,-1.665446639,0.772920012,-1.802158237,1.163150072,-1.326700807,-2.162191153,1.635050774,2.54895997,1.372345924,0.399591327,0.615155518,-1.604969978,-1.887243748,2.195995808,0.707915545,-0.09025459,0.670452476,-0.589643717,0.21586071,-1.284255028,1.599292278,2.151229858,-0.699538648,-0.626969099,-0.789542079,0.763856351,-0.952878237,1.234407783,1.40850842,-1.818245173,1.136132121,-0.442021012,-0.40181905,-0.391068906,0.714249134,-0.383206367,-1.098831415,0.851625562,0.429484606,-0.001756728,-0.544828176,0.005642682,-0.910651922,0.965910673,0.809002519,-0.116730303,-0.364045203,-2.086936951,0.705440044,0.202066287,-0.700375795,0.605010509,-1.172364712,0.712614536,-0.366454422,1.75310564,-1.589149356,-1.035096645,-1.506518006,0.982131302,-1.075535059,-0.600946188,0.142108977,1.476353407
-1.231133223,-0.718247771,0.821472526,-1.036090374,-1.226342201,-1.818010211,-0.565004528,0.133204192,1.147233248,0.141992539,1.624729991,-0.80334574,-0.440968931,1.264425159,-0.964292407,-1.699835062,-4.251442909,-0.317129493,-1.035003424,-1.722040653,0.727786601,-1.893313646,-0.36716795,-0.474142283,-0.304666311,0.637308657,0.955086172,0.878274143,0.558457255,-0.445543438,-3.233015537,-0.979750931,-0.123749584,0.274291486,-1.812042594,0.219387501,-0.010812238,-0.361970842,0.093529798,0.472778082,-1.485946894,0.834791303,0.310252219,1.510493279,-1.853081107,-0.645812988,0.754010379,-1.131559968,-0.477585435,-0.776156187,-0.439625919,1.976243615,1.40559566,0.709306777,0.032554131,0.837943971,-0.94153893,0.368975818,-0.945049047,-0.08951322,0.019109473,0.388400197,-1.011776447,0.737810552,-0.566761255,0.866632223,0.06554421,0.131683603,-0.915982008,-0.128337383,2.002087593,2.341932535,0.315671951,0.199865729,-0.415847152,-1.944637537,-1.092623949,1.778617263,1.389962196,1.254420996,0.218546256,0.269609064,-3.086276054,-0.345671564,3.686504364,0.890463531,2.562194347,-0.746866584,0.030013848,-0.610255718,0.8554582,1.806584954,2.058485508,-1.905238867,1.754049659,-0.480501771,-0.803635597,-1.583589315,1.678226352,1.512714744,-0.613261282,1.381436467,0.314695477,-0.231975943,0.678888619,-0.852785826,0.743950605,1.592440009,1.736737967,0.661570907,-0.533418477,-1.359320283,0.655451775,0.60426116,0.566330373,0.59679985,0.16928415,1.116373181,0.006316572,2.006241798,-2.049077749,-0.594786406,-2.008906364,0.233475491,-2.422693014,-0.552735329,0.415865958,1.661665082
-1.343807817,-1.197371721,1.28111589,-2.381866217,-1.460165501,-1.547849774,-1.100919008,-0.277003139,0.276213229,0.222692698,1.359943509,-1.717535853,-0.956223786,1.267022252,-1.220138788,-1.084536672,-3.36376214,-0.036327988,-1.169721842,-1.699656963,2.52428031,-1.004768014,-0.999659121,0.265216649,0.750919521,-0.614805102,1.543092966,1.044995308,1.258891463,0.448212624,-2.490551233,-1.127102852,0.152979374,1.64951086,-1.667713523,-0.178377211,0.198542401,-0.175626516,-0.652057171,-0.301137656,-1.255232692,1.062150478,-0.352552235,0.789287329,-1.398580432,0.868639946,0.78390038,-1.849811196,-0.896460116,-0.765441537,0.954739153,2.624348879,0.714768708,0.264325291,0.770072401,-0.588744342,-0.499777645,0.691395402,-0.525243282,0.098393962,0.038908526,1.177337289,-0.141748816,1.068361878,-0.547407568,0.926951885,-0.789182961,0.539273679,-0.574105024,-0.126292512,1.792926311,2.087582827,1.288624525,0.665710926,0.822902203,-1.39829874,-0.842044711,1.035469294,0.487570167,0.388951123,-0.718911886,-0.817941308,-1.984142661,-0.740384459,2.644768715,1.100406408,1.661550641,-1.317218065,-1.521329999,-0.492917925,0.099956818,1.152613401,1.242055535,-0.828369975,1.38048172,0.192727298,0.202502578,-1.393904209,1.707504749,0.397321582,-0.333155394,0.427539945,0.01973518,0.184554935,1.305506587,-0.573358417,0.426318079,0.405159533,0.378436774,0.24087584,-0.915395617,-2.101145506,-0.031207547,0.034424346,0.039586894,1.32973969,-0.131024465,1.003787398,-0.520068645,1.349457741,-1.756881714,-1.35604167,-1.965620279,-0.016002923,-1.836906552,-0.644024134,0.276337445,0.779835463
-1.280830741,-1.859348774,1.84825182,-1.209901571,-1.073749304,-2.883795261,-0.864980817,0.197765142,2.037940502,0.579205036,1.490639567,0.258271366,-0.723405182,2.046647787,-1.736749172,-2.307004452,-4.15856266,-0.417836219,-0.84166491,-1.803612471,1.437017083,-1.959070921,-2.461708307,-0.017668854,0.587745845,-0.23791866,3.623990536,0.699784935,1.79487896,1.065912962,-4.502524853,-1.644471169,-0.583597064,1.293820262,-3.196462154,-0.53001678,-0.530134916,-0.472753882,-0.047735445,0.041122936,-1.940883875,1.705880761,-1.898408175,2.015352249,-2.903144836,0.334955394,1.310667276,-1.422493458,-1.849089384,-0.782714605,0.215748906,2.85164094,2.198610306,1.362259269,-0.407681793,-0.6925565,-1.084083915,0.186257541,0.741717815,-1.089994431,0.487450778,2.133071184,0.338663429,1.65048337,-0.550110221,1.437297463,-0.798864126,0.181864902,-0.342533767,-0.309662282,2.354364157,2.033760786,1.378011227,2.820143938,0.143113494,-1.100520134,-2.090624809,0.428075761,1.263789296,1.707852244,-1.258800983,-0.134427279,-2.26035285,0.228592247,2.64023304,1.077784777,1.834798455,-2.865147829,-0.941929281,1.185616493,1.200464964,0.47162506,0.73770535,-2.01483345,0.680515528,-0.270539403,1.11884141,-1.750205755,2.254270792,-0.698457062,0.259475529,2.053643227,0.331641704,-1.252567053,-0.084617488,-2.198971272,0.757321715,1.499265909,1.214692473,0.732432306,-0.771681249,-2.737125874,0.763798833,-0.803890884,-0.011242054,0.945700645,-0.967135251,-0.136090606,-1.674683094,1.282496214,-3.336713791,-2.152192831,-2.871126652,-0.150073677,-3.051076889,-0.736052394,-0.773886025,1.13508153
-1.447170615,-1.846836805,0.819661379,-3.020814419,-1.562363386,-2.808270693,-0.112909563,-0.271561354,1.748553395,-0.213697165,0.841061354,-0.133510634,-1.286974669,2.497507572,-1.363622069,-1.665181398,-3.188996077,0.385553956,-0.697496653,-2.048583984,3.552915335,-1.798146367,-1.160300374,-0.519338846,0.881713271,-0.7308833,2.516606092,1.060361385,0.416255653,0.353708804,-4.16430378,-0.446413398,0.844820142,1.399458289,-1.933171391,0.205309451,-1.389389634,-0.653889239,-0.312637508,0.351004094,-2.281138182,1.282004952,-1.255684614,1.290328741,-1.642916203,1.540729403,1.224220753,-2.598750114,-0.119714931,-1.304348707,0.109116495,3.090821028,1.285135627,0.887269497,-0.314194053,-0.767632127,-0.447876364,1.465134025,-0.893517613,-0.409110487,1.097343922,1.912679791,-1.06545496,1.953419685,-1.021227837,0.850078821,-0.84257549,1.168260574,-0.230771065,-0.72355032,1.841911674,2.806471348,1.820180893,1.213669777,0.880539179,-2.82687521,-2.221660137,1.056314707,1.24154532,1.126958966,0.119288877,-1.259742141,-1.536216259,-0.658097506,2.585002899,1.688620329,1.071516871,-2.140835524,-0.987917602,1.422386765,0.62895751,1.104993463,1.428250194,-0.925119638,1.018638372,-0.076217532,0.079688951,-1.144984007,1.896243215,-0.006409928,-0.738185406,1.137429714,-0.001984365,-0.930975676,0.338428974,-0.685548842,0.223924696,0.662420034,0.106562734,0.131348133,-0.971882343,-2.05352807,1.818040967,-0.299650848,-0.308819473,1.293436646,-0.121073499,0.99440062,-1.294193268,1.657724857,-2.081488848,-1.083116531,-2.269267559,0.555762112,-2.302632809,-1.172152519,-0.378307492,0.682098389
-0.41470927,-1.440982342,1.647803068,-3.117125273,-1.917205572,-2.142929554,-0.948055387,-0.332984835,1.173057079,0.197389543,1.246165156,0.038867712,-0.60677433,2.584933996,-1.602877617,-1.529888034,-4.785196781,-0.728921413,-0.849697113,-1.546227455,2.820900202,-2.138039351,-1.496916652,0.247106418,0.817967355,-0.382412374,1.325819373,0.829445899,1.119740844,0.197444439,-3.571167707,-1.768310547,0.572608352,1.921330452,-2.867408276,-0.4799591,-0.808861613,-1.216828823,-1.212259531,0.645690441,-1.491872549,-0.163431883,-0.478689611,1.335924864,-0.725076854,1.38291049,1.540429831,-1.220206499,-0.211590648,-2.070221424,0.377114773,3.11702776,1.344102859,0.130348906,0.820879698,-0.306125194,-0.366109401,-0.297209024,-0.07654205,-1.112740993,0.477719963,0.760273039,-0.088406667,1.575343251,-1.489378214,0.566881478,-0.543420553,0.847013533,-0.94425869,-0.503532946,2.147787571,1.68636775,1.226451635,1.517191768,0.945051312,-2.117664337,-2.052577972,1.040842295,1.257539153,0.922754467,-0.343239516,-0.258169174,-2.156345606,-0.500772357,2.172953129,0.848932445,0.866374195,-1.07844305,-0.339265585,0.583795607,1.560787439,1.479488373,1.665041924,-1.173480153,0.388885498,1.387067795,0.512850344,-1.199454904,2.886053562,-0.335695088,-0.150402188,1.28059566,0.683354855,0.198664844,-1.155018926,-1.947645307,-0.229325801,1.416041136,0.432209671,0.808652759,-0.449413329,-1.845801353,1.305928469,0.86845392,-0.054627553,0.615574777,-0.287952006,1.293873549,-1.136103153,0.784845352,-2.126150846,-1.634990096,-1.746108055,0.05358316,-2.376343966,0.070282765,-0.638937831,0.850684762
-2.042508841,-1.233052969,-0.165146559,-1.501736522,-0.048987344,-3.077251673,-0.956703722,-0.507030964,0.959163308,-0.245435596,0.07904169,-0.339660734,-1.491640568,1.357542038,-1.489073992,-2.690155506,-2.81217432,1.260779381,-0.941161871,-1.228142023,2.412093639,0.52695477,0.313337356,-0.794687867,0.951223016,0.823791862,3.045547485,2.122000217,0.174499303,1.558825254,-2.667205572,-2.295013905,0.632618546,2.055969238,-1.263581872,0.458114326,-0.552885652,-0.338998675,-0.388672799,-0.434841484,-0.849015713,1.015735388,-2.566803455,1.37328577,-1.445690155,0.419081241,0.916497886,-3.230659723,-2.177611351,0.189160287,-0.527231216,1.727178097,0.056449041,0.155983046,0.534770668,-1.368685961,-0.513311625,-1.350719094,0.670527339,-0.418887466,-0.276970088,1.278697371,-1.145945191,-0.188166112,0.223780394,1.198788404,-1.233161926,-0.31696564,1.463376164,-0.606042981,2.400913954,-0.302694261,0.826737761,0.889427185,1.927530885,-2.867971659,-1.325685382,-0.330836385,1.649464011,-0.356335282,-0.471480578,-1.206984639,-1.51365006,-0.85703361,2.552772522,1.977462769,-0.335579813,-2.575056076,-1.28456223,1.209195614,0.866236746,1.857319236,1.832955956,-1.312751532,-0.269732803,-2.861312151,-0.179038346,-0.960922003,0.985545456,-1.241456389,-0.437180758,0.005930334,0.189242005,0.423620939,0.244491622,-0.083858937,0.838363051,-1.025654674,-0.09715724,0.808148026,-0.4061279,-2.699465752,-0.435223907,-1.235749483,-1.420069337,1.159277558,-0.271809638,1.113880157,-0.900166154,0.546613753,-1.434608102,-2.63950634,-2.890295029,1.46073699,-2.444826841,0.908013344,-1.018418193,-0.149528667
-1.035439134,-0.943725526,1.254320264,-2.79772687,-1.026645899,-1.686822295,-0.602326453,0.01043421,0.344647706,1.128043294,0.655703187,-1.46094501,0.227501556,0.645262241,-0.199161008,-1.218478441,-2.674646616,0.231813312,-1.719168186,-1.850013971,2.381326437,-1.910837173,-1.346173286,0.393540531,0.60845834,1.196972251,1.133514285,1.34013176,-0.139091223,1.157669425,-2.368606806,-1.333561063,1.08694315,1.318878651,-2.207003117,-1.12289083,1.02075088,-0.049739599,-0.284572363,0.706810057,-1.00578022,0.890755355,-0.588092744,0.637878656,-0.453155577,0.745747447,0.926580012,-0.772759438,-0.704750538,-1.414517045,0.647934377,2.48134017,0.940204024,0.031335216,1.33417201,-0.618502915,-1.113941073,-0.910867631,-0.353344351,-0.909172475,0.206923977,1.233708858,1.038677216,-0.34015128,-0.33038348,0.661580324,-0.670215428,0.523406088,0.873160601,-1.274415016,1.779850245,1.523685932,0.332265735,-0.507521451,0.475089431,-0.634427667,-1.177764177,0.039582506,0.671296954,-0.436484516,-0.712393284,-0.828488231,-1.641184688,-0.87841928,2.413799286,0.994309783,1.739328742,-0.312165439,-0.408657968,0.025283443,0.674625933,0.520198762,0.7413463,-1.143575788,1.114114404,0.787915051,0.584262192,-1.73540628,1.482061982,0.467430055,-0.229752362,0.981731117,1.482878447,-0.652695179,0.573644519,0.118255347,1.024796009,0.582019687,0.351600707,-0.634512782,-0.307460904,-1.085403442,-0.197943389,0.238717824,0.526093543,0.714262009,-0.738224268,0.88281101,0.200571746,0.390033484,-2.758421659,-0.765922487,-1.54868865,0.709021628,-2.356795311,-0.023823142,0.09289667,0.776058257
-1.002980351,-1.909041405,1.216084123,-1.786001444,-1.408675909,-2.815186262,-0.861644983,0.055545539,0.910514474,0.391194612,0.763382912,-1.068449259,-0.17562446,0.641864479,-1.238909006,-1.32005322,-3.731642723,0.872040629,-0.450846136,-1.150511503,2.520330429,-0.585567474,-1.130502105,0.466324449,0.852603912,0.724083781,1.918662429,1.341487288,0.938792706,0.49517709,-3.369991541,-0.677597523,0.395062923,2.310275078,-0.916969955,-0.022754937,-0.251127452,0.09772177,-0.966190815,0.114539228,-1.508856654,1.318753481,-1.43857336,1.42433393,-0.459695399,1.183115602,0.891932189,-1.548579931,-1.172092915,-0.649927795,0.576579928,1.335831761,0.95072341,0.763269007,0.673495233,-0.980147779,-0.744307876,-0.196474224,0.467513323,0.202793553,0.636713624,1.381828785,-0.629268706,1.39439702,-0.947027862,0.821716189,-1.660995603,0.911355317,0.305373877,-1.024521708,2.168509483,1.992673874,1.407874584,1.170891881,1.077440262,-2.226606607,-0.344775617,0.635968566,1.290007591,0.113171801,-0.147323221,-0.825496078,-1.916393518,-0.271232873,1.511442542,0.905474424,1.1642313,-1.7758708,-0.256359071,1.256757617,0.043441944,0.545453191,0.88730514,-0.807531595,0.544421554,0.719181836,0.881329596,-1.075626254,2.181028843,0.262829542,0.139762595,1.929106474,0.91819638,0.076103419,-0.131323561,-0.359789193,0.051197052,0.804374218,0.200452209,0.434598386,-0.514681816,-1.1102525,0.471977681,-0.319231689,-0.56981504,1.219022393,-0.565365553,1.313610196,-0.337216049,1.519817233,-1.292725205,-1.121909857,-0.891352415,0.019422576,-2.407945871,0.239489615,-0.993914068,0.689914703
-0.581297636,-1.626595974,1.600440025,-1.361954331,-1.679036379,-1.147776723,-1.100239754,0.890370846,1.426275611,0.206537426,0.403330982,-0.77045387,0.780064404,1.056285262,-1.968745708,-0.288415223,-4.428936958,0.424817443,-1.537488222,-1.570565104,1.221028328,-1.857563853,-1.442621827,0.67256546,0.833430111,1.402512908,1.451716661,0.915165961,0.695259094,0.901822925,-1.926255584,-0.316722989,0.465469778,0.388080657,-2.591440439,0.121854216,0.060337603,0.296236098,-0.03399644,0.120800972,-2.116562128,1.16315794,-0.77151531,0.364046007,0.726915538,-0.239193887,1.665312767,-0.227333769,-0.991635025,-0.01219058,0.399204612,1.448085666,1.342883945,0.169231087,1.376261115,-0.75275594,-0.846656561,-0.351395249,1.09401679,-0.819086254,0.299356759,0.299454331,0.730315864,1.284019351,-0.880160093,-0.140534967,-0.76451093,1.326830626,-0.129129231,0.862590253,2.014038563,1.605704784,1.008666515,0.822562456,1.345261693,-1.216151714,-0.648648381,-0.010028616,-0.228604585,-0.104582533,-0.926732779,-0.231230453,-1.931596041,-0.606768489,2.292936325,1.249328852,2.0900383,-1.597657561,-0.874589205,0.606954992,0.239708781,0.656690896,0.68800956,-1.141713023,0.788352966,1.188845396,0.412764788,-1.744280934,1.762485147,-0.31621334,-0.329479069,1.187960267,0.68807596,-0.010278732,0.647531331,0.01743035,0.729619861,0.480434299,0.189824522,0.357159734,-0.725726068,-1.570518732,-0.504578471,0.350094497,-0.056261003,0.537027538,-0.075462744,-0.316550851,-0.172653139,0.37018013,-0.750463247,-1.287892938,-1.141305089,0.502458453,-1.989220738,0.68131119,-0.790516675,0.405798256
-0.061834276,-0.705889702,0.415403783,-1.439451098,-0.720702291,-1.613272548,-0.268658787,-0.468043059,-0.124625847,-0.802653074,1.632247329,-0.145670071,-0.428619266,0.920817673,-1.095571876,-1.504099965,-2.795669556,-0.184557766,-0.224854648,-0.823044598,2.01388526,0.291643083,-0.477950931,0.010700379,0.660422325,1.128585935,2.125382423,0.305246204,1.547754645,-0.634569287,-1.587611198,0.336115032,-0.444737464,0.442513525,-1.184357405,0.30501461,-1.006322145,0.611103892,-0.303555608,0.849078417,-0.299914211,1.169669271,-0.02878432,0.14026922,-1.133324265,0.89860034,0.831172287,-0.787576795,0.093359172,-0.164990246,0.507143974,2.137702942,1.314523816,0.98919481,-0.14150247,-1.004394531,-0.476454824,1.362545609,-1.338890553,-0.501129627,-0.405087829,1.602862358,0.030599155,1.374861121,-0.001559429,0.585474014,-0.473685026,0.406302989,-0.233258829,0.286551237,1.18955338,1.340763807,0.808929443,0.773803711,0.329686642,-2.439066172,0.038859561,0.678842306,-0.37983495,0.799736679,0.200824052,-0.24650915,-1.381458521,-0.449665219,1.951912284,0.77440834,1.249143839,-1.721756101,-1.496786475,0.043700468,-0.372039437,-0.147206068,0.795934439,-1.44762218,0.972235322,-0.170743138,0.205291793,-0.929466128,1.796119213,0.969997525,-0.570559025,-0.14356482,-0.127150714,-0.024528265,0.388186693,-0.12984924,-0.165829509,0.69245863,1.034624219,0.425946832,-0.787812471,-0.873618424,0.212716818,0.500509322,-0.262990803,0.955868959,0.073725358,1.471113682,-0.085726686,2.632815599,-1.215052843,-1.614516854,-1.50853467,-0.130096525,-1.452061415,0.057152741,0.850608468,1.038766623
-1.571910262,0.641226172,-0.453744859,-3.496123552,-0.030374721,-2.211341619,-1.238298655,-0.044842213,-0.023763254,0.475448519,0.840039492,0.517269313,-1.64978528,2.521240234,-1.87272346,-4.000411034,-3.586180687,1.100559235,-0.240897477,-2.475875139,2.775302649,-0.63896513,-1.506058335,0.676731527,1.619236708,0.617417872,2.853561163,0.367088318,1.682073832,0.761694789,-1.920560956,-3.452661753,0.989814878,2.20595479,-1.635211468,-0.592373013,0.017670795,-1.37599802,-0.737830579,0.11144083,-0.960448623,-0.84862411,-0.321738213,1.666229248,-2.390665293,0.240424871,0.306935787,-2.960680246,-0.79826647,-1.647650123,0.703095257,1.988279223,0.094839364,-0.032228205,1.13935411,-0.438821435,-2.005311012,-2.273699522,0.694108248,-0.827638805,-0.681886911,0.07156904,-0.145996511,-0.123620346,0.744823456,0.807478786,-0.853271663,0.116513208,0.809131086,-0.407401621,3.343914986,-0.02433911,-0.382295817,1.987074852,2.416829586,-1.564707994,-1.389295101,0.908917606,1.19429493,-0.515766025,-1.108926892,-0.52837199,-0.78175956,-1.595368266,1.052760482,1.816433191,-0.567394137,-1.274882197,-1.388546944,0.289873153,2.097739935,2.736856937,1.487571955,-2.186295986,-0.933990598,-0.665201068,-0.43731302,-2.67579627,1.606614947,-3.034994125,-0.503241777,0.379624844,-0.845407426,0.14924407,0.026783958,-1.86324203,0.247649521,0.069556847,0.178342998,0.878235817,-0.517100453,-4.311229706,-0.529759884,0.476975024,-0.311450362,1.266402602,-0.531476617,1.07844615,-2.773714304,1.147756934,-1.564657211,-1.731134772,-1.585977912,1.573223233,-2.600681305,-0.425182223,-0.890119076,0.813489556
-0.504917145,-1.648015738,1.909854293,-3.267683983,-1.332286596,-1.794650197,-0.063819885,1.395075202,2.046268702,1.692055464,1.856515765,-0.061373174,-0.111302257,2.520831108,-0.785038054,-0.833851576,-5.430708408,-2.114015818,-0.963953197,-2.051977634,1.048094153,-3.288544655,-1.986225843,0.590782106,0.801699281,0.134750217,2.598954439,0.312330812,1.202553153,1.508914232,-4.264451504,-1.770317554,-0.402761847,0.907769382,-2.472308159,-1.693473935,-0.480178505,-0.248442471,0.015400641,0.052824028,-2.674383879,0.79975605,-0.33095485,1.461352468,-2.951452971,-0.766048908,2.110339403,-0.456148446,-0.913732469,-2.232242107,0.83535701,3.584724903,3.349219561,1.001430988,-0.1250166,-0.355778575,-1.270514131,0.235350102,1.2814008,-1.269105196,0.091783091,0.911672533,0.338798434,1.900086045,-0.771092951,1.498447895,-1.402616024,1.524247646,-1.276943684,-0.495081007,1.988096952,2.258011103,0.504954755,1.176582456,-0.033484489,-1.297536612,-2.373166561,-0.788246334,0.45586887,2.804312229,-2.331687212,1.346001029,-2.931332111,0.19871527,3.356809139,0.758394301,2.871159554,-2.068901539,0.187706515,-0.095222995,2.185176373,0.930495858,0.674475133,-1.342182755,0.860888243,1.142356157,0.155960247,-2.169122934,3.141290665,0.882693887,-0.162351355,2.855480433,0.177467346,-1.502909899,-0.295328081,-3.279834747,1.596178055,1.681900859,1.222455621,1.297951818,-1.333453417,-2.438288927,1.43146944,-0.981528342,1.455834627,0.440627038,-0.561922073,-0.634374201,-1.699044943,1.133556247,-4.062123775,-0.411915004,-2.838266373,-0.335133791,-4.011350155,-1.623448491,-0.683377743,0.849072218
-1.024947762,-0.878298819,1.009029031,-2.822090626,0.248551935,-1.785415769,-1.193073392,-0.041011602,-0.36411804,0.539295673,1.928124189,-0.092401519,-0.989731371,2.514285564,-1.053074598,-2.291203976,-3.356343031,-0.06650576,-1.537484646,-1.636968255,1.61364162,-1.155864954,-1.087658882,0.457265854,1.217826962,0.223089665,2.956415653,0.32244432,0.751161098,1.58427763,-1.836602569,-2.542572021,0.30992794,0.392111123,-2.643304586,-1.145509601,-0.095500767,-0.339493692,0.108805962,0.527570188,-1.116946936,0.732384443,-1.037252903,0.945025027,-2.180419922,-0.552111983,2.025525093,-1.39890492,-1.73041153,-0.471158087,0.014377952,2.501623631,0.954126358,0.9444502,2.032964945,-0.359507322,-1.235644341,-1.511791587,1.14560318,-0.493273735,-0.777420223,0.88925904,0.823480189,-0.44266054,0.098877467,0.869590938,-0.324662209,0.855022013,0.01799635,-0.261530012,2.585756063,-0.490504563,-0.077763647,0.226717263,0.588328779,-1.781827211,-0.611929953,-1.042384624,0.806861401,-0.462735355,-1.807525635,0.967960596,-1.694565892,-0.88391459,2.729554653,0.669301271,1.168618321,-2.384226561,-1.427881122,0.390747935,1.580961108,1.309268117,1.965662956,-1.813688993,-0.46432963,-1.704467177,0.069217056,-2.839632511,2.296723127,-1.403428912,-0.565814018,1.25433135,0.370533168,-1.236063957,0.779911757,-2.026377201,2.443801165,-0.384561688,0.649689734,1.752134323,-0.297924042,-2.953471899,-0.546437263,-0.303496748,-0.915232539,0.06214238,-0.178062603,-0.896418452,-1.89312923,0.765393257,-3.106494188,-1.611766338,-2.785683393,0.605454504,-1.816245556,0.207264155,-0.193484679,-0.039803665
-1.147670627,-1.580471039,1.436466217,-3.084004164,-0.325888813,-2.10353756,-0.714240849,1.056150079,1.364052415,1.628396869,1.878036141,-0.398402333,-0.203858107,2.455933571,-1.383048773,-1.485384583,-4.479491711,-1.03020072,-0.820663631,-2.2616992,1.357809424,-2.92983675,-1.328776121,0.870020926,1.173037052,-0.092235565,3.113995075,0.667576194,0.727380633,1.021083474,-3.998518705,-2.397838831,0.208258092,1.169722319,-2.894361734,-1.808255792,-0.518368483,-0.506763399,0.043002374,-0.107471399,-2.517692566,0.485996127,-0.562363327,1.384976983,-2.722253323,-0.702987194,1.798996449,-0.989177346,-0.895539582,-1.531492114,0.289413869,3.404892445,2.014047146,0.997067988,0.525955498,-0.427198827,-1.557901382,-0.309251726,0.951763988,-0.348294258,0.097961143,1.117989898,0.046264686,1.504011631,-0.308475137,1.310957193,-0.570955098,1.396356702,-0.895475626,-0.556108057,1.917223215,2.083501339,0.637373269,0.858996868,0.470200509,-1.084431887,-2.402406931,-1.160165668,0.824892044,2.328050613,-1.762161732,0.820544124,-2.523290634,-0.603205323,3.535529137,0.49363336,3.043588877,-2.128738642,0.016800333,0.423611671,1.581540108,0.892800629,0.75828898,-1.302604795,0.273341209,0.751627326,-0.527069867,-1.762257338,2.502896786,0.447485566,0.17923592,2.281492472,0.024676912,-1.455455422,-0.090671152,-2.820157528,1.761367202,0.719565213,1.846615672,1.365304828,-1.794758439,-2.513917208,1.557066083,-0.32534194,1.043253064,0.136026978,-0.720477343,-0.471782595,-1.494686127,1.511099339,-3.719327927,-1.10119462,-3.1080966,-0.344367087,-2.860505342,-1.025957823,-0.802328646,0.82109648
-1.24282217,-1.911513805,1.600364923,-3.967646122,-0.492650628,-2.545729637,-0.281928122,0.512918353,1.510058999,1.511137128,1.477779627,-0.205178499,0.03773278,2.91955924,-1.446867943,-1.116128683,-5.345777035,-1.284855843,-1.686658859,-2.792008638,1.500527859,-2.689209223,-1.469109893,0.756745577,0.677642286,0.314065337,2.747184515,0.436952651,0.899649978,1.611338019,-4.618132114,-1.979808331,0.198847979,1.281124473,-3.07034111,-1.187747836,-0.241122663,-0.54716593,-0.116134845,0.173404664,-2.596960306,0.995847702,-0.83558917,1.216385365,-1.961612821,-0.587232232,2.626368999,-0.737306118,-0.993352234,-2.023622513,0.498998702,3.228762865,2.46598053,0.864850521,1.310125828,-0.446208656,-1.54762733,-0.342515707,0.571332097,-1.091845036,-0.184498295,0.451506197,-0.028463945,1.45164609,-0.414664358,1.241412759,-0.888610542,1.454647183,-1.086390376,-0.214225113,2.835679293,1.332985163,0.638096988,0.905558825,0.305237949,-1.590938568,-2.492880106,-0.315979153,0.427393109,2.127813339,-2.156945467,1.28219831,-2.627533674,-0.76911664,3.983736992,0.735811353,2.591705084,-2.302278996,-0.231595725,0.059734222,2.219434977,1.345133543,1.637037277,-1.462936282,1.135780692,0.002690852,-0.400168836,-2.30482173,3.522019386,0.187729135,0.02323103,2.498361111,0.284140646,-0.928412676,0.119854674,-3.247644901,1.787134647,1.01113677,0.992812276,1.49191165,-1.183410406,-2.494021893,0.669454813,-0.669409692,0.989261031,0.107131593,-0.636630476,-0.611859977,-1.804433227,1.565272212,-3.656502962,-1.431563377,-3.419891834,0.003208622,-3.424867153,-1.412183881,-1.495089531,0.797466576
-0.705511212,-0.813112199,0.295625508,-1.982220411,-1.87853241,-1.310617089,-1.200228095,-0.479953498,0.615779102,0.865406156,1.09145093,-1.504990339,-0.920970738,0.843623161,-1.191409469,-1.211354375,-3.195066929,-0.761078119,-1.251147509,-1.802322984,2.250347614,-1.110548615,-1.214003325,0.310607463,0.879483581,-0.082426593,1.258466601,0.302448511,0.7288782,1.241414309,-2.474468708,-1.165082932,0.077301681,0.341820776,-3.167035103,0.536690831,-1.21939373,-0.310524762,-0.544164658,0.239188284,-0.984153867,0.045993026,0.141635343,0.818972826,-0.128765464,0.706588507,1.659937143,-0.629720867,0.328226119,-0.897161603,0.528048277,2.680182695,0.662182152,-0.106611878,2.006611347,-0.433862269,-0.248570442,-0.494487822,-0.201671034,-0.590225041,0.040319577,0.280018568,0.640928447,-0.067309812,-1.211128116,0.502999842,-0.383788049,1.067227006,-0.151144683,-0.028152183,0.929555416,2.177630901,0.705204368,0.961340189,0.185860351,-2.079282761,-1.340227723,0.903120399,0.363809079,0.369075716,-0.75876236,-0.276973486,-2.267530918,-0.987564564,3.309490204,0.911962926,1.523870349,-0.68679285,-1.025984406,-0.465019733,0.709580541,1.618686795,2.717069149,-1.889477134,1.092885971,0.614002585,0.3025949,-1.766135573,2.425443411,-0.358733475,-0.327957362,1.423606515,0.722985089,-0.280060321,0.37895,-0.255499065,0.723700643,0.736574054,1.147399902,0.097184539,-0.345031023,-1.738575578,-0.00401336,0.250704736,0.011038296,0.601902962,-0.40421313,-0.407973319,-0.58356452,0.69252789,-2.127512217,-1.724063635,-1.269591928,0.134623989,-1.444020748,0.44171226,1.089002132,0.219703704
-1.168670654,-2.251148224,1.953476787,-3.572900534,-1.550339699,-2.899612427,-0.725917578,0.811953425,1.697750092,2.272773504,0.695024431,-0.395947844,0.078664511,2.821459532,-0.850045562,-1.288318634,-5.412074566,-1.493148565,-1.535774231,-2.415654421,1.255037189,-2.695603609,-1.178358078,0.955935836,0.969064832,0.948831856,2.691035986,0.584757686,1.369712591,1.62490344,-4.68349123,-1.591682792,-0.288869619,1.644366503,-2.894277573,-1.435380101,-0.458157212,-1.019891262,-0.0110799,0.0129667,-2.60542798,1.828722954,-1.203090191,1.386614561,-2.428132772,-0.27543053,2.790867567,-0.403775632,-1.390722513,-2.057517529,0.518286943,3.29363203,2.409989119,0.856238723,1.017900825,-0.459006965,-1.62757957,-0.953975677,0.83090806,-1.272726655,0.382371724,1.519177318,-0.151830256,1.412087917,-1.245315313,1.630098104,-1.521957636,0.733558834,-0.591506958,-0.659945548,2.834252596,1.780537605,0.422697544,0.742115855,0.282780886,-1.445812941,-1.936214685,-0.370840609,0.542501688,2.176942348,-2.136829615,1.126349449,-2.785476685,-0.049700588,4.197805405,0.383496851,2.711210489,-1.832966566,-0.202708676,0.158828154,2.538481951,1.037085891,1.606726527,-1.916819215,1.25033319,0.073184669,-0.20016253,-2.445313215,2.888295174,0.990751028,-0.560300052,2.31091094,0.208981574,-0.982648134,0.416461051,-3.312148094,1.752007842,1.442335725,0.901005149,0.984001637,-0.982504487,-2.620074034,0.772509217,-1.217838049,1.146301746,0.751355052,-1.12920332,-0.337897569,-1.543985605,1.936929345,-3.837014914,-0.876817524,-3.702200413,-0.349883705,-3.006485701,-1.187722921,-0.715558112,0.74542892