-1.6071327924728,1.0828964710236,0.74507451057434,-0.74815022945404,1.2583186626434,1.608344912529,2.4292731285095,-0.5191193819046,-0.20065985620022,1.7286772727966,2.450119972229,-0.17973156273365,1.0697269439697,0.52325958013535,-2.0137846469879,0.43377950787544,-1.8438719511032,0.27916222810745,0.37936842441559,-0.40477448701859,0.15559352934361,-3.5407083034515,-1.7097845077515,2.4540548324585,1.1621083021164,-0.13039490580559,0.54441803693771,-1.242670416832,0.33200117945671,-1.6958019733429,-1.1716616153717,1.2815389633179,-0.4850834608078,1.401252746582,-2.2013354301453,0.18127848207951,0.67674112319946,-0.045812845230103,3.0678777694702,1.8964394330978,-1.2790507078171,0.10890853404999,1.0738596916199,-1.8371427059174,-0.82931798696518,-0.4031043946743,-1.026880979538,2.2003276348114,0.3343833386898,-2.5696291923523,0.96028643846512,1.5525456666946,2.4266452789307,1.4699769020081,-1.4477019309998,0.69186097383499,-1.6112819910049,2.8984379768372,1.0752878189087,-1.1251989603043,-0.30262982845306,-1.0509246587753,1.0997811555862,2.0190808773041,-1.3603307008743,1.8556349277496,-0.61861699819565,0.60123008489609,-1.0510746240616,-1.2562897205353,1.2701402902603,0.3142603635788,-2.0629212856293,1.5846177339554,-1.5361104011536,0.021680474281311,-0.81316113471985,-0.50619351863861,-0.73958903551102,1.2059063911438,-0.29319784045219,1.9843345880508,-0.64472275972366,0.40112745761871,2.4748477935791,-0.011315703392029,1.9348664283752,-0.70724129676819,1.6828591823578,1.5480397939682,-0.63870930671692,-0.31567177176476,-1.2529029846191,-0.50784128904343,1.4642134904861,3.2720437049866,1.0732774734497,-1.8118182420731,0.98416459560394,0.89919698238373,0.21997456252575,3.6330885887146,-0.66976326704025,0.36843729019165,-1.5414496660233,-2.2745132446289,-1.6341577768326,-0.98493784666061,0.20338481664658,-0.75006765127182,1.1536917686462,1.1858328580856,-0.46551504731178,0.79294073581696,-0.6444228887558,1.1239075660706,-0.82876908779144,0.66422456502914,-0.42348730564117,2.8451843261719,-0.86805099248886,1.2985558509827,0.47068840265274,-2.6217846870422,0.10538049042225,-2.6451508998871,0.48141843080521,1.5737643241882
-0.90189224481583,-1.0352444648743,1.3925557136536,-0.086483731865883,-2.0553267002106,-0.17399652302265,-1.2797214984894,1.1421973705292,3.1360206604004,0.40945366024971,0.31722736358643,-0.059062734246254,0.67614340782166,1.5436335802078,-0.99371147155762,0.20837405323982,-4.5983395576477,0.25304329395294,-0.058197058737278,-1.0827167034149,0.36826264858246,-4.0388517379761,-2.4794867038727,-0.0069180391728878,1.3617061376572,1.8757357597351,0.55868208408356,0.67552000284195,1.1102422475815,0.82695353031158,-1.9101259708405,-1.8504234552383,-0.45308440923691,1.824627161026,-2.9362494945526,-0.52037703990936,-1.1580137014389,-0.93129485845566,0.94577693939209,-0.36304387450218,-1.8402906656265,-1.2543517351151,0.42914998531342,-0.066936761140823,-0.51065683364868,-0.27273404598236,2.3133416175842,2.4519989490509,0.57518303394318,-2.7480487823486,0.91560727357864,3.0501675605774,1.9355996847153,-1.464595913887,-0.95159268379211,1.6151983737946,-0.93291699886322,0.59334701299667,0.94014489650726,-1.4188103675842,0.64267367124557,-0.55596548318863,1.9541665315628,2.2878077030182,-0.84948354959488,1.3293880224228,-0.19449828565121,1.3370054960251,0.33569213747978,-0.60716468095779,1.0370123386383,0.95260685682297,-0.0079310536384583,1.7854758501053,0.77049136161804,0.77257865667343,-2.4327237606049,0.41997179389,-1.2099310159683,0.48179441690445,0.53486716747284,1.7105396986008,-3.0952823162079,0.26040136814117,2.5662670135498,-0.056773662567139,2.5135464668274,-0.68422740697861,0.56736624240875,1.0860795974731,2.4083349704742,1.8245306015015,0.61805254220963,-0.83681958913803,0.85751664638519,3.0387403964996,0.72472721338272,-2.1040828227997,1.9598635435104,-0.8791795372963,0.88512539863586,2.386221408844,0.05381628125906,0.47623479366302,-0.50573652982712,-0.60182589292526,0.29477056860924,0.38521319627762,0.54371130466461,0.91152739524841,0.46243536472321,-0.33164477348328,0.31782758235931,1.163260102272,0.53039711713791,0.36115217208862,0.45913743972778,-0.70020759105682,-0.66355419158936,-0.063963904976845,-1.1490045785904,0.59681355953217,0.10309781134129,-1.5408012866974,-1.3523180484772,-0.47750055789948,-1.3229050636292,0.40292355418205
-0.072233334183693,-0.41606175899506,1.0488524436951,0.4056775867939,-0.57505363225937,-1.0259665250778,-0.1835058927536,-0.26865854859352,2.5892300605774,2.2337069511414,2.1142311096191,1.0952125787735,-0.21491688489914,2.4221756458282,-0.24169854819775,-0.84273958206177,-3.8444385528564,-0.73479020595551,1.5321197509766,-1.7399094104767,1.339227437973,-2.9438509941101,-2.8355836868286,0.91728347539902,0.10319618135691,-0.40887674689293,1.4346685409546,0.6944779753685,0.45454788208008,-0.29559388756752,-3.6299839019775,-3.2252366542816,-0.91975980997086,1.5983911752701,-1.5100017786026,-0.53651714324951,-1.4102209806442,-0.084949344396591,1.0711352825165,1.8319636583328,-2.228536605835,-0.10663142800331,0.60706865787506,1.2498850822449,-2.7801151275635,-0.43507018685341,1.5450825691223,0.62115812301636,0.26993229985237,-3.3527188301086,0.34423160552979,3.8744759559631,3.9757778644562,0.96506935358047,-2.0247163772583,1.4125413894653,-0.66725432872772,-0.29850685596466,0.48724365234375,-0.2028540968895,0.27721291780472,0.24033965170383,-0.84971904754639,3.0844776630402,-2.2640879154205,2.4719159603119,-2.2744364738464,0.84095340967178,-1.8713223934174,-1.1990045309067,1.5997812747955,1.0439147949219,0.93910366296768,1.5258905887604,-0.33416491746902,-1.705600976944,-2.8528289794922,0.11211175471544,2.4259262084961,2.6832468509674,-2.0666301250458,1.2723338603973,-2.7135472297668,1.3711920976639,3.7707033157349,1.2274802923203,0.80049842596054,-1.4613106250763,1.2739112377167,-0.053170893341303,0.60991322994232,0.41181379556656,0.43813222646713,-1.2749265432358,-0.54080140590668,1.4137547016144,0.91748702526093,-1.3570613861084,1.3728243112564,0.42945325374603,0.17882011830807,3.2430384159088,-0.99138551950455,-0.36913049221039,-1.252413392067,-2.3475675582886,0.12689751386642,2.1251363754272,1.7611731290817,2.0780913829803,0.10760313272476,-1.4886798858643,1.9111940860748,0.17183662950993,0.42502501606941,1.6476361751556,1.3563743829727,-1.5276861190796,-1.2006984949112,1.2996891736984,-2.3982536792755,1.0992025136948,-1.662538766861,-1.0182387828827,-1.6542785167694,-2.7877449989319,-0.22447520494461,1.2518961429596
0.82472747564316,-1.3982095718384,1.6652189493179,0.68246817588806,-1.7225914001465,-0.46604645252228,-0.70648235082626,0.50285732746124,2.8385944366455,1.0655232667923,2.8196039199829,0.53927302360535,1.1155672073364,1.1266469955444,-1.0045472383499,1.3379120826721,-5.6280989646912,-0.97539907693863,2.5528182983398,-2.4849698543549,0.95058035850525,-3.598096370697,-3.5118718147278,0.39142000675201,-0.016289673745632,0.15540573000908,1.7077600955963,0.98432457447052,0.78057247400284,-0.40190455317497,-3.4490177631378,-2.5416061878204,-1.9849821329117,0.99244862794876,-1.8051558732986,-0.95116591453552,-2.3642892837524,-0.10376876592636,0.88029778003693,2.5018727779388,-3.06676197052,-0.17467817664146,0.84094476699829,0.75993895530701,-2.0108547210693,-0.525954246521,1.8297657966614,1.0857070684433,0.30795314908028,-2.7200679779053,-0.36540281772614,3.0529980659485,5.0596837997437,1.0379981994629,-2.2767643928528,1.3032333850861,0.12975519895554,0.82799810171127,1.818172454834,-0.83852326869965,-0.95887738466263,-0.24043045938015,-0.87892299890518,3.6538345813751,-1.5350978374481,1.8706879615784,-1.773521900177,0.54914969205856,-2.4372177124023,-0.45106828212738,1.5992742776871,2.8441243171692,0.41270810365677,2.3524782657623,0.0084557384252548,-2.407457113266,-2.1915590763092,0.42760974168777,1.3705140352249,1.3315259218216,-1.9889054298401,0.81848013401031,-3.0477695465088,1.6287928819656,1.6256984472275,-0.027444005012512,1.5630632638931,-2.2756237983704,1.3543244600296,0.66561281681061,-0.26652616262436,0.31169521808624,0.16625155508518,-1.2710651159286,-1.1045609712601,3.567946434021,1.4913884401321,-1.301176071167,2.9657924175262,0.66054731607437,1.3984317779541,4.0575976371765,0.45430594682693,-1.0585862398148,-0.63628137111664,-0.3105880022049,0.27882662415504,2.7672173976898,1.1818717718124,0.99347233772278,0.15619605779648,-0.28255838155746,1.5410590171814,0.83566337823868,0.37766525149345,1.0337538719177,0.86051666736603,-2.3748004436493,-1.9750086069107,0.8930412530899,-1.7201470136642,0.9478012919426,0.12054751813412,-1.7457478046417,-2.9883592128754,-0.17832219600677,-0.93775868415833,0.051182899624109
-0.56339645385742,-0.54930686950684,1.842717051506,0.042536690831184,-0.91469711065292,-0.12988273799419,1.0556669235229,0.11432495713234,2.8795306682587,-0.75498390197754,1.8261159658432,0.055795796215534,-0.46387761831284,2.0895278453827,-1.2413023710251,-0.27371752262115,-2.9922437667847,-0.56555092334747,0.91926938295364,-0.75726318359375,0.80306029319763,-3.6880531311035,-2.6127371788025,-0.68742394447327,-0.62475168704987,-0.91341727972031,1.5450043678284,0.019363664090633,1.7591012716293,-1.3743852376938,-3.4224874973297,1.2839229106903,-0.81084716320038,1.40014731884,-1.2298527956009,0.51354396343231,-0.67852163314819,-0.090315818786621,1.4044046401978,1.3551886081696,-1.73208963871,0.87178671360016,0.33065330982208,-0.20852267742157,-1.6992319822311,0.88809895515442,0.22794795036316,-0.1289060562849,0.50668376684189,-3.1315493583679,0.59988635778427,2.7690653800964,3.686146736145,1.3678213357925,-2.2922086715698,1.2334954738617,-0.5891045331955,3.0849611759186,-0.3563891351223,-0.92998564243317,-0.038538500666618,0.30083835124969,0.078049868345261,3.8359813690186,-0.57689958810806,1.8149772882462,-0.89638525247574,-0.39133232831955,-0.83820021152496,-0.58794587850571,1.4920904636383,2.6153893470764,-0.029140740633011,2.1964914798737,-0.62492597103119,-0.98756092786789,-3.1420607566833,1.587641119957,0.44321396946907,1.8947401046753,0.37018340826035,0.23363050818443,-2.1347215175629,0.35542279481888,2.2214069366455,1.9270105361938,1.5219702720642,-1.6908769607544,0.5544410943985,1.4347962141037,1.1146788597107,0.40231814980507,-0.83773809671402,-1.0487179756165,1.5101035833359,1.9944560527802,1.7692247629166,-1.3310211896896,1.2014272212982,1.3449504375458,-0.4989914894104,2.1654303073883,-0.47673872113228,-0.56417095661163,0.32457119226456,-1.1741546392441,-1.4170706272125,1.5154799222946,0.12258718907833,-0.46242982149124,0.35831838846207,-0.36466270685196,0.53509873151779,1.1703190803528,0.27205491065979,1.7425910234451,0.37169045209885,-0.54243272542953,-1.7155307531357,2.5280752182007,-1.939314365387,0.9064257144928,-1.4554959535599,-1.0792399644852,-2.2276265621185,-3.1580708026886,-0.96421200037003,2.2189493179321
0.36745661497116,-0.41738826036453,1.7651841640472,-1.0050708055496,-2.125105381012,-0.69401276111603,-1.5277928113937,-0.71358859539032,0.29730367660522,0.033200047910213,0.26485830545425,-0.74965417385101,0.07307842373848,-0.63769406080246,-2.0584142208099,-0.3504530787468,-2.8739166259766,-0.12273451685905,-1.0163767337799,-1.0353528261185,2.0046164989471,-0.44663187861443,-0.16168484091759,0.50003004074097,0.90353327989578,1.3291237354279,-0.83088803291321,0.22539803385735,1.2825974225998,1.1863219738007,-0.31112086772919,-0.56197285652161,0.022234201431274,1.1198271512985,-2.3885560035706,0.507479429245,-1.0236632823944,-0.59790456295013,-0.41128516197205,-0.14498457312584,0.47755205631256,0.49756193161011,0.5213640332222,0.96009290218353,1.3754862546921,0.47182863950729,1.1192352771759,0.69529330730438,0.20760786533356,-0.26450395584106,0.63842266798019,0.05519412457943,-0.47326773405075,-1.336080789566,1.7267532348633,-1.2558131217957,0.92324829101562,-0.80908232927322,0.62876981496811,-1.155903339386,1.2685030698776,0.4744108915329,1.4594266414642,-0.31549480557442,-1.6322697401047,0.52257835865021,-0.85208731889725,-0.0047080963850021,-0.44634366035461,0.13890434801579,0.073200941085815,0.30205833911896,0.44776284694672,1.0185191631317,0.59584254026413,-1.2022054195404,0.81487739086151,1.405137181282,-0.77886736392975,-0.62692946195602,0.094270199537277,0.11171862483025,-0.99034863710403,-0.62720477581024,1.2037029266357,0.14706262946129,1.1072583198547,0.47703260183334,-2.1258771419525,0.83136135339737,-0.24323138594627,0.38967472314835,0.29461574554443,-0.97107470035553,0.76848191022873,2.5015594959259,0.46508514881134,-1.29900431633,1.7377321720123,-1.3958902359009,0.0092953145503998,0.66633176803589,1.3032804727554,0.69405901432037,0.12041990458965,1.4564419984818,-0.0087247490882874,-0.26290428638458,0.42356526851654,-0.6067476272583,-0.049600087106228,0.076154723763466,-0.57860708236694,1.018324136734,-0.05130360275507,1.0663747787476,-0.61978393793106,0.74512422084808,0.56576979160309,-0.57559478282928,-0.2113331258297,-1.6121467351913,0.0028067082166672,-0.86669480800629,0.69665431976318,2.3197293281555,1.6358034610748,-0.6294509768486
-1.5789954662323,1.3667457103729,2.9666564464569,-0.19738703966141,-1.1939041614532,-0.48948705196381,0.12569326162338,0.31556764245033,0.73271906375885,0.58205735683441,-0.11331433057785,-0.12783099710941,-1.2934234142303,-0.11552208662033,1.3140320777893,-1.4832882881165,-0.31812345981598,-0.85316199064255,0.14770874381065,-0.952357172966,2.7754848003387,-3.3362102508545,-1.235734462738,0.70222419500351,-0.099093608558178,-0.47045117616653,0.31087729334831,1.1142876148224,-1.0049924850464,2.2201278209686,-1.4602292776108,-0.93479251861572,0.83398377895355,0.60838353633881,-2.0580570697784,-0.60045313835144,-1.0158355236053,-1.5714426040649,0.65025722980499,2.33726978302,-0.3657491505146,1.2141896486282,-1.2274792194366,1.5964417457581,-0.56460481882095,0.48999193310738,0.87130802869797,0.69025784730911,0.014464616775513,-1.2144054174423,2.0005540847778,3.5680406093597,0.32767394185066,0.38286083936691,-1.1882717609406,-0.18344393372536,-0.686363697052,-0.052759557962418,1.0582998991013,-0.2286771684885,1.2684580087662,0.74079751968384,1.9029653072357,1.0041033029556,0.25509193539619,0.59601765871048,-1.1365971565247,0.63661831617355,0.81777358055115,-2.1022448539734,-0.87994766235352,-0.7673836350441,0.70946699380875,1.3638927936554,-0.63383257389069,-0.80943834781647,-2.192126750946,0.22433350980282,-0.53015208244324,0.48025298118591,0.81632542610168,-0.16048410534859,-1.7332897186279,-0.51332485675812,1.1413657665253,1.9772515296936,0.90370416641235,-0.42748463153839,-0.47513628005981,0.90338975191116,0.4572821855545,-0.54668426513672,-0.17995603382587,-0.93835091590881,-0.18461886048317,2.2057299613953,0.8229313492775,-1.0006808042526,-0.8049036860466,-0.48879915475845,-0.79445439577103,0.36757591366768,-0.26119044423103,-1.315425992012,-0.016982927918434,1.7392262220383,-0.2377053797245,0.23018138110638,0.67014825344086,-0.5077348947525,0.013871759176254,0.18074192106724,0.18181526660919,-1.8646602630615,1.0194057226181,0.35487246513367,-1.5547392368317,0.19181936979294,-1.2694261074066,0.039914414286613,-2.1705236434937,0.37029093503952,-0.43319660425186,-0.27054679393768,-1.218145608902,-1.6259082555771,0.97075706720352,0.43714103102684
-1.3038878440857,0.65416496992111,0.26023209095001,-0.15718892216682,0.18120351433754,0.67738968133926,-0.43512251973152,0.42420274019241,0.38530957698822,1.295023560524,0.65139377117157,0.30985608696938,-0.17051360011101,0.43558147549629,-1.4653327465057,-0.49506732821465,-1.776510477066,0.23916178941727,-0.25947612524033,-0.66536939144135,0.33869934082031,-1.886837720871,-1.0190237760544,0.65497493743896,1.0003714561462,0.41310721635818,0.15290366113186,-0.71996665000916,-0.19639736413956,0.82095313072205,-0.81181919574738,-0.37151178717613,-0.48993533849716,0.93795728683472,-2.2753005027771,0.36176282167435,-0.060372725129128,-0.48249632120132,0.74607580900192,0.95951253175735,-0.75691986083984,-0.32984513044357,0.31487089395523,-0.22342973947525,-0.20065250992775,-0.14585310220718,-0.69841593503952,1.2052199840546,-0.022533088922501,0.019934132695198,1.3005483150482,1.6507709026337,1.5373275279999,0.28788715600967,-1.3087160587311,0.42640909552574,-0.88441807031631,0.20870716869831,0.68231189250946,-0.68840152025223,0.94337183237076,-0.1793924421072,1.437113404274,1.2635394334793,-0.18584442138672,0.076660022139549,0.11718536168337,0.89743357896805,-0.76962888240814,-0.76925009489059,-0.24069809913635,0.13334286212921,-0.70982378721237,0.70354747772217,-0.31079810857773,0.36309808492661,-0.59927070140839,0.32709762454033,-0.24747459590435,-0.24065674841404,1.066992521286,0.74517035484314,-0.17547938227654,0.81576192378998,1.5215145349503,1.0655937194824,1.4100757837296,0.30475300550461,-0.23235781490803,1.3683025836945,-0.23199999332428,-0.79820287227631,0.31376159191132,-0.88643777370453,0.36200678348541,2.2566318511963,0.31878036260605,-0.87307572364807,0.069945976138115,-0.68452429771423,0.45159643888474,1.3118132352829,-0.46917879581451,-0.91257774829865,0.27515608072281,1.0043227672577,-0.37620255351067,0.57332104444504,2.5504522323608,0.39960139989853,0.16681030392647,0.019956201314926,0.59389448165894,0.24202874302864,-0.42289751768112,0.92181670665741,-0.42945379018784,0.0075781531631947,-1.1979967355728,0.77708351612091,-0.90258020162582,0.26175338029861,0.83938008546829,-1.0681496858597,0.077636286616325,0.13051080703735,0.12192821502686,0.42952427268028
-0.35508424043655,-2.0733263492584,3.3891191482544,-1.5566692352295,-3.5739305019379,-0.8863685131073,-0.14674243330956,2.7130529880524,3.5751852989197,1.1125584840775,0.61343222856522,-1.4676747322083,0.97494608163834,2.4112665653229,0.47624337673187,1.0949923992157,-7.6861820220947,-1.1140971183777,-1.7168982028961,-1.8742818832397,1.4813815355301,-5.2769813537598,-2.1588871479034,0.08093748986721,0.19596266746521,2.6263461112976,1.1789140701294,1.1307641267776,-0.43833953142166,0.24306075274944,-2.6038951873779,-2.3397986888885,-0.8611398935318,2.0853815078735,-2.6305358409882,-0.69763851165771,-0.32727473974228,-2.2746059894562,1.0149369239807,-0.24430581927299,-3.0924134254456,0.35167896747589,1.545590877533,1.5033651590347,-1.3380863666534,-0.18724817037582,2.4796140193939,1.2894407510757,-1.6925761699677,-2.8904008865356,0.15528723597527,3.8802127838135,2.1452314853668,-1.0255994796753,-3.0479154586792,0.79053354263306,-1.4594087600708,-0.84025603532791,1.1453419923782,-2.4036750793457,1.4296863079071,1.5849744081497,0.93123942613602,2.3757865428925,-1.7320038080215,1.7410584688187,-2.1213352680206,0.90025812387466,-1.1063411235809,0.31955313682556,1.6280026435852,2.3048992156982,-0.17646308243275,0.095316588878632,0.37914651632309,0.17953962087631,-3.2061729431152,1.7361829280853,-0.70603728294373,1.0788801908493,-1.7095656394958,2.6174216270447,-4.1353249549866,0.1873499751091,4.6879029273987,0.45621806383133,3.6845147609711,-0.39821285009384,0.57749259471893,0.16914974153042,2.0268907546997,-0.17674699425697,0.52527052164078,-1.6499446630478,1.662893652916,0.64194321632385,0.65338325500488,-2.2653024196625,3.1299924850464,1.7212126255035,-0.36157667636871,2.1577210426331,0.22628557682037,-0.021873533725739,0.79767405986786,-0.15391571819782,1.8050706386566,2.694361448288,1.6951702833176,1.3793816566467,-0.64612936973572,-1.2475001811981,1.289387345314,0.71748900413513,1.2360372543335,2.248037815094,0.61893314123154,-0.68238282203674,-0.13147130608559,0.1820891648531,-1.9284075498581,0.22973138093948,-1.7803057432175,-1.1963219642639,-3.4314765930176,-1.6535460948944,0.20322614908218,-0.16903479397297
-0.70021092891693,-1.4385414123535,2.5889325141907,-1.4854714870453,-2.0164525508881,0.82034552097321,-1.2058489322662,0.92347121238708,2.499032497406,1.3576081991196,1.8084069490433,0.38887089490891,0.095012649893761,1.1037085056305,-0.64868533611298,0.36917600035667,-5.4808259010315,-0.88981193304062,0.32011008262634,-1.198274731636,0.91969609260559,-3.8383193016052,-2.8159127235413,0.36909621953964,1.1377761363983,1.5305829048157,0.29316982626915,-0.15738898515701,2.1676738262177,-0.11343488097191,-2.482296705246,-2.0295760631561,-0.12991717457771,1.9665069580078,-2.4164009094238,-1.3442767858505,-2.5594034194946,-1.8648293018341,0.66431784629822,1.0990877151489,-2.3239710330963,-0.019930098205805,1.2765648365021,1.52414727211,-2.015310049057,0.63718664646149,1.529824256897,1.3893625736237,-0.35506466031075,-2.4780054092407,1.840044260025,3.5539834499359,2.415105342865,-1.397052526474,-1.9532823562622,1.4431684017181,-1.119723200798,1.2440625429153,2.840469121933,-0.69951355457306,1.1813799142838,-0.77659624814987,0.97120600938797,3.4890291690826,-1.5604982376099,1.8695545196533,-0.86440849304199,1.2880585193634,-1.6022864580154,-1.6944932937622,0.85240256786346,1.8490562438965,0.35154563188553,2.959153175354,-0.61061239242554,0.93519848585129,-3.1468234062195,1.4301371574402,-1.4653022289276,1.4359180927277,-0.4320470392704,2.6086165904999,-3.3972184658051,0.51144278049469,1.4317315816879,0.18816977739334,2.0759477615356,-0.68098998069763,1.516900062561,1.1781406402588,1.7752805948257,1.1056768894196,0.52620351314545,-1.1673011779785,1.7821871042252,3.0950756072998,1.3826693296432,-2.3610980510712,1.8937547206879,-0.20207048952579,0.74894773960114,3.4072411060333,-0.3768522143364,-0.52368891239166,-0.63527292013168,-1.1524628400803,-0.38733169436455,0.95961821079254,1.3997589349747,1.1472681760788,0.099884569644928,-0.58095616102219,0.055280342698097,0.1699743270874,0.65500199794769,2.0933122634888,-0.13646928966045,-0.20108076930046,-1.5917618274689,0.64016652107239,-1.5535210371017,-0.51548665761948,0.19005097448826,-1.5913742780685,-2.1274423599243,-1.2200371026993,-0.60987520217896,0.77665746212006
0.33297550678253,-0.48601138591766,1.5505924224854,-2.5929009914398,-1.8392200469971,-0.12570275366306,-0.44245651364326,1.4749526977539,2.634396314621,-0.65882086753845,1.2388538122177,-0.5475754737854,0.46640682220459,0.97063225507736,-1.0674089193344,-0.11089839041233,-5.3908200263977,-0.31179910898209,-1.1013631820679,-2.2882039546967,0.23388801515102,-3.1236050128937,-2.2192897796631,0.26734691858292,0.11218220740557,0.3725574016571,2.444004535675,-0.18962980806828,0.83341383934021,-0.25888931751251,-3.0938129425049,-1.0460823774338,-0.80741399526596,1.7551332712173,-2.3728337287903,-0.42063382267952,0.11746488511562,-0.31068658828735,-0.18676045536995,0.59813356399536,-1.3666529655457,1.0295341014862,1.4612793922424,0.47021102905273,-1.8655663728714,0.1069376245141,0.98240977525711,-0.15586358308792,-0.058818399906158,-1.9856179952621,0.38727062940598,2.1584031581879,3.1057021617889,0.3052324950695,-1.1363946199417,1.1640148162842,-1.1402431726456,1.2074922323227,0.14385080337524,-0.74477821588516,0.92602747678757,0.49473541975021,0.031501814723015,2.4329595565796,-0.70373743772507,1.1144894361496,-0.93543738126755,1.4089524745941,-0.80754518508911,-0.1497513204813,1.7257348299026,1.5451190471649,-0.33184698224068,0.95654857158661,0.099408745765686,-0.86113333702087,-1.5478447675705,-0.1532387137413,-0.17369093000889,1.3482751846313,-1.2029877901077,1.3458245992661,-2.3434088230133,-0.085954755544662,2.2797808647156,0.079677730798721,2.4505724906921,-1.0019065141678,1.5211410522461,0.87234580516815,0.93652975559235,0.045470401644707,0.0072837918996811,-1.0902382135391,1.281960606575,3.1794488430023,1.2095748186111,-1.639409661293,2.5596687793732,1.3664036989212,0.6612588763237,1.8624106645584,0.22679176926613,-0.46578562259674,0.25843518972397,-1.7411434650421,-0.12595228850842,1.7042249441147,1.0944364070892,0.81384515762329,0.31153926253319,-0.80107659101486,0.93414092063904,0.44591391086578,1.3695042133331,1.3811790943146,0.89155501127243,0.059525948017836,-0.60519576072693,1.8907841444016,-2.7370862960815,-0.61337268352509,-1.5880317687988,-0.89230144023895,-3.1659433841705,-2.1312687397003,-0.18891441822052,1.6220760345459
-0.77865487337112,0.23516210913658,1.8217744827271,-0.81263732910156,-1.7122037410736,0.50189590454102,-0.63343477249146,-0.73340332508087,0.21153838932514,1.5241881608963,1.4901189804077,0.013509022071958,-1.1736950874329,0.18200422823429,0.3856395483017,-0.41391795873642,-2.6818170547485,0.17201696336269,0.80660575628281,-1.1761468648911,1.8160169124603,-2.9027953147888,-1.6849966049194,1.0423227548599,0.27051132917404,1.0191932916641,0.61853784322739,0.5284435749054,1.2382694482803,-0.087924182415009,-0.57576376199722,-2.3534047603607,0.018666014075279,1.1679073572159,-1.930216550827,-0.13740795850754,-0.58828568458557,-1.4724433422089,0.83168482780457,1.7638224363327,-2.4495890140533,-0.81548982858658,1.2146422863007,0.4718451499939,-0.26069766283035,0.43268099427223,1.4687190055847,0.90340948104858,-0.12226174771786,-0.36590331792831,0.92476409673691,2.9857697486877,0.32946079969406,0.40520757436752,-1.1919560432434,1.4849915504456,-0.8216512799263,-0.12681566178799,-0.26145625114441,-0.32308566570282,0.3573352098465,1.2989794015884,1.3607733249664,1.0825396776199,-0.47520324587822,0.20555138587952,-0.70038938522339,1.1457084417343,0.41338470578194,-1.9181290864944,0.062604829668999,0.65668874979019,-0.35750970244408,0.67699360847473,-1.1858122348785,0.3691810965538,-1.4705712795258,1.3075683116913,0.80268448591232,0.183832898736,0.26313018798828,0.30222979187965,-1.9580305814743,0.77093589305878,3.3895988464355,0.9701971411705,1.3747321367264,0.19022004306316,0.76442784070969,1.2794935703278,1.284152507782,-0.40967059135437,-0.049470707774162,-1.5689574480057,0.033467017114162,1.4185792207718,0.62577110528946,-1.948798418045,0.54761874675751,-0.14690375328064,0.167963758111,1.7554523944855,-1.1215038299561,-0.77005040645599,0.89814114570618,1.091622710228,0.48953494429588,1.2419687509537,1.6992448568344,-0.21712908148766,0.031009867787361,-0.5869699716568,-0.73286592960358,0.50530332326889,-0.070021249353886,1.7145243883133,-0.33055174350739,-0.53327375650406,-0.47311761975288,0.6629005074501,-1.9786722660065,0.159766882658,0.16472588479519,-0.93149119615555,-0.37771534919739,-0.90721541643143,-0.12821830809116,0.46599873900414
-2.0672657489777,-1.1157140731812,1.2632418870926,-2.2839431762695,-0.056167453527451,-3.3412718772888,0.40177118778229,1.0673778057098,1.7388435602188,1.9687051773071,0.88000982999802,0.5876539349556,-0.24453121423721,0.72341239452362,-1.3076429367065,-2.0821921825409,-3.1112926006317,-0.17849050462246,-0.18569760024548,-1.8305113315582,2.2549426555634,-1.2138872146606,-1.09987616539,0.29683557152748,-0.25915962457657,0.79339092969894,2.2333316802979,1.2680994272232,1.0306198596954,1.2607712745667,-4.5641646385193,-0.56951111555099,0.6268150806427,1.8887858390808,-2.0493309497833,0.85867786407471,-0.028764814138412,-0.8594531416893,1.0155390501022,0.11397319287062,-2.4904940128326,0.80393266677856,-0.8388683795929,2.1849172115326,-2.4839906692505,0.017473936080933,0.71159887313843,-1.5952554941177,-1.1538920402527,-0.50310164690018,0.11018458008766,1.3175714015961,2.5271439552307,0.71676868200302,-1.3062472343445,-1.3607349395752,-0.70297932624817,0.31589633226395,-0.32174226641655,-0.76323938369751,0.36830306053162,1.4629269838333,-0.78546571731567,1.1813337802887,-0.87836438417435,0.78017872571945,-2.2613155841827,0.20655487477779,-0.020511252805591,-2.1433637142181,2.6830739974976,2.5783016681671,0.71320599317551,1.0655771493912,-0.35910958051682,-1.2389628887177,-1.7887494564056,1.2468258142471,0.76576054096222,1.7702485322952,-0.49165108799934,0.0838603079319,-2.7012929916382,-0.12002268433571,2.076943397522,2.2208609580994,1.5581617355347,-0.17676872014999,0.22626076638699,1.3023942708969,1.1836810112,-0.1987986266613,-0.93270260095596,-1.6086703538895,1.0179061889648,0.035448372364044,0.78838568925858,-1.4392025470734,0.4023689031601,0.55991619825363,-0.48876279592514,1.8763387203217,-0.88972216844559,-0.46885508298874,-0.27000930905342,-0.45325273275375,0.33118978142738,2.0454115867615,0.98199164867401,-0.8993593454361,-0.99883335828781,-2.0790693759918,-0.052213817834854,-0.41071552038193,0.66387414932251,0.26863741874695,-0.74790304899216,0.62009513378143,-1.548916220665,1.7326517105103,-3.5019102096558,-0.39273595809937,-1.9457894563675,1.5795917510986,-3.4282448291779,-1.3768895864487,-0.19120392203331,0.39090839028358
-1.1754876375198,-0.84585481882095,2.5924985408783,-1.5952833890915,-1.3506488800049,-0.092001363635063,0.3209627866745,1.0901155471802,3.5787494182587,1.4322408437729,1.7076736688614,-1.4591856002808,-0.016675412654877,1.2443602085114,-1.0670454502106,-0.01018500328064,-4.4352498054504,-1.0633838176727,0.15677827596664,-1.3866336345673,1.6799838542938,-5.7833466529846,-4.0058331489563,0.10865765810013,1.1617786884308,-0.32521057128906,1.7988011837006,0.60550272464752,0.43474149703979,-0.071847975254059,-3.6941514015198,-1.0580005645752,-0.22715735435486,1.7706518173218,-1.7829111814499,-0.76898038387299,-0.71480190753937,-1.1317930221558,0.7167152762413,1.7513610124588,-3.2023212909698,-0.57030236721039,0.11686146259308,1.2665386199951,-2.4355416297913,1.5195925235748,-0.10243999958038,1.0376629829407,0.41329458355904,-3.3344302177429,2.03644323349,4.8414072990417,3.2225260734558,-0.049666214734316,-3.4506995677948,0.82433015108109,-1.6594507694244,2.1108965873718,1.022501707077,-0.9751210808754,1.2636262178421,0.7011901140213,1.0183804035187,3.4383790493011,-1.1277024745941,1.7754991054535,-1.3541339635849,1.2907711267471,-0.80667978525162,-2.3170099258423,0.68040984869003,2.4918982982635,0.49537926912308,1.9611477851868,-0.062055259943008,-0.16404081881046,-3.4572157859802,0.93737351894379,-0.034114371985197,1.6527926921844,-1.4547777175903,1.0711318254471,-3.0145671367645,0.8787407875061,2.0312252044678,1.3360059261322,2.5497443675995,-0.95023602247238,1.3153302669525,0.81843000650406,0.48944389820099,-0.69004815816879,-1.1453915834427,-1.4486736059189,2.0095732212067,3.4432003498077,1.3045955896378,-1.6256846189499,1.7912546396255,0.63330745697021,0.8391387462616,3.1033477783203,0.013545416295528,-0.99285495281219,-0.75992965698242,-0.86760520935059,-0.43171393871307,2.355366230011,1.3203171491623,0.54532623291016,-0.43347111344337,-0.4504759311676,2.5350782871246,-0.14049345254898,1.3038923740387,1.5961941480637,-0.546950340271,-0.15663708746433,-1.4127572774887,0.81996136903763,-2.837361574173,-0.25846511125565,-0.41020148992538,-0.92140746116638,-4.2808356285095,-3.2115042209625,-1.2968647480011,0.67371469736099
0.50181895494461,-0.31395536661148,0.23732388019562,-1.1531972885132,-1.0644659996033,0.32253390550613,-0.92710793018341,-0.12705591320992,2.1338720321655,-1.2118116617203,0.99927335977554,1.967294216156,0.066858768463135,0.43986815214157,-1.4475972652435,0.52967202663422,-2.1951315402985,1.8814582824707,1.9062576293945,-1.215106844902,1.553170800209,0.23430180549622,-1.5647008419037,0.17905105650425,-0.028173618018627,-0.12330566346645,0.90308356285095,0.36468264460564,1.4194494485855,-0.7795637845993,-0.27421903610229,-2.0633323192596,-0.9569901227951,1.726128578186,0.38435107469559,0.23407645523548,-1.887574672699,0.84259414672852,-0.049824111163616,1.2077586650848,0.63263034820557,-1.2664573192596,2.0623512268066,-0.10193866491318,0.55976331233978,0.68644154071808,0.81687259674072,-1.425933599472,1.6913101673126,-0.9918360710144,-0.39639186859131,1.7277401685715,2.0438659191132,-0.48932021856308,-1.6954007148743,0.56112396717072,0.76370739936829,1.4861798286438,-0.53989958763123,0.053459379822016,-0.35888665914536,-0.445705473423,-0.57277548313141,2.5859155654907,-1.4483568668365,0.34761565923691,-1.1770898103714,0.80335181951523,-1.3202922344208,0.059067875146866,0.50254666805267,0.47193720936775,-0.13662406802177,2.6494295597076,0.97416698932648,-2.3479557037354,-0.62872898578644,0.74886691570282,0.47504794597626,0.77132391929626,0.42285197973251,0.13861840963364,-1.2251193523407,0.42049571871758,0.92724788188934,0.78732478618622,-0.84276133775711,-0.37253838777542,0.16516852378845,0.68634176254272,-1.2491030693054,1.8015365600586,0.82362884283066,-0.37100297212601,-0.77372747659683,2.1357102394104,0.55009090900421,-0.044038537889719,0.47578400373459,-0.55108600854874,0.71344113349915,2.4115056991577,-1.4575154781342,0.43685203790665,-1.6763468980789,0.2700012922287,-2.0467319488525,0.3066018819809,0.32563018798828,-0.10171996802092,0.35703903436661,-0.83809733390808,1.0582171678543,1.1229294538498,-0.42821907997131,2.3089740276337,1.7109941244125,-0.014672245830297,-0.36858031153679,0.63970100879669,0.57749938964844,-0.97608560323715,0.52130419015884,-1.3840831518173,1.0843093395233,0.0058402940630913,-1.0554625988007,0.99284029006958
-1.3327308893204,-0.52339667081833,2.1744487285614,-0.66606640815735,0.09062871336937,-0.55627727508545,0.14460057020187,0.4338650405407,1.2727942466736,-0.33165967464447,2.5510325431824,1.2698749303818,0.37549829483032,0.61167562007904,-2.3399419784546,-0.31977874040604,-3.9261636734009,-0.54172199964523,0.47821521759033,-2.2990465164185,1.274803519249,-3.5416164398193,-1.5188351869583,-0.60212844610214,-0.68645393848419,-1.3704614639282,1.8665552139282,-1.0801244974136,-0.19459807872772,-0.54911303520203,-3.2173526287079,-0.6758998632431,0.25412309169769,1.3985748291016,-2.3122172355652,1.7054560184479,-2.2511451244354,-0.86091691255569,2.5635585784912,1.4648844003677,-1.89590716362,0.55116349458694,0.49032136797905,1.0212118625641,-3.0756402015686,0.63116919994354,-0.23295763134956,-0.13592679798603,0.93052047491074,-1.2599580287933,0.035073488950729,3.5597670078278,2.1142592430115,0.73584890365601,-3.068692445755,1.6159975528717,-0.80938649177551,2.5603337287903,-0.074708431959152,0.44288551807404,0.73071652650833,1.3671034574509,-1.4731557369232,3.9188568592072,-1.4036244153976,0.96139681339264,-0.93663817644119,0.35392928123474,-2.8694915771484,-1.3516201972961,1.185653924942,1.9521598815918,0.54055470228195,2.2881915569305,-0.6030980348587,0.3076838850975,-2.1649541854858,1.5218563079834,-0.39180520176888,2.7131655216217,-0.50204920768738,0.94854557514191,-1.0904850959778,-0.48520758748055,2.7641172409058,0.84952980279922,1.4064368009567,-0.95788037776947,1.5918066501617,2.0690035820007,-0.26505559682846,-0.49221581220627,-0.86536473035812,-0.69679009914398,0.59870356321335,2.4785203933716,0.61891394853592,-1.9479742050171,1.4719215631485,0.79884326457977,0.59219807386398,2.4517343044281,-1.0485918521881,-0.9302659034729,-1.0731530189514,-1.4381982088089,-0.44855189323425,2.4143846035004,1.3344308137894,0.90053403377533,0.25907850265503,-0.49053174257278,2.152467250824,1.8551926612854,1.2605139017105,-0.071375168859959,1.3444980382919,1.3920038938522,-1.3527915477753,2.0440652370453,-2.1218962669373,0.68448865413666,-1.2372893095016,-0.90717387199402,-1.4427312612534,-3.2756180763245,-0.60656070709229,0.63973069190979
-0.61813914775848,-0.04671835899353,2.1721408367157,-1.4698576927185,-1.4478757381439,0.0016535371541977,-0.43152287602425,1.9903231859207,2.2300009727478,0.58792346715927,0.71641182899475,-0.8517125248909,0.71727871894836,0.45515957474709,-0.56213617324829,-0.1760436296463,-2.6619980335236,0.17905789613724,-0.97973412275314,-1.4011548757553,0.61589246988297,-3.8010332584381,-1.55906021595,-0.15366943180561,0.5959392786026,0.89520090818405,1.206463932991,0.41562068462372,-0.72875684499741,1.2894287109375,-2.0738906860352,-1.3986506462097,0.35092628002167,0.65638613700867,-2.3371565341949,-0.91366231441498,-0.78754436969757,-0.74094420671463,0.68932467699051,0.17504471540451,-1.3487110137939,-0.054176453500986,0.31594228744507,1.4859405755997,-1.1471420526505,-0.35275426506996,0.87437981367111,0.60723239183426,-0.094963878393173,-1.8930410146713,0.47692215442657,2.9213812351227,0.90290248394012,-0.57935100793839,-0.3035081923008,0.14531548321247,-0.65863621234894,0.021529259160161,1.1314451694489,-0.496242582798,0.99409741163254,0.99347722530365,0.21577681601048,1.3679538965225,-0.98347598314285,0.78995966911316,-1.1565527915955,0.65645068883896,-0.7190728187561,-0.047594621777534,0.28127244114876,0.70208275318146,0.62614649534225,0.71352326869965,1.0305776596069,0.55927491188049,-1.330096244812,-0.24270141124725,-0.88336730003357,0.27666485309601,-0.16893801093102,0.94253790378571,-1.8249478340149,-0.14117479324341,1.8474055528641,0.58152115345001,2.3284859657288,-0.042071267962456,0.12927775084972,0.69553112983704,0.65384620428085,-0.072101004421711,-0.022103354334831,-1.1483881473541,1.1796458959579,1.4680640697479,-0.40751194953918,-1.3103866577148,0.74050724506378,-0.42905586957932,-0.03567935526371,1.0952277183533,-0.21565961837769,-0.77803164720535,0.82046067714691,-0.025340378284454,0.33615645766258,0.63587152957916,0.66613912582397,1.2849413156509,-0.13108956813812,-1.0613187551498,1.6311067342758,0.28497353196144,2.134206533432,0.3989422917366,0.23449359834194,-0.12684839963913,-0.047789588570595,-0.46922618150711,-2.133556842804,-0.29044580459595,-0.61994463205338,-1.1481783390045,-0.23289574682713,-0.9313725233078,0.056071698665619,0.22523310780525
-1.2988959550858,-0.46921437978745,2.3978927135468,-0.85792863368988,-2.2094533443451,-0.35822135210037,-1.7365537881851,0.85284149646759,1.711604475975,2.9549486637115,1.039962053299,0.11346562206745,0.71449840068817,0.50791996717453,-1.056412935257,-1.3182351589203,-3.0566003322601,-0.11730812489986,0.030719429254532,-1.3714482784271,2.1925950050354,-2.8824498653412,-2.5502185821533,0.97962242364883,0.60968607664108,0.23441849648952,1.3182471990585,0.19915281236172,1.1745140552521,1.0955327749252,-3.2548997402191,-1.1236697435379,0.57065987586975,1.0228066444397,-3.1253581047058,-1.4362095594406,-1.0587230920792,-1.5905256271362,0.64940071105957,-1.0844497680664,-0.55752170085907,0.6605172753334,-0.96334677934647,1.9569535255432,0.42678153514862,0.15826362371445,2.0627462863922,1.4096344709396,0.46199750900269,-1.6204847097397,1.3050453662872,3.1148338317871,1.1018387079239,-0.96721678972244,-0.88345742225647,1.1081945896149,-1.0747609138489,0.041220970451832,2.078017950058,-1.411043047905,2.4464666843414,0.63614159822464,1.1872807741165,1.5133849382401,-2.5832395553589,0.87598639726639,-1.3265035152435,0.43218719959259,-0.13671445846558,-1.375150680542,0.27804544568062,1.2979142665863,0.33566671609879,3.4009163379669,-0.46235755085945,0.2369464635849,-2.4414002895355,0.37296521663666,-0.73134803771973,0.52613538503647,0.21420480310917,1.0359684228897,-2.8655848503113,0.16596320271492,1.0421992540359,0.31750100851059,2.120121717453,-0.17040853202343,0.95155584812164,1.4595983028412,2.3063926696777,1.9598625898361,0.96449452638626,-1.1600888967514,0.94351720809937,2.8069944381714,1.7262098789215,-2.2474720478058,1.0187757015228,-0.94730138778687,1.2585488557816,2.169912815094,-1.235020160675,-0.071830913424492,-0.042051710188389,-0.97030174732208,0.037057340145111,-0.22272010147572,0.70518815517426,1.42902135849e-05,-0.46053424477577,-1.0469704866409,0.13884471356869,-1.3789020776749,0.86626434326172,0.69770336151123,-1.0797389745712,-0.54064500331879,-2.858894109726,-0.49625146389008,-2.928236246109,-0.80368024110794,-0.90125960111618,-1.8399615287781,-0.60876363515854,0.24830859899521,-0.96916508674622,0.34397760033607
-0.97452044487,1.3431129455566,1.3758991956711,0.10697820782661,-1.6433281898499,1.6823369264603,-0.20073807239532,1.8697645664215,1.677365064621,-0.19468426704407,-1.5857833623886,-1.2683272361755,0.39903637766838,-1.0324033498764,0.28705501556396,0.39162293076515,1.5320293903351,0.4173920750618,-0.68263959884644,0.14966456592083,0.20308350026608,-2.228933095932,-0.11833567917347,-0.25447368621826,0.87595218420029,-0.076074689626694,-0.97835868597031,-0.2341645359993,-0.81466495990753,0.72663915157318,0.75881707668304,0.58486849069595,0.87087380886078,-0.29540210962296,-0.88543409109116,-0.93062579631805,-1.0535598993301,-0.6702116727829,-0.44364756345749,-0.95331019163132,0.39178305864334,-0.19364742934704,1.2378342151642,0.61424970626831,0.9255478978157,-0.1281561255455,-0.055355980992317,0.42244184017181,0.83701556921005,-0.58583128452301,0.96421855688095,1.2175494432449,-1.4407241344452,-1.9105632305145,1.1693580150604,0.49536827206612,1.3886877298355,0.12994790077209,1.8112006187439,-0.13839565217495,1.3395020961761,0.61371207237244,1.6515386104584,0.24321295320988,-0.37614032626152,0.32774749398232,0.28794944286346,1.013131737709,-0.23822264373302,0.091586381196976,-2.5018565654755,0.5472646355629,0.14476108551025,0.60336929559708,0.32627135515213,0.7347384095192,0.29036229848862,0.44317907094955,-2.2613618373871,-1.2109320163727,2.761314868927,0.20089855790138,-0.84139281511307,-0.54707098007202,-0.34721320867538,-0.59745651483536,2.8412034511566,1.170016169548,-1.289843082428,1.6249098777771,-1.0083700418472,-0.30969953536987,-0.46289801597595,0.060019556432962,1.8075677156448,2.484491109848,0.99919062852859,-0.76290792226791,-1.174827337265,-0.87564218044281,-0.55718809366226,-0.17611038684845,0.51420873403549,-0.26095569133759,1.2048616409302,3.3259043693542,-0.95902490615845,-0.84368830919266,-0.23216006159782,-0.80770200490952,0.11122685670853,0.30538237094879,0.5336799621582,0.29493764042854,1.0049800872803,0.68331891298294,-1.871454000473,0.33654257655144,0.92619740962982,-1.7793850898743,-0.1766402721405,0.98051804304123,0.95171159505844,-1.968740940094,2.4839704036713,1.0820144414902,0.97809141874313,-0.043772425502539
-1.2576214075089,-0.14541772007942,3.3925492763519,-1.5863976478577,-0.91601639986038,-0.31213366985321,-2.530590057373,-0.64349365234375,-0.16758044064045,-1.9161831140518,2.326735496521,0.27443352341652,-0.41468846797943,0.96054440736771,-1.4688602685928,-1.1828672885895,-1.4079879522324,0.74516439437866,-0.048047073185444,-1.6975091695786,1.3435029983521,-0.83520269393921,-2.1748402118683,0.31094941496849,-0.27354383468628,-0.93511945009232,2.2745504379272,-1.6067245006561,1.9121116399765,-0.8823823928833,-1.6920713186264,-0.93050789833069,-0.73352938890457,2.2990095615387,-2.436402797699,0.59050357341766,-1.3927099704742,-0.30755770206451,-0.060881488025188,2.4355716705322,0.44181126356125,-0.087031595408916,1.9936220645905,1.0214016437531,-0.30797809362411,1.0658268928528,0.52024394273758,0.1014751046896,1.7710320949554,-0.72961550951004,1.3550159931183,1.8096141815186,1.2068426609039,0.39151328802109,-1.2246277332306,2.3830535411835,-1.0894051790237,2.3203794956207,0.39158111810684,0.40154993534088,1.1112135648727,-0.13680051267147,-0.28353464603424,1.7302849292755,-1.2565425634384,0.28358459472656,-0.083063408732414,-0.90865594148636,-2.7599518299103,-0.15580169856548,0.62224757671356,0.16401381790638,-0.15286342799664,2.6515574455261,0.17795100808144,0.6302353143692,-1.099983215332,2.2402124404907,0.16995698213577,1.7312477827072,1.3932595252991,0.62825417518616,-2.4817636013031,-0.89345753192902,-1.5419107675552,1.0732791423798,1.7861671447754,-1.0078169107437,0.2541475892067,1.2095685005188,0.21338185667992,0.97520279884338,-0.7296427488327,-1.2334494590759,1.1083563566208,2.4079749584198,1.2756961584091,-0.78289580345154,0.88487869501114,0.5926718711853,0.41830080747604,1.1418936252594,-0.62490653991699,0.67073130607605,0.20340315997601,-1.3948726654053,-0.753741979599,0.31334275007248,-0.076060712337494,1.1992353200912,-0.51741755008698,0.44369298219681,0.58230531215668,1.8988354206085,-0.4651947915554,1.3314640522003,0.24344511330128,1.453565120697,-2.5227341651917,2.5496983528137,-1.2194783687592,-1.8799488544464,-0.73392164707184,-2.4808094501495,-1.2339042425156,-0.56213158369064,1.0815043449402,-1.3845734596252
-0.88736581802368,-0.1779462993145,0.0612703114748,-1.5041967630386,-1.9787364006042,-0.053128644824028,-1.702090382576,1.434814453125,1.2098262310028,1.1273047924042,-0.9630868434906,-1.808816075325,1.1462397575378,-0.5222202539444,-1.6114656925201,0.67775177955627,-1.3408689498901,0.65946310758591,-1.7324850559235,-1.1692984104156,1.2238527536392,-1.8860354423523,0.35690408945084,-0.037278663367033,0.15750831365585,1.4501661062241,-0.66148668527603,0.56134063005447,-1.0878617763519,1.4629285335541,-0.70808774232864,0.066991358995438,-0.57620429992676,1.2615617513657,-1.752724647522,0.33198076486588,-0.80458605289459,-0.32163751125336,-0.57097572088242,-1.5574598312378,0.28294548392296,0.14900584518909,0.40883705019951,0.73609256744385,2.1079530715942,0.44266644120216,0.78482699394226,0.10297019779682,-0.1443912088871,-1.3356242179871,1.025242805481,1.0750501155853,-0.41490995883942,-1.9313070774078,1.495748758316,-0.33985078334808,0.67576551437378,-1.7810660600662,0.96011006832123,-0.86811208724976,1.2056201696396,0.21460257470608,1.2263054847717,-0.52029812335968,-1.6530630588531,0.5773623585701,-0.7564669251442,0.95133954286575,-0.63676941394806,-0.52083897590637,0.3091893196106,0.67674165964127,0.73743343353271,0.27348446846008,0.99996507167816,-0.36668467521667,-0.17254742980003,1.2530450820923,-1.050933599472,-1.3864281177521,0.91786003112793,-0.01287767291069,-0.45104664564133,-0.53253889083862,1.9973440170288,0.41916999220848,1.7571711540222,1.2529783248901,-0.63377916812897,1.015513420105,0.23555713891983,1.0323995351791,0.9208624958992,-0.1321886330843,1.3908146619797,2.1061029434204,0.33853763341904,-1.040719628334,0.79709261655807,-1.0199214220047,-0.59135806560516,0.22893238067627,0.21555328369141,1.1775025129318,0.76702070236206,1.5536459684372,-0.29089695215225,-0.76671373844147,0.46018940210342,-0.32797276973724,0.55381089448929,-0.092185571789742,-0.69211792945862,0.41019135713577,0.97590327262878,-0.23569038510323,-1.1355969905853,-0.17083175480366,0.74577236175537,-1.2506269216537,-0.49214813113213,-0.37386161088943,0.2814736366272,-1.2114030122757,1.5172613859177,1.4069299697876,0.72551327943802,-0.31616619229317
-1.3133517503738,0.74216616153717,0.6717409491539,0.28341698646545,-1.7388882637024,0.1843024045229,-0.19483813643456,-0.022521376609802,1.6183677911758,-1.4034206867218,-0.091145873069763,-1.8218296766281,0.46926409006119,-0.99960154294968,-0.28242826461792,-0.094494722783566,-0.43657785654068,-0.2274866104126,-1.1830010414124,0.70460015535355,1.2127079963684,-1.6461349725723,-0.83562606573105,0.43505972623825,0.38672283291817,-0.12069918215275,-1.0795757770538,-0.12169355899096,-0.48471528291702,0.56046772003174,-0.22136908769608,0.41665881872177,-0.29192054271698,0.62457132339478,-2.1021177768707,-0.0039845705032349,-0.1491065621376,-0.90281111001968,-1.1936045885086,-0.2182522714138,-0.30302166938782,-0.75751078128815,1.6102905273438,0.54902589321136,1.3291841745377,0.14392796158791,0.47929090261459,0.63249886035919,1.2257823944092,-1.0969197750092,1.1747381687164,0.98912060260773,-0.42153149843216,-1.5112979412079,0.81409358978271,0.018262766301632,0.56537812948227,-0.43962219357491,1.0590757131577,-0.586470246315,1.4086810350418,0.79275089502335,1.1092462539673,-0.091923907399178,0.20256635546684,0.17221362888813,0.11365918815136,0.1749991029501,-0.51021361351013,-0.98783904314041,-0.73330569267273,0.081478416919708,0.3546267747879,-0.74762803316116,-0.085349887609482,-1.1205096244812,0.06071175634861,1.3807291984558,-0.092069417238235,-1.5922514200211,2.081535577774,-0.20490317046642,-1.688982129097,-0.7330310344696,-0.091781705617905,0.12865209579468,2.2477355003357,1.1279690265656,-0.79071313142776,-0.20537059009075,-0.25924628973007,0.39524042606354,-0.12277208268642,0.016219291836023,0.39861872792244,2.184154510498,1.4216804504395,-0.61254066228867,-0.045377627015114,-0.3263324201107,-0.14462362229824,-0.31336241960526,0.10406992584467,-0.096041411161423,0.7190408706665,2.3812570571899,0.70834970474243,0.17906029522419,0.1271751075983,-0.94734835624695,0.3740326166153,-0.47158634662628,-0.056517899036407,0.94361758232117,-0.016979165375233,0.55816179513931,-1.6029341220856,0.98230481147766,-0.4282438158989,-0.050715610384941,-1.0664772987366,1.2319606542587,0.60124903917313,-1.4536454677582,1.4619364738464,1.4436819553375,1.9419803619385,-0.11968705058098
-1.7267118692398,-1.1509308815002,3.0518400669098,-1.2141788005829,-1.095550775528,-2.472758769989,-1.5746858119965,-0.61771142482758,0.25450730323792,2.9952087402344,1.3818980455399,0.93893331289291,-0.010151952505112,0.566714823246,-1.129930973053,-1.7700629234314,-2.9353263378143,1.0483024120331,0.25515511631966,-2.0278835296631,2.9704029560089,-1.6936839818954,-1.2702521085739,0.35178679227829,1.3103555440903,0.39809626340866,2.0614709854126,1.0039123296738,0.2646076977253,0.20107018947601,-2.9560248851776,-2.2241976261139,0.7604101896286,1.2960135936737,-3.6063580513,0.53925406932831,-0.78582227230072,-1.6068432331085,0.77122455835342,0.57719594240189,-1.5979268550873,-0.020760465413332,-1.438428401947,2.4419894218445,-1.0264647006989,0.81787824630737,0.95017331838608,-0.27838903665543,-1.0723893642426,0.48770135641098,1.6916899681091,2.7873783111572,0.11775647103786,-0.22270555794239,-1.4271049499512,-0.66088545322418,-1.066697716713,-0.97690784931183,1.7774608135223,-1.6046838760376,2.0380311012268,1.3440672159195,0.60365676879883,1.7319313287735,-2.7011835575104,0.44753763079643,-1.3003606796265,-0.136165112257,-0.40465787053108,-0.56646704673767,1.7937670946121,1.6244175434113,0.23083716630936,2.8468968868256,-0.013200968503952,0.0035507380962372,-1.5745017528534,1.3565039634705,-0.01123792398721,0.27743631601334,-0.66485726833344,-0.93579578399658,-1.880152463913,-1.0378550291061,2.602276802063,0.59334588050842,0.42814308404922,-0.69124388694763,-0.46804463863373,2.3647363185883,1.2969336509705,0.78988236188889,1.1139643192291,-2.5041742324829,1.1212749481201,0.8799347281456,0.041197374463081,-2.0979187488556,0.17982149124146,-1.5817853212357,0.7923309803009,1.4062390327454,-0.61928176879883,-0.80325555801392,0.3803379535675,-0.14894364774227,0.47487470507622,1.0850756168365,1.6228306293488,0.52753293514252,0.15439307689667,-2.2947726249695,0.17110505700111,-0.49710476398468,-0.24289852380753,0.93664807081223,-1.4505897760391,1.4770339727402,-1.5077033042908,0.2762793302536,-3.2313153743744,-2.4883189201355,-0.43156319856644,0.80514544248581,-1.0375702381134,1.4804817438126,-1.017850279808,0.61772692203522
-0.8947719335556,-0.98979336023331,2.5077738761902,-0.058044821023941,-1.8804545402527,0.27501755952835,-0.16669768095016,0.90842914581299,1.9280858039856,1.2165007591248,1.0599219799042,-1.2826776504517,0.38027167320251,0.54607349634171,0.54721188545227,0.66773092746735,-4.0996136665344,-1.1656563282013,-0.67694818973541,-0.92190849781036,-0.042979791760445,-3.9581780433655,-2.1313743591309,-1.0986235141754,-0.84900397062302,1.5947849750519,-0.019831879064441,0.91620576381683,0.2405016720295,0.092255674302578,-3.0962665081024,-1.5898184776306,-0.43832829594612,1.5453481674194,-2.6405756473541,1.0437625646591,-0.6513603925705,-1.2634646892548,1.5204946994781,0.52763253450394,-2.0010514259338,-0.17489728331566,0.1596827507019,0.60923898220062,-1.0826375484467,-0.036169931292534,1.5287320613861,1.8640321493149,-0.73171371221542,-1.7024492025375,0.94160598516464,3.215343952179,1.3245043754578,-0.50468754768372,-2.0420203208923,1.9210243225098,-1.3899079561234,0.4532219171524,0.71042108535767,-0.58597493171692,1.0210819244385,0.44070413708687,0.48149013519287,1.6069775819778,-1.6232266426086,1.1478310823441,-0.86913245916367,0.84007066488266,0.13295435905457,-0.40415841341019,0.46257182955742,1.6631667613983,0.02143332362175,0.72585552930832,-0.3304103910923,0.6890407204628,-2.8974113464355,0.92140126228333,-0.4885385632515,1.4488112926483,0.014026433229446,0.92412459850311,-3.5166325569153,0.87834441661835,3.987322807312,1.1176489591599,2.9095914363861,0.94764190912247,1.913897395134,1.0006836652756,2.0314152240753,-0.11208944767714,0.92868626117706,-1.749401807785,2.2382950782776,2.6657838821411,1.3173098564148,-1.9212498664856,0.48921370506287,1.6029641628265,-0.099359527230263,1.745712518692,-0.27742359042168,0.2261361181736,1.1103684902191,0.37138944864273,0.43456557393074,0.67930102348328,0.57251185178757,0.38594174385071,1.0166156291962,-0.59881871938705,0.28848832845688,0.77116757631302,1.937127828598,1.5298540592194,0.43387800455093,-1.0767855644226,-0.64371585845947,0.50674211978912,-2.2573885917664,0.51636636257172,-0.68529492616653,-0.98068910837173,-1.4725741147995,-1.5485659837723,-0.033307060599327,0.57676875591278
-0.7068156003952,0.030892968177795,0.89658296108246,-0.94599187374115,-1.803498506546,1.5159803628922,0.20279696583748,1.0626819133759,1.7519110441208,-0.64281713962555,-0.74688410758972,-2.0478539466858,-0.84526878595352,-0.26954987645149,0.23851548135281,0.56895935535431,-1.0160076618195,0.032322831451893,-1.6227285861969,-0.2058731764555,1.1957457065582,-2.7027950286865,0.52326357364655,-0.15220348536968,0.71801215410233,0.79402935504913,-1.8196524381638,0.35336783528328,-1.3673964738846,1.5368839502335,0.35172858834267,-0.55428093671799,1.0615441799164,1.1873116493225,-0.60001963376999,-0.36443945765495,-1.5213823318481,-1.5312125682831,-1.0854908227921,-0.82426118850708,0.021602347493172,-0.88295924663544,1.1320462226868,0.13615570962429,0.90472364425659,0.33761519193649,0.67295330762863,0.33720886707306,0.53018200397491,-1.805276632309,1.5156853199005,1.6936337947845,-1.2271729707718,-2.0904786586761,2.1924948692322,0.87434577941895,0.41047689318657,-0.95016008615494,1.2817363739014,-0.66605323553085,1.2091298103333,0.47727829217911,1.7159125804901,-0.067206561565399,-0.72193932533264,1.0530170202255,-0.52903282642365,1.5676481723785,0.25481122732162,-0.42909890413284,-1.28790974617,0.55821990966797,0.28654611110687,-0.58819496631622,0.58033108711243,-0.24229210615158,-1.312734246254,1.1353979110718,-1.5786517858505,-2.1263217926025,2.071967124939,0.50211298465729,-1.269300699234,-1.0073838233948,2.1331481933594,0.37060618400574,2.474151134491,1.3454514741898,-0.57912135124207,0.33419328927994,0.96862411499023,0.88269197940826,1.0173803567886,0.28824031352997,1.3124340772629,2.2058575153351,0.53005290031433,-1.0957236289978,0.10557624697685,-0.50030839443207,-1.2106860876083,0.46331226825714,0.86041229963303,0.92176747322083,1.9375596046448,2.510899066925,0.11246779561043,-0.6180105805397,-0.26612249016762,-0.92235946655273,0.19210341572762,0.21241147816181,0.77420234680176,1.4085527658463,1.61556661129,0.76742047071457,-0.46432858705521,-0.19589298963547,1.012069106102,-0.87199246883392,-0.010678969323635,0.4104083776474,0.86276477575302,-1.8287922143936,2.3732833862305,0.9585936665535,0.96058005094528,-0.59543269872665
-0.77951020002365,-1.2552499771118,2.1261341571808,-2.3552865982056,-2.2687513828278,-1.3743413686752,0.78467392921448,2.219943523407,1.0798755884171,2.0265798568726,-0.11809784173965,-1.3144167661667,0.55402612686157,0.38911971449852,0.74015617370605,0.32288071513176,-4.9844765663147,-1.1546497344971,-2.1470336914062,-2.4553401470184,0.9988294839859,-2.5931146144867,0.44325619935989,-0.43823480606079,-0.68039894104004,1.1533191204071,0.082192271947861,1.8058934211731,-1.2232798337936,1.6951435804367,-3.7762587070465,-1.1611022949219,0.89220285415649,0.84635406732559,-2.1174585819244,0.010678231716156,0.36696690320969,-0.78463464975357,-0.040910057723522,-0.63188177347183,-2.1385524272919,1.3521672487259,-1.1320040225983,1.4038537740707,-0.53472554683685,0.054836928844452,1.7840473651886,-0.92400866746902,-1.8003005981445,-0.76718401908875,-0.42895111441612,2.3806109428406,1.0222104787827,-0.082566440105438,0.094202913343906,0.39467859268188,-1.4046236276627,-0.99889522790909,0.47027298808098,-1.5190811157227,1.377928853035,2.0840628147125,0.38606265187263,0.4910486638546,-1.6630990505219,1.2676491737366,-2.5232453346252,1.5961897373199,-0.39073875546455,0.14105989038944,0.85952073335648,1.8000419139862,0.73766386508942,-1.4091851711273,-0.42142489552498,-0.47933000326157,-1.675569653511,0.93530774116516,-0.039773892611265,0.52714210748672,-0.67801630496979,1.0480598211288,-2.9431569576263,-0.56494331359863,3.8376655578613,0.66142892837524,2.1412615776062,1.4886035919189,0.761254966259,-0.049461059272289,2.0319471359253,0.073326095938683,1.1711511611938,-1.6892155408859,1.3339715003967,0.25772571563721,0.55235648155212,-0.628946185112,1.4374015331268,1.4208226203918,-0.29099667072296,1.6043047904968,0.80519568920135,-0.099299885332584,1.5020945072174,0.55154228210449,1.7234712839127,1.6649888753891,0.66505873203278,0.047190397977829,-0.69124042987823,-1.7072358131409,0.26975256204605,0.23846334218979,1.9623795747757,0.29048517346382,-0.04280050098896,0.54131925106049,-0.71954548358917,-0.3581640124321,-3.2934803962708,-0.30159789323807,-2.0750734806061,0.3105406165123,-2.4824085235596,-0.25825592875481,-0.15890090167522,-0.48737421631813
-0.43740063905716,-1.4621641635895,2.5653786659241,-1.5397039651871,-2.2011117935181,0.3458765745163,0.61681348085403,0.85473144054413,2.4116308689117,0.4658394753933,1.1572299003601,-0.83891320228577,0.0646693110466,1.0368885993958,-0.30515313148499,0.98676609992981,-4.5344891548157,-1.0536967515945,-1.4074664115906,-1.5379112958908,0.79153943061829,-4.3244795799255,-1.8064119815826,-0.63479590415955,-0.4130654335022,1.5213540792465,0.20440819859505,0.50997936725616,-0.51898503303528,0.43275031447411,-2.4359245300293,-2.0031242370605,0.33174103498459,1.8153382539749,-2.0690231323242,-0.44999918341637,-1.2257274389267,-1.3808052539825,1.0175544023514,0.78617775440216,-2.3818008899689,-0.15833768248558,0.86167752742767,1.0142593383789,-2.379762172699,0.24047538638115,1.1932239532471,-0.15992254018784,-1.3216438293457,-2.7442378997803,1.2386424541473,3.9071063995361,1.2787784337997,-0.00252440944314,-1.3418953418732,1.1265120506287,-1.2209187746048,0.2686710357666,0.50962841510773,-0.71762758493423,0.6976575255394,1.2040234804153,0.080306589603424,1.9229741096497,-1.023698091507,1.6525450944901,-0.55020159482956,1.6664960384369,-0.37526276707649,-0.26053589582443,0.68987292051315,2.3074676990509,0.88377839326859,0.41818803548813,-0.1628423333168,0.16400355100632,-3.8340058326721,0.84832870960236,-0.82328069210052,1.3959035873413,-0.38773861527443,0.6517413854599,-2.7912197113037,0.08290222287178,3.644727230072,0.90486818552017,3.4916005134583,0.45033827424049,0.73887956142426,1.0596274137497,1.4679708480835,0.11061836779118,-0.095596149563789,-1.1587158441544,2.0176391601562,2.4740254878998,1.3047168254852,-1.420347571373,0.99463337659836,1.5013829469681,-1.0960469245911,2.8037993907928,0.55483984947205,-0.32349720597267,1.0346553325653,0.17825442552567,0.062806516885757,1.8441746234894,0.74958336353302,-0.19676247239113,-0.049181744456291,-1.0922943353653,1.1399050951004,1.1998234987259,2.4868457317352,1.8716068267822,0.6371351480484,-0.40453937649727,-0.22798973321915,0.73850220441818,-1.8666226863861,-0.48672634363174,-1.5831673145294,-1.0346437692642,-2.2097828388214,-2.1589469909668,-0.43536055088043,1.0080745220184
-1.2129679918289,-0.9996719956398,2.1516797542572,-2.0228893756866,-1.2002506256104,-1.4691227674484,0.58980959653854,1.1467570066452,1.137407541275,1.1539360284805,0.055855542421341,-0.94883286952972,-0.12531673908234,0.71749728918076,-0.92516368627548,-0.84067606925964,-3.8993155956268,-0.31947526335716,-0.91056531667709,-1.9552981853485,1.5527366399765,-3.3342683315277,-1.4873661994934,0.5176345705986,0.74241530895233,0.42618155479431,1.9658297300339,0.74802756309509,0.16633117198944,1.5743342638016,-3.0932922363281,-1.1662760972977,1.1738154888153,0.69149434566498,-2.2430124282837,-1.1131021976471,-0.78592765331268,-0.89861541986465,0.053213752806187,0.80560660362244,-1.6060767173767,1.6559743881226,-1.1019611358643,2.0067915916443,-1.8252671957016,0.53402817249298,1.3725099563599,-1.1243405342102,-1.5554988384247,-0.66093903779984,1.5542659759521,4.3552379608154,0.97304725646973,-0.11733038723469,-0.24665799736977,0.18627552688122,-2.244393825531,-0.2802060842514,0.37269112467766,-0.11188180744648,0.67316681146622,1.8091850280762,0.22628432512283,1.5051875114441,-0.84290730953217,0.83902215957642,-0.81967276334763,1.4943709373474,0.019498193636537,-0.28279107809067,1.1142802238464,1.0649573802948,0.82533985376358,1.3976619243622,1.3100759983063,-1.1530892848969,-2.4772281646729,-0.84042584896088,-1.0066771507263,0.72029691934586,-0.16552519798279,0.036116272211075,-1.5440773963928,-0.59915244579315,2.0172061920166,0.29872331023216,2.906485080719,-0.74403917789459,-0.031662683933973,1.2013370990753,0.52618485689163,0.68910831212997,0.63315051794052,-1.098508477211,1.2834750413895,2.1603560447693,0.2179344445467,-1.8210294246674,1.3091322183609,-0.065700866281986,-0.15263739228249,1.2079222202301,0.60185688734055,-0.70659667253494,0.68418353796005,-0.32259631156921,1.0676493644714,0.71108251810074,1.1670181751251,-0.9265164732933,-1.1673774719238,-1.7383763790131,0.81587195396423,-0.34675568342209,0.89009404182434,0.53758668899536,0.19594793021679,0.2089164853096,-1.3295991420746,0.99395000934601,-2.1629996299744,-2.3226025104523,-2.3962786197662,-1.0191501379013,-2.9029381275177,-1.1656984090805,-1.1252179145813,0.82443660497665
-1.4251793622971,-1.7715470790863,1.5090494155884,-2.7443432807922,-2.1583731174469,-0.76490920782089,0.022385828197002,0.25442799925804,1.2900847196579,1.6274449825287,-0.15653941035271,0.23618845641613,-0.62915354967117,0.58819645643234,-0.75771951675415,-0.5972974896431,-3.3054625988007,0.22963416576385,-0.88644254207611,-1.8668212890625,2.5761625766754,-1.5871204137802,-0.082881420850754,0.3337128162384,0.36491984128952,0.26898846030235,0.29423806071281,1.1568192243576,-0.09768184274435,0.94926345348358,-3.1465647220612,-1.3857252597809,1.2355151176453,1.2569252252579,-1.9433115720749,-0.24177092313766,-1.1694155931473,-0.97970324754715,-0.66622596979141,0.051692359149456,-0.96918404102325,0.61062443256378,-0.19364842772484,1.1124113798141,-0.19056701660156,1.1882736682892,0.70195269584656,-0.7195103764534,-0.19274884462357,-0.84408831596375,0.69435977935791,2.450576543808,-0.05751796066761,-0.14726112782955,0.60656869411469,0.099452994763851,-0.5018812417984,-0.64936548471451,0.41836884617805,-1.1931301355362,1.6174359321594,1.0875021219254,0.35855361819267,1.0931972265244,-2.0478382110596,0.40166196227074,-0.3949710726738,1.5688055753708,-0.80982863903046,-0.027262672781944,0.90084660053253,1.929586648941,1.5759482383728,0.71080589294434,-1.1764065027237,-0.72062468528748,-2.2754516601562,1.3045719861984,-0.56011354923248,0.26467597484589,0.19482529163361,-0.1353150755167,-2.6915111541748,-1.2685292959213,2.99183177948,0.056793004274368,1.5276573896408,0.90214312076569,-0.93276917934418,0.74508076906204,1.2913670539856,0.14389663934708,1.1828900575638,-0.52092772722244,2.0220332145691,1.0492691993713,0.63668125867844,-0.53338730335236,0.69391870498657,0.25946009159088,0.19774340093136,1.5955243110657,0.36200433969498,-0.85093796253204,0.73537087440491,0.71265661716461,0.060046672821045,1.5093128681183,1.0431197881699,0.27293631434441,-0.0081691741943359,-1.2213541269302,0.56570261716843,0.27881240844727,0.29582452774048,1.1034939289093,-0.76108998060226,0.92826271057129,-0.65909099578857,0.25628185272217,-2.0980339050293,-1.9388053417206,-0.31282013654709,0.15910650789738,-0.8705028295517,0.75961393117905,-0.61243253946304,0.30661138892174
-0.8487486243248,-0.35922056436539,1.6000607013702,-1.9238673448563,-1.7697718143463,0.35121715068817,0.091843999922276,1.0330355167389,1.9210516214371,1.3691433668137,0.87007915973663,-0.57110577821732,-0.19507017731667,0.95345592498779,-1.1432242393494,-0.99990165233612,-4.1807041168213,-0.99632728099823,-0.72833645343781,-2.0461423397064,1.789034485817,-3.7215309143066,-1.901237487793,-0.15426507592201,0.55716693401337,0.40223613381386,1.6961295604706,0.72956496477127,0.18674120306969,0.78857469558716,-2.8099510669708,-1.7123163938522,0.64857149124146,0.63935023546219,-3.1422681808472,-0.67082440853119,-0.60986363887787,-1.3485486507416,0.34419998526573,1.0386302471161,-2.0873892307281,-0.35206878185272,0.30742740631104,0.87792593240738,-1.6411354541779,0.82471394538879,1.2389862537384,0.41183751821518,-0.076790273189545,-2.1909790039062,1.3579969406128,3.8568499088287,1.4596763849258,0.29099196195602,-0.13666743040085,0.948346555233,-0.64798998832703,0.29594433307648,1.2041937112808,-1.5065636634827,0.93751186132431,0.49078685045242,1.3833689689636,1.9459145069122,-0.88458567857742,0.90878486633301,-0.03889887034893,1.8402628898621,-0.22188703715801,-0.64991742372513,1.2298593521118,1.2502286434174,0.55299383401871,1.15127825737,-0.47046229243279,-0.17297667264938,-3.118705034256,0.17669785022736,-0.42224052548409,0.63562828302383,-0.92884063720703,1.2085455656052,-2.9920020103455,-0.85839951038361,3.2232503890991,0.71251380443573,2.7632210254669,0.46322387456894,0.1177509278059,1.1710251569748,1.6601494550705,1.1128319501877,0.72505789995193,-1.2122313976288,1.1347905397415,2.9355225563049,0.82618349790573,-1.5964239835739,1.5357149839401,0.15629895031452,0.53098297119141,2.7583329677582,0.036899991333485,-1.4152147769928,-0.085523292422295,-0.0056659430265427,-0.31860062479973,1.094536781311,0.62387573719025,0.078551113605499,0.24795201420784,-0.97972232103348,0.20451581478119,0.67545145750046,1.4659130573273,0.48620092868805,-0.22390215098858,-0.58529806137085,-1.728467464447,-0.019421204924583,-3.0445001125336,-1.3603497743607,-0.66683727502823,-0.15603309869766,-2.1391572952271,-0.77817475795746,-0.50506919622421,0.67078769207001
-0.40457653999329,-2.0205869674683,1.8622521162033,-2.8697919845581,-1.5350396633148,-2.2205636501312,-0.42743095755577,0.32740437984467,0.49804133176804,1.2674970626831,1.2162666320801,-0.17100121080875,-0.11215782165527,1.9123477935791,-1.0034782886505,-0.997349858284,-5.4022960662842,-0.20996129512787,-1.1334481239319,-1.7446188926697,2.8261427879333,-2.2875335216522,-1.0668517351151,0.15491449832916,1.0594564676285,0.86783343553543,1.4308607578278,0.81142818927765,0.89955925941467,1.2372704744339,-3.2084491252899,-0.50780785083771,0.85866403579712,1.1833724975586,-2.4547221660614,-0.70550835132599,-0.30580481886864,-0.84435683488846,-0.46153229475021,0.17703615128994,-1.8036160469055,1.2790305614471,-1.7336111068726,1.193366765976,-0.78064978122711,0.2169922888279,1.8529884815216,-0.69078677892685,-1.3547043800354,-0.49849891662598,0.75152122974396,2.4773530960083,1.3991354703903,0.16253019869328,1.2182426452637,-0.23533338308334,-1.0487184524536,-0.33160597085953,0.71210265159607,-1.4223666191101,0.75796544551849,1.0122518539429,0.21264597773552,1.0529906749725,-0.77256959676743,0.59108173847198,-1.2406153678894,1.5380561351776,-0.16111986339092,-0.90613692998886,1.8540692329407,1.9123163223267,0.71737694740295,0.69419085979462,0.32376334071159,-2.2998661994934,-1.0167521238327,0.53791582584381,0.16419631242752,-0.00077660381793976,-0.93874788284302,0.12337455153465,-1.5335156917572,-0.8597868680954,2.1023468971252,0.60985571146011,1.2135885953903,-1.4625864028931,0.17567177116871,0.90015059709549,1.7945178747177,0.99237436056137,1.567333817482,-1.9869557619095,1.1372833251953,0.75333619117737,0.2447664886713,-2.0158569812775,2.8153808116913,-0.0026414543390274,0.072794124484062,1.9977270364761,1.0132417678833,-0.046041958034039,0.32935005426407,-0.80413150787354,0.95227909088135,0.54362189769745,0.23620277643204,0.17243671417236,-0.27752929925919,-1.8128427267075,0.88021945953369,0.04972704872489,-0.4272343814373,0.63190346956253,-0.45171803236008,0.75876712799072,-0.89440655708313,0.63315147161484,-1.6065165996552,-1.2313599586487,-2.0898315906525,-0.093965835869312,-3.1303658485413,-0.43583247065544,-0.94450682401657,0.39260625839233
-0.57379668951035,-0.61441814899445,1.4704126119614,-2.0975382328033,-2.0720210075378,-0.48220980167389,-0.65366184711456,0.15444739162922,0.51512712240219,0.37387403845787,0.80957329273224,-0.84260565042496,-0.64069646596909,0.82707279920578,-0.54729217290878,-1.7686401605606,-3.7066233158112,-0.74966877698898,-1.0183386802673,-1.6620908975601,2.2013046741486,-1.53728556633,-0.37049627304077,0.17267262935638,0.78947597742081,0.85291469097137,0.22025534510612,0.74203985929489,0.64982604980469,1.503799200058,-1.8950783014297,-0.66314089298248,0.95570194721222,0.69876843690872,-2.5840034484863,-0.10596933960915,-0.095345824956894,-0.87465327978134,-0.87292003631592,0.99433070421219,-0.79262483119965,0.45173862576485,-0.55996716022491,0.91773223876953,0.62636423110962,0.77290415763855,1.5781195163727,0.021223530173302,-0.072124540805817,-1.0166090726852,1.071085691452,2.7893943786621,0.86399608850479,-0.52509075403214,1.918732881546,-0.3134446144104,-0.48351642489433,-0.78622031211853,0.75074172019958,-1.3771759271622,0.67626130580902,0.062571957707405,1.6053943634033,0.39818170666695,-0.80359083414078,0.42561042308807,-1.264701962471,1.1125332117081,0.29266354441643,-0.79535192251205,0.99341183900833,1.0787301063538,0.62949138879776,0.98365139961243,-0.079979851841927,-1.4562306404114,-1.094957113266,1.1692916154861,-0.0041376994922757,-0.28230082988739,-0.24403795599937,0.354346960783,-1.7824814319611,-0.87031209468842,2.5393409729004,1.6337268352509,0.53138434886932,-0.022586353123188,-0.36435493826866,0.23722326755524,1.9383952617645,1.8456652164459,2.0284488201141,-1.763375878334,0.7362140417099,1.4051516056061,0.74590116739273,-1.36787545681,1.8083374500275,-0.62871426343918,-0.59377944469452,1.2476758956909,0.89787226915359,0.48702943325043,0.11184723675251,0.42996454238892,0.24100401997566,0.416395008564,-0.012501493096352,0.052263200283051,-0.11934824287891,-1.2593727111816,0.27946579456329,0.24680292606354,0.47591024637222,0.5218111872673,-0.23418135941029,0.57201707363129,-0.73199152946472,0.37650275230408,-1.5934826135635,-1.4917545318604,-0.65346175432205,-0.10520119965076,-1.4278439283371,-0.0044837966561317,0.59809118509293,0.10881379246712
-1.3217204809189,-1.4201967716217,2.1020367145538,-3.534539937973,-0.61973732709885,-2.5846562385559,-0.43230453133583,0.32144063711166,0.96674585342407,1.3783996105194,0.71850258111954,-0.034748435020447,0.2404460310936,1.509960770607,-1.2249057292938,-1.6706501245499,-4.369448184967,-0.21784548461437,-1.6313660144806,-1.8476535081863,2.0246725082397,-1.3175889253616,-1.1527338027954,0.95395720005035,1.3289828300476,0.74478441476822,2.3507614135742,1.1533943414688,1.0796794891357,1.3439900875092,-3.2912096977234,-1.1441378593445,1.0093386173248,0.98894536495209,-2.7930805683136,-0.36535331606865,0.28855133056641,-0.71430236101151,-0.66505539417267,0.96355205774307,-2.0841326713562,0.64606750011444,-1.5210180282593,1.1493798494339,-0.71463316679001,0.8459644317627,1.3756489753723,-1.0060528516769,-0.73503988981247,-0.022332429885864,0.68082600831985,2.8260169029236,1.0963240861893,0.54724180698395,1.0899169445038,-1.6742811203003,-1.0377594232559,-0.81817334890366,1.0221996307373,-1.1860557794571,0.5779384970665,0.65859919786453,0.2163759469986,1.0436496734619,-1.0792608261108,0.42820325493813,-0.9415220618248,1.3761683702469,0.036637999117374,-0.47866189479828,3.0024547576904,1.2067217826843,0.32360988855362,0.76702404022217,1.0279784202576,-1.8589577674866,-0.66573929786682,-0.24953842163086,-0.31553229689598,0.46164232492447,-1.3463708162308,0.13230806589127,-1.9373565912247,-1.1063836812973,2.0283608436584,0.80567520856857,1.3922762870789,-1.376637339592,-0.94705355167389,0.64295786619186,1.1736203432083,1.296865940094,1.165988445282,-1.7384892702103,0.79911559820175,0.84082758426666,0.2796219587326,-1.8733394145966,1.6676781177521,-0.67602145671844,0.46202105283737,1.8550995588303,0.86119788885117,-0.65062338113785,-0.30884888768196,-1.2408918142319,1.2121208906174,0.55171543359756,0.51103174686432,0.83187890052795,-0.50010430812836,-2.7780830860138,0.49206420779228,0.23167625069618,0.098090253770351,0.36115530133247,-1.0359709262848,1.037250995636,-0.94529283046722,0.79507303237915,-2.6298358440399,-2.3200750350952,-1.8569818735123,1.0654824972153,-3.0599975585938,0.50660872459412,-0.34713658690453,0.44142410159111
-0.039014294743538,-1.1523349285126,1.6256639957428,-1.500200510025,-2.3133251667023,0.0016264766454697,-1.2647171020508,0.33522966504097,1.0211203098297,0.33947578072548,0.98023509979248,-0.56277900934219,0.2399992197752,1.2028588056564,-0.76057112216949,0.13621357083321,-3.9807510375977,-0.059664234519005,-1.2528252601624,-1.2046725749969,1.6302335262299,-3.1344711780548,-1.6362092494965,-0.36558216810226,0.4858146905899,1.5612967014313,-0.2168285548687,0.29546642303467,0.59312438964844,0.39415204524994,-1.3109959363937,-1.249992609024,0.55487430095673,1.3678798675537,-1.9196115732193,-0.59830152988434,0.0033077597618103,-1.1364052295685,-0.0064741000533104,0.59137713909149,-1.2590075731277,-0.23590874671936,0.67140567302704,0.50077641010284,0.24014648795128,0.58616495132446,1.6834354400635,0.63978266716003,-0.34122949838638,-2.0259261131287,1.6839096546173,3.2879011631012,0.69993978738785,-1.5071152448654,0.43482220172882,0.64758539199829,-0.73087841272354,-0.31710141897202,0.031021982431412,-1.1157732009888,0.59384250640869,0.60422891378403,1.4527196884155,1.0650000572205,-1.1329156160355,0.77647477388382,-0.14820118248463,1.0797575712204,0.010804513469338,-0.73346126079559,1.742623090744,1.8141622543335,0.34234297275543,0.62565124034882,0.38565424084663,-0.87514060735703,-1.6836932897568,1.1351399421692,-0.14572948217392,-0.51782387495041,0.58932530879974,0.10234186053276,-2.1804599761963,0.035095900297165,2.5352363586426,0.49714502692223,2.0965261459351,-0.25346958637238,0.80279487371445,0.49323803186417,1.5870422124863,1.6134469509125,1.1171336174011,-0.98826920986176,1.5824974775314,2.3530259132385,0.97639393806458,-1.7726354598999,2.1734006404877,-0.026564754545689,-0.51808214187622,1.7937488555908,1.023405790329,0.64311099052429,0.31517732143402,0.29790815711021,0.07470116019249,1.3137722015381,0.029054090380669,0.10864055156708,0.23334574699402,-0.44975769519806,1.0946029424667,1.1896146535873,0.92804127931595,0.96415519714355,0.26370304822922,0.55639219284058,-0.23464766144753,0.088285103440285,-1.1405366659164,-0.012641236186028,-0.90749627351761,-1.1759332418442,-1.1340039968491,-0.68340057134628,-0.48056983947754,0.59352159500122
-0.30160301923752,-0.82358115911484,1.5115211009979,-1.468462228775,-2.0299782752991,-1.3501311540604,-0.55213761329651,0.1126813441515,0.93683308362961,0.41102603077888,0.76043301820755,-0.36904188990593,-0.21434140205383,1.1089643239975,-0.87682032585144,-1.4214676618576,-3.7567336559296,-0.44078344106674,-0.72779804468155,-1.61896443367,1.6537847518921,-1.8836268186569,-1.164453625679,-0.13186146318913,0.30824500322342,0.89087879657745,1.2579814195633,0.73455166816711,0.7594102025032,1.2106631994247,-2.1520354747772,-1.0911351442337,0.78518146276474,0.89226943254471,-2.143034696579,-0.033764868974686,-0.44091793894768,-0.50977379083633,-0.8748345375061,0.73631578683853,-1.0509794950485,0.3133347928524,-0.48552638292313,0.87426656484604,0.012965466827154,0.70034408569336,1.5360774993896,-0.69780069589615,-0.33203056454659,-0.54779082536697,0.93015688657761,2.1604089736938,1.3505871295929,-0.1365327835083,1.0511274337769,-0.55562001466751,-0.68715131282806,-0.53481394052505,0.61036348342896,-0.99963301420212,0.42826157808304,1.0741143226624,0.72820001840591,1.1315125226974,-0.59787797927856,0.23659014701843,-0.91253691911697,1.1942908763885,-0.081825591623783,-0.069996282458305,1.3799711465836,1.3391871452332,0.54145008325577,1.1354261636734,0.79564189910889,-1.6799538135529,-0.95682895183563,0.7005563378334,0.68508124351501,-0.23418474197388,-0.28460416197777,0.033432096242905,-1.7545387744904,-0.54477739334106,2.0671217441559,0.89703249931335,1.1924343109131,-0.67494755983353,-0.30300375819206,0.54338896274567,1.3839974403381,1.1884926557541,1.3480581045151,-1.2463083267212,0.46978226304054,1.4038211107254,0.69901674985886,-1.2549126148224,2.0256712436676,-0.54990094900131,0.106051877141,1.4943771362305,1.2552365064621,-0.052468061447144,0.0065905600786209,-0.14818941056728,0.86009240150452,1.0264421701431,0.0007682740688324,0.024599343538284,-0.029663741588593,-1.3969969749451,1.0105645656586,1.0260640382767,0.066053830087185,0.41466990113258,-0.32810723781586,0.032881502062082,-0.17890064418316,0.63912808895111,-2.1764957904816,-1.3952723741531,-1.0051112174988,-0.13120187819004,-1.6882693767548,0.43890941143036,-0.16724775731564,0.78811764717102
-0.75144511461258,-1.3357214927673,2.6562564373016,-0.97034323215485,-2.4195804595947,0.8199400305748,0.30587092041969,0.003652960062027,1.7993248701096,0.46356663107872,1.473995923996,-1.3125374317169,-0.13022613525391,0.57636797428131,-0.22625027596951,0.51683139801025,-3.7980861663818,-1.2057268619537,-0.61569094657898,-1.0660125017166,1.7929441928864,-4.1519799232483,-1.6303359270096,-0.87630754709244,-0.14177212119102,0.96015375852585,-0.29184344410896,0.63033384084702,0.10158810764551,0.21406596899033,-2.7105104923248,-1.0387912988663,0.63992100954056,1.8081613779068,-2.3448121547699,0.4545875787735,-1.4205549955368,-1.8138270378113,0.87271064519882,0.90400701761246,-1.757803440094,-0.38055425882339,0.38844534754753,0.34071201086044,-1.2671035528183,0.77115547657013,1.2454540729523,0.92671632766724,-0.26630789041519,-2.1938562393188,1.1104907989502,3.9478583335876,0.95246112346649,-0.58446079492569,-0.95637583732605,1.4883842468262,-0.65932023525238,1.0359282493591,0.47261199355125,-1.2173719406128,0.80936616659164,0.86766374111176,0.74954092502594,2.4131801128387,-1.2755546569824,1.1731425523758,-1.2228955030441,1.6487542390823,-0.46287643909454,-0.67755144834518,0.52296787500381,2.4467751979828,0.26991522312164,0.80495274066925,-0.55523777008057,0.2880591750145,-3.4904000759125,1.6329873800278,-0.71832269430161,0.61695075035095,0.035735860466957,0.91701507568359,-2.475800037384,0.46381434798241,4.0745902061462,0.54353839159012,2.8210716247559,0.13830319046974,0.83474099636078,1.0654501914978,1.7147362232208,0.32190629839897,1.1107705831528,-1.061949133873,2.1145594120026,3.0852937698364,1.2328270673752,-1.8052275180817,1.0313636064529,1.6223462820053,-0.49369782209396,2.1069874763489,0.4250351190567,-0.080804526805878,1.0768210887909,0.78679835796356,-0.15570463240147,1.2417241334915,0.4250260591507,-0.39660972356796,0.60838949680328,-0.3130601644516,0.69486916065216,1.4188761711121,1.5404568910599,1.5865498781204,0.49351423978806,-0.55809104442596,-0.94164538383484,0.93251764774323,-1.8178678750992,-0.4987850189209,-0.45806831121445,-1.4210820198059,-0.99979680776596,-1.7832279205322,-0.028908051550388,0.82345902919769
-0.69869941473007,-1.3032715320587,3.201159954071,-2.5604102611542,-2.4312670230865,-0.73284804821014,0.070614822208881,1.0809463262558,1.630997300148,3.6055862903595,1.3313477039337,-0.81526982784271,-0.38738244771957,0.96786224842072,0.51145172119141,-1.1307598352432,-4.8920221328735,-2.3475866317749,-1.5113668441772,-1.7629109621048,2.0536830425262,-3.1490182876587,-1.4517230987549,1.0516036748886,-0.085158012807369,0.63760668039322,0.56397420167923,0.84872829914093,0.67643493413925,1.960545539856,-4.2311973571777,-1.0091577768326,0.44152361154556,1.1823419332504,-3.0629210472107,-0.32756379246712,-0.29103466868401,-1.8140659332275,-0.067277647554874,0.039485551416874,-2.645161151886,1.4259575605392,-0.88484877347946,2.6445128917694,-1.2725163698196,0.24156603217125,2.4770615100861,0.65266418457031,-1.0605249404907,-1.8926602602005,0.79967701435089,4.1269135475159,1.0138256549835,0.8990198969841,-0.038451783359051,-0.51220643520355,-1.1788877248764,-1.2047066688538,0.80635058879852,-1.3388539552689,1.2966573238373,1.1095954179764,1.2951444387436,0.117396697402,-2.0440626144409,1.467705488205,-2.1309740543365,1.0194760560989,-0.46512886881828,-1.5210177898407,1.0067613124847,2.2613255977631,0.73604851961136,1.1040329933167,-1.466544508934,-0.95200341939926,-2.897212266922,1.2097580432892,0.20405992865562,1.894743680954,-1.0288161039352,0.96237027645111,-3.0611546039581,-0.65169525146484,4.2493743896484,1.5429663658142,1.8281916379929,0.62726837396622,0.91141337156296,1.2246127128601,2.9195890426636,-0.036973215639591,1.0155090093613,-2.1055240631104,1.6706416606903,1.4018566608429,1.4154953956604,-2.0539698600769,2.0457627773285,1.1556830406189,-0.6494078040123,2.8738341331482,0.21947038173676,-0.089764222502708,0.47653901576996,-0.81221485137939,0.85529410839081,2.1898052692413,1.3628919124603,-0.052546113729477,-0.26262786984444,-1.1025120019913,0.61024916172028,-1.0719263553619,1.645144701004,0.93769556283951,-1.1569473743439,-0.64474308490753,-1.5140725374222,0.69197940826416,-4.1892189979553,-0.34816020727158,-2.3425176143646,-0.32196390628815,-3.243367433548,-0.98684006929398,0.17749118804932,0.48049619793892
-2.1705648899078,-0.9138131737709,2.8192405700684,-2.1210227012634,-0.79229682683945,-1.1729203462601,0.42954981327057,0.77984380722046,0.32757300138474,2.2423157691956,1.0294553041458,-0.61697226762772,-0.41030341386795,1.3207828998566,-0.34169214963913,-1.5676559209824,-3.7728826999664,-1.2838041782379,-1.2396509647369,-1.2704247236252,1.6787374019623,-2.340856552124,-0.84043896198273,0.58586037158966,0.60553693771362,0.0010206513106823,0.15059024095535,0.77254772186279,-0.47668087482452,1.361163020134,-3.4402809143066,-0.49957492947578,1.5656214952469,1.1393638849258,-3.0869064331055,-0.18310377001762,0.45483675599098,-1.8192410469055,0.13912764191628,1.1559219360352,-1.8784960508347,-0.068698734045029,-1.7763609886169,1.6166520118713,-0.35571298003197,-0.093355670571327,0.57380241155624,0.060618743300438,-1.0450437068939,-1.0165079832077,1.5497667789459,2.3158700466156,1.1754213571548,0.75030046701431,0.28010022640228,-0.1282095760107,-1.6005527973175,-0.91331940889359,1.1991658210754,-0.92064225673676,0.19624827802181,1.0518058538437,1.1656367778778,0.25915271043777,-1.3826594352722,0.9600715637207,-1.568143248558,0.8975470662117,-0.19544246792793,-0.93822824954987,0.86611109972,1.8803949356079,0.59961313009262,0.82611608505249,-0.82099831104279,-0.6470103263855,-2.4530024528503,1.7250710725784,1.0088381767273,0.45324510335922,-0.86690247058868,0.86635172367096,-2.1212513446808,-1.1384311914444,2.7280440330505,1.3299241065979,1.4983289241791,0.94249683618546,1.866259098053,0.58547383546829,1.0270738601685,0.25009781122208,-0.15692354738712,-2.1672246456146,1.0855304002762,0.81372404098511,1.2130833864212,-1.5962677001953,1.7147405147552,0.0003572553396225,-1.5464700460434,2.3581886291504,1.2550963163376,-0.019876137375832,-0.51038181781769,-0.86602282524109,0.17773509025574,1.3464208841324,0.43415397405624,0.30177116394043,-0.87129002809525,-1.3820623159409,0.55541288852692,-0.34254670143127,1.4100452661514,0.34022411704063,-0.88869398832321,1.271018743515,-0.48212447762489,0.14209033548832,-2.6442527770996,0.30835002660751,-1.6184511184692,0.53285926580429,-2.8312835693359,-1.4521785974503,0.51540410518646,0.39490953087807
