-2.131285906,-1.966392279,2.113311768,-2.632240057,-1.02946353,-3.664147377,-1.022631764,-0.051236808,1.488010287,0.950731754,0.996079206,0.368391722,-0.118703574,2.15469265,-1.419685006,-1.73044467,-4.238832951,0.186736345,-1.082695842,-2.118829012,2.188831329,-1.619994283,-2.454542875,1.563741565,0.352152288,0.414602339,2.640301943,1.714950323,1.885800004,0.610934973,-4.600320816,-2.237826586,0.602771282,1.621842623,-2.583408117,-0.737803221,0.166535795,-1.100367308,-0.159253955,-0.10357178,-2.114640713,1.973020554,-1.31705761,1.474177837,-2.034252882,0.208059758,1.20121932,-1.906484127,-1.975743294,-0.049014732,-0.199067846,1.732327342,2.044038534,1.879228115,-0.26738748,-0.740321994,-1.053682685,0.267987341,0.108199254,0.269927859,-0.212414488,2.106467247,-1.301277041,1.914833188,0.033280931,0.797097445,-1.379778266,0.989259183,-1.329637051,-0.626654804,1.879500031,2.02467227,0.915662467,1.410362959,0.225185618,-0.437107593,-1.965144157,0.982635975,0.530577958,0.850230634,-1.304227352,-0.250165045,-1.855146408,-0.108228564,2.368887901,-0.361786723,1.758038402,-2.451239347,-0.6327039,0.836381972,0.559991121,0.684992969,0.930436671,-1.47515142,1.627801776,-0.649650931,0.224060506,-1.462201834,2.222609997,0.375615239,0.011118948,0.789870262,1.241748452,-1.15128994,0.607020319,-1.927440763,0.316678613,1.699536324,1.383473516,0.844612241,-0.924519837,-2.965706825,-0.259937406,-0.856573462,-0.773093104,0.710904956,-1.641425133,0.601741433,-0.688928127,2.118849277,-2.586001396,-1.460624695,-2.574141979,0.081804767,-2.828131199,-0.328115851,-0.73256135,1.34255147
-0.298766494,0.242239565,1.321372509,-1.832520723,-1.447930813,-1.367032528,-1.092805982,0.486774921,0.386090457,1.352898479,0.892055988,-0.611882925,0.180245668,1.985605359,-1.875369549,-0.322037965,-3.925465584,0.421701968,-1.271929502,-1.592075467,1.718675137,-1.319357634,-0.776647329,-0.359070748,0.301070869,1.41426146,0.428204209,0.370821089,0.130073279,0.887207389,-1.22650528,-1.529882312,0.57328105,2.341412783,-1.468286276,0.605510354,-0.73597753,-1.261566639,-0.167222172,0.109672688,-1.452873111,-0.482647002,-0.114662424,0.097858071,0.259522378,-0.363973796,1.108156919,-0.036636516,-0.424429119,-0.851425409,0.976259649,1.491719007,0.063484877,0.10189192,0.592825115,0.103102483,-1.306536436,-0.792121053,-0.226146758,0.238674939,0.460035264,-0.123710677,0.577185452,-0.087820023,-0.51460427,0.083846897,-1.048074722,2.115972519,-1.118502021,0.137030914,1.702185631,0.953670919,0.209728152,0.666946054,1.300332069,-1.416984558,-0.403133392,1.090767384,0.703382075,-0.739562333,0.236987129,0.102011591,-1.283428431,-0.72424531,1.638152957,2.121581316,1.057479262,-0.318237722,-0.572518468,1.022571802,1.336362481,1.308555484,1.449350715,-0.276375294,0.417373925,0.958771586,-0.17918694,-1.318478465,1.815066457,-0.506906867,-1.555167675,1.275840878,0.140708148,1.084303975,-0.130079567,-0.333573401,1.005363822,0.917000413,0.828022182,1.154766321,-0.014090642,-0.654977739,-0.485999852,1.196316838,-0.262840092,-0.187708095,-0.29055357,0.191640601,-0.188255921,1.496531487,-0.905369461,-1.23222661,0.284548938,-0.113708988,-1.547184944,0.887625992,-0.422766387,0.199175149
-0.061834276,-0.705889702,0.415403783,-1.439451098,-0.720702291,-1.613272548,-0.268658787,-0.468043059,-0.124625847,-0.802653074,1.632247329,-0.145670071,-0.428619266,0.920817673,-1.095571876,-1.504099965,-2.795669556,-0.184557766,-0.224854648,-0.823044598,2.01388526,0.291643083,-0.477950931,0.010700379,0.660422325,1.128585935,2.125382423,0.305246204,1.547754645,-0.634569287,-1.587611198,0.336115032,-0.444737464,0.442513525,-1.184357405,0.30501461,-1.006322145,0.611103892,-0.303555608,0.849078417,-0.299914211,1.169669271,-0.02878432,0.14026922,-1.133324265,0.89860034,0.831172287,-0.787576795,0.093359172,-0.164990246,0.507143974,2.137702942,1.314523816,0.98919481,-0.14150247,-1.004394531,-0.476454824,1.362545609,-1.338890553,-0.501129627,-0.405087829,1.602862358,0.030599155,1.374861121,-0.001559429,0.585474014,-0.473685026,0.406302989,-0.233258829,0.286551237,1.18955338,1.340763807,0.808929443,0.773803711,0.329686642,-2.439066172,0.038859561,0.678842306,-0.37983495,0.799736679,0.200824052,-0.24650915,-1.381458521,-0.449665219,1.951912284,0.77440834,1.249143839,-1.721756101,-1.496786475,0.043700468,-0.372039437,-0.147206068,0.795934439,-1.44762218,0.972235322,-0.170743138,0.205291793,-0.929466128,1.796119213,0.969997525,-0.570559025,-0.14356482,-0.127150714,-0.024528265,0.388186693,-0.12984924,-0.165829509,0.69245863,1.034624219,0.425946832,-0.787812471,-0.873618424,0.212716818,0.500509322,-0.262990803,0.955868959,0.073725358,1.471113682,-0.085726686,2.632815599,-1.215052843,-1.614516854,-1.50853467,-0.130096525,-1.452061415,0.057152741,0.850608468,1.038766623
-1.571910262,0.641226172,-0.453744859,-3.496123552,-0.030374721,-2.211341619,-1.238298655,-0.044842213,-0.023763254,0.475448519,0.840039492,0.517269313,-1.64978528,2.521240234,-1.87272346,-4.000411034,-3.586180687,1.100559235,-0.240897477,-2.475875139,2.775302649,-0.63896513,-1.506058335,0.676731527,1.619236708,0.617417872,2.853561163,0.367088318,1.682073832,0.761694789,-1.920560956,-3.452661753,0.989814878,2.20595479,-1.635211468,-0.592373013,0.017670795,-1.37599802,-0.737830579,0.11144083,-0.960448623,-0.84862411,-0.321738213,1.666229248,-2.390665293,0.240424871,0.306935787,-2.960680246,-0.79826647,-1.647650123,0.703095257,1.988279223,0.094839364,-0.032228205,1.13935411,-0.438821435,-2.005311012,-2.273699522,0.694108248,-0.827638805,-0.681886911,0.07156904,-0.145996511,-0.123620346,0.744823456,0.807478786,-0.853271663,0.116513208,0.809131086,-0.407401621,3.343914986,-0.02433911,-0.382295817,1.987074852,2.416829586,-1.564707994,-1.389295101,0.908917606,1.19429493,-0.515766025,-1.108926892,-0.52837199,-0.78175956,-1.595368266,1.052760482,1.816433191,-0.567394137,-1.274882197,-1.388546944,0.289873153,2.097739935,2.736856937,1.487571955,-2.186295986,-0.933990598,-0.665201068,-0.43731302,-2.67579627,1.606614947,-3.034994125,-0.503241777,0.379624844,-0.845407426,0.14924407,0.026783958,-1.86324203,0.247649521,0.069556847,0.178342998,0.878235817,-0.517100453,-4.311229706,-0.529759884,0.476975024,-0.311450362,1.266402602,-0.531476617,1.07844615,-2.773714304,1.147756934,-1.564657211,-1.731134772,-1.585977912,1.573223233,-2.600681305,-0.425182223,-0.890119076,0.813489556
-0.504917145,-1.648015738,1.909854293,-3.267683983,-1.332286596,-1.794650197,-0.063819885,1.395075202,2.046268702,1.692055464,1.856515765,-0.061373174,-0.111302257,2.520831108,-0.785038054,-0.833851576,-5.430708408,-2.114015818,-0.963953197,-2.051977634,1.048094153,-3.288544655,-1.986225843,0.590782106,0.801699281,0.134750217,2.598954439,0.312330812,1.202553153,1.508914232,-4.264451504,-1.770317554,-0.402761847,0.907769382,-2.472308159,-1.693473935,-0.480178505,-0.248442471,0.015400641,0.052824028,-2.674383879,0.79975605,-0.33095485,1.461352468,-2.951452971,-0.766048908,2.110339403,-0.456148446,-0.913732469,-2.232242107,0.83535701,3.584724903,3.349219561,1.001430988,-0.1250166,-0.355778575,-1.270514131,0.235350102,1.2814008,-1.269105196,0.091783091,0.911672533,0.338798434,1.900086045,-0.771092951,1.498447895,-1.402616024,1.524247646,-1.276943684,-0.495081007,1.988096952,2.258011103,0.504954755,1.176582456,-0.033484489,-1.297536612,-2.373166561,-0.788246334,0.45586887,2.804312229,-2.331687212,1.346001029,-2.931332111,0.19871527,3.356809139,0.758394301,2.871159554,-2.068901539,0.187706515,-0.095222995,2.185176373,0.930495858,0.674475133,-1.342182755,0.860888243,1.142356157,0.155960247,-2.169122934,3.141290665,0.882693887,-0.162351355,2.855480433,0.177467346,-1.502909899,-0.295328081,-3.279834747,1.596178055,1.681900859,1.222455621,1.297951818,-1.333453417,-2.438288927,1.43146944,-0.981528342,1.455834627,0.440627038,-0.561922073,-0.634374201,-1.699044943,1.133556247,-4.062123775,-0.411915004,-2.838266373,-0.335133791,-4.011350155,-1.623448491,-0.683377743,0.849072218
-1.024947762,-0.878298819,1.009029031,-2.822090626,0.248551935,-1.785415769,-1.193073392,-0.041011602,-0.36411804,0.539295673,1.928124189,-0.092401519,-0.989731371,2.514285564,-1.053074598,-2.291203976,-3.356343031,-0.06650576,-1.537484646,-1.636968255,1.61364162,-1.155864954,-1.087658882,0.457265854,1.217826962,0.223089665,2.956415653,0.32244432,0.751161098,1.58427763,-1.836602569,-2.542572021,0.30992794,0.392111123,-2.643304586,-1.145509601,-0.095500767,-0.339493692,0.108805962,0.527570188,-1.116946936,0.732384443,-1.037252903,0.945025027,-2.180419922,-0.552111983,2.025525093,-1.39890492,-1.73041153,-0.471158087,0.014377952,2.501623631,0.954126358,0.9444502,2.032964945,-0.359507322,-1.235644341,-1.511791587,1.14560318,-0.493273735,-0.777420223,0.88925904,0.823480189,-0.44266054,0.098877467,0.869590938,-0.324662209,0.855022013,0.01799635,-0.261530012,2.585756063,-0.490504563,-0.077763647,0.226717263,0.588328779,-1.781827211,-0.611929953,-1.042384624,0.806861401,-0.462735355,-1.807525635,0.967960596,-1.694565892,-0.88391459,2.729554653,0.669301271,1.168618321,-2.384226561,-1.427881122,0.390747935,1.580961108,1.309268117,1.965662956,-1.813688993,-0.46432963,-1.704467177,0.069217056,-2.839632511,2.296723127,-1.403428912,-0.565814018,1.25433135,0.370533168,-1.236063957,0.779911757,-2.026377201,2.443801165,-0.384561688,0.649689734,1.752134323,-0.297924042,-2.953471899,-0.546437263,-0.303496748,-0.915232539,0.06214238,-0.178062603,-0.896418452,-1.89312923,0.765393257,-3.106494188,-1.611766338,-2.785683393,0.605454504,-1.816245556,0.207264155,-0.193484679,-0.039803665
-1.147670627,-1.580471039,1.436466217,-3.084004164,-0.325888813,-2.10353756,-0.714240849,1.056150079,1.364052415,1.628396869,1.878036141,-0.398402333,-0.203858107,2.455933571,-1.383048773,-1.485384583,-4.479491711,-1.03020072,-0.820663631,-2.2616992,1.357809424,-2.92983675,-1.328776121,0.870020926,1.173037052,-0.092235565,3.113995075,0.667576194,0.727380633,1.021083474,-3.998518705,-2.397838831,0.208258092,1.169722319,-2.894361734,-1.808255792,-0.518368483,-0.506763399,0.043002374,-0.107471399,-2.517692566,0.485996127,-0.562363327,1.384976983,-2.722253323,-0.702987194,1.798996449,-0.989177346,-0.895539582,-1.531492114,0.289413869,3.404892445,2.014047146,0.997067988,0.525955498,-0.427198827,-1.557901382,-0.309251726,0.951763988,-0.348294258,0.097961143,1.117989898,0.046264686,1.504011631,-0.308475137,1.310957193,-0.570955098,1.396356702,-0.895475626,-0.556108057,1.917223215,2.083501339,0.637373269,0.858996868,0.470200509,-1.084431887,-2.402406931,-1.160165668,0.824892044,2.328050613,-1.762161732,0.820544124,-2.523290634,-0.603205323,3.535529137,0.49363336,3.043588877,-2.128738642,0.016800333,0.423611671,1.581540108,0.892800629,0.75828898,-1.302604795,0.273341209,0.751627326,-0.527069867,-1.762257338,2.502896786,0.447485566,0.17923592,2.281492472,0.024676912,-1.455455422,-0.090671152,-2.820157528,1.761367202,0.719565213,1.846615672,1.365304828,-1.794758439,-2.513917208,1.557066083,-0.32534194,1.043253064,0.136026978,-0.720477343,-0.471782595,-1.494686127,1.511099339,-3.719327927,-1.10119462,-3.1080966,-0.344367087,-2.860505342,-1.025957823,-0.802328646,0.82109648
-1.24282217,-1.911513805,1.600364923,-3.967646122,-0.492650628,-2.545729637,-0.281928122,0.512918353,1.510058999,1.511137128,1.477779627,-0.205178499,0.03773278,2.91955924,-1.446867943,-1.116128683,-5.345777035,-1.284855843,-1.686658859,-2.792008638,1.500527859,-2.689209223,-1.469109893,0.756745577,0.677642286,0.314065337,2.747184515,0.436952651,0.899649978,1.611338019,-4.618132114,-1.979808331,0.198847979,1.281124473,-3.07034111,-1.187747836,-0.241122663,-0.54716593,-0.116134845,0.173404664,-2.596960306,0.995847702,-0.83558917,1.216385365,-1.961612821,-0.587232232,2.626368999,-0.737306118,-0.993352234,-2.023622513,0.498998702,3.228762865,2.46598053,0.864850521,1.310125828,-0.446208656,-1.54762733,-0.342515707,0.571332097,-1.091845036,-0.184498295,0.451506197,-0.028463945,1.45164609,-0.414664358,1.241412759,-0.888610542,1.454647183,-1.086390376,-0.214225113,2.835679293,1.332985163,0.638096988,0.905558825,0.305237949,-1.590938568,-2.492880106,-0.315979153,0.427393109,2.127813339,-2.156945467,1.28219831,-2.627533674,-0.76911664,3.983736992,0.735811353,2.591705084,-2.302278996,-0.231595725,0.059734222,2.219434977,1.345133543,1.637037277,-1.462936282,1.135780692,0.002690852,-0.400168836,-2.30482173,3.522019386,0.187729135,0.02323103,2.498361111,0.284140646,-0.928412676,0.119854674,-3.247644901,1.787134647,1.01113677,0.992812276,1.49191165,-1.183410406,-2.494021893,0.669454813,-0.669409692,0.989261031,0.107131593,-0.636630476,-0.611859977,-1.804433227,1.565272212,-3.656502962,-1.431563377,-3.419891834,0.003208622,-3.424867153,-1.412183881,-1.495089531,0.797466576
-0.705511212,-0.813112199,0.295625508,-1.982220411,-1.87853241,-1.310617089,-1.200228095,-0.479953498,0.615779102,0.865406156,1.09145093,-1.504990339,-0.920970738,0.843623161,-1.191409469,-1.211354375,-3.195066929,-0.761078119,-1.251147509,-1.802322984,2.250347614,-1.110548615,-1.214003325,0.310607463,0.879483581,-0.082426593,1.258466601,0.302448511,0.7288782,1.241414309,-2.474468708,-1.165082932,0.077301681,0.341820776,-3.167035103,0.536690831,-1.21939373,-0.310524762,-0.544164658,0.239188284,-0.984153867,0.045993026,0.141635343,0.818972826,-0.128765464,0.706588507,1.659937143,-0.629720867,0.328226119,-0.897161603,0.528048277,2.680182695,0.662182152,-0.106611878,2.006611347,-0.433862269,-0.248570442,-0.494487822,-0.201671034,-0.590225041,0.040319577,0.280018568,0.640928447,-0.067309812,-1.211128116,0.502999842,-0.383788049,1.067227006,-0.151144683,-0.028152183,0.929555416,2.177630901,0.705204368,0.961340189,0.185860351,-2.079282761,-1.340227723,0.903120399,0.363809079,0.369075716,-0.75876236,-0.276973486,-2.267530918,-0.987564564,3.309490204,0.911962926,1.523870349,-0.68679285,-1.025984406,-0.465019733,0.709580541,1.618686795,2.717069149,-1.889477134,1.092885971,0.614002585,0.3025949,-1.766135573,2.425443411,-0.358733475,-0.327957362,1.423606515,0.722985089,-0.280060321,0.37895,-0.255499065,0.723700643,0.736574054,1.147399902,0.097184539,-0.345031023,-1.738575578,-0.00401336,0.250704736,0.011038296,0.601902962,-0.40421313,-0.407973319,-0.58356452,0.69252789,-2.127512217,-1.724063635,-1.269591928,0.134623989,-1.444020748,0.44171226,1.089002132,0.219703704
-1.168670654,-2.251148224,1.953476787,-3.572900534,-1.550339699,-2.899612427,-0.725917578,0.811953425,1.697750092,2.272773504,0.695024431,-0.395947844,0.078664511,2.821459532,-0.850045562,-1.288318634,-5.412074566,-1.493148565,-1.535774231,-2.415654421,1.255037189,-2.695603609,-1.178358078,0.955935836,0.969064832,0.948831856,2.691035986,0.584757686,1.369712591,1.62490344,-4.68349123,-1.591682792,-0.288869619,1.644366503,-2.894277573,-1.435380101,-0.458157212,-1.019891262,-0.0110799,0.0129667,-2.60542798,1.828722954,-1.203090191,1.386614561,-2.428132772,-0.27543053,2.790867567,-0.403775632,-1.390722513,-2.057517529,0.518286943,3.29363203,2.409989119,0.856238723,1.017900825,-0.459006965,-1.62757957,-0.953975677,0.83090806,-1.272726655,0.382371724,1.519177318,-0.151830256,1.412087917,-1.245315313,1.630098104,-1.521957636,0.733558834,-0.591506958,-0.659945548,2.834252596,1.780537605,0.422697544,0.742115855,0.282780886,-1.445812941,-1.936214685,-0.370840609,0.542501688,2.176942348,-2.136829615,1.126349449,-2.785476685,-0.049700588,4.197805405,0.383496851,2.711210489,-1.832966566,-0.202708676,0.158828154,2.538481951,1.037085891,1.606726527,-1.916819215,1.25033319,0.073184669,-0.20016253,-2.445313215,2.888295174,0.990751028,-0.560300052,2.31091094,0.208981574,-0.982648134,0.416461051,-3.312148094,1.752007842,1.442335725,0.901005149,0.984001637,-0.982504487,-2.620074034,0.772509217,-1.217838049,1.146301746,0.751355052,-1.12920332,-0.337897569,-1.543985605,1.936929345,-3.837014914,-0.876817524,-3.702200413,-0.349883705,-3.006485701,-1.187722921,-0.715558112,0.74542892
0.217731938,-0.514659166,0.395187795,-2.158329248,-0.797868431,-1.450116038,-0.037101872,1.227378845,0.782060146,-0.322082192,1.353795648,-1.322492599,-0.279571831,0.519720018,-0.458700895,-0.246204972,-3.057121992,-0.895797551,-1.353614092,-0.978627384,0.523731887,-1.472861528,0.729937732,-1.092278481,-0.446474165,0.875041306,2.464899063,1.206673145,-1.063899755,0.850325346,-1.409194827,-0.864965439,-0.915197611,-0.514517605,-2.249599934,0.39189297,-0.589331508,0.240920216,-0.126685679,0.080519833,-1.114296794,0.127649754,0.087371379,1.202868581,-1.145221114,-0.4403992,1.386931181,-1.443937659,0.211103171,-0.426720083,-1.256421089,2.360541821,0.886199057,0.095843181,-0.360429525,0.443948269,-0.425398499,-0.611887634,-1.420118093,-0.438354194,-0.653506815,0.415137827,-0.162167802,0.261678785,-0.132676512,0.254335642,0.393651545,-0.590268016,-0.385539919,0.390541971,1.382553577,1.567487001,-0.558068633,-0.958660364,0.081674382,-2.2318151,0.667671144,0.693359375,0.124387242,0.848881423,0.047312379,0.187494129,-2.721868992,-0.205727607,2.830767155,0.486572325,0.571130037,-1.049579501,-0.069271326,-1.060715318,0.806005597,0.18360889,2.008641243,-1.818848133,1.114393115,-0.900307178,-1.253928065,-1.257535934,1.303809643,1.326001763,-0.220077842,-0.121975482,0.222085714,-0.538104236,1.154377699,-0.159665003,1.232559204,0.923576355,2.241512299,1.558558226,-0.679146051,-1.26969099,0.592564344,0.58714807,0.268862605,-0.268213332,0.478208244,0.596984088,0.174162418,0.222005233,-2.11342001,-0.241595432,-2.183598995,0.884753883,-1.723323703,-0.145238131,0.055315629,0.326791257
-1.235801339,-2.63828969,0.229340538,-3.308448315,-0.764651835,-4.098218918,0.02059976,-0.725358963,0.744324207,-0.192053139,0.543921947,-0.559329093,-1.50234437,2.204886913,-1.642271876,-2.48363924,-4.801326275,0.591109931,-1.611268044,-1.672083855,2.748690367,0.556952953,-0.202683002,0.430278957,0.341792107,1.144390464,2.252279758,1.929899335,2.663652182,0.120443493,-4.489066124,-1.317521453,0.45287931,2.057984114,-1.737977266,0.04686743,0.428022057,-0.04573667,-0.563771069,0.152652323,-1.509461284,1.556228638,-1.510091305,-0.481098533,-0.956335247,0.678203702,1.762371778,-3.087648392,-1.91655612,-0.069471508,-0.116041921,0.863673687,0.915155232,1.099972248,3.163915634,-1.865866423,-0.819872737,0.063671559,-1.438643456,-0.532477081,-0.463016033,1.141471028,-0.594285965,0.486758441,0.003379434,0.754412055,-1.314756513,0.974972665,0.783025146,-0.155482247,4.266980171,2.26075387,1.322845221,0.087207228,0.616455734,-2.222895145,-0.431987107,1.213962317,1.148264408,0.873749673,-1.29294467,-0.699422598,-2.262007713,-0.751638889,3.780626774,0.87420541,0.924670219,-1.765523553,-2.715868235,-0.661359012,1.10060811,0.690634727,2.121819019,-2.229263544,1.313603044,-2.479723454,-0.117253959,-1.097212434,2.328348875,0.169355854,-0.682264984,0.574896693,1.288535833,0.335146695,0.686993778,-1.044695616,1.051408648,0.607586145,0.176708758,-0.113013089,-0.246534228,-2.936255932,-0.87440598,-0.685393035,-0.954596519,1.079246283,-2.263055325,1.208226323,0.161507338,2.351431608,-2.25512743,-2.613362789,-2.460736275,1.531123877,-3.286734819,0.427061796,-0.805426478,0.753453553
-1.231133223,-0.718247771,0.821472526,-1.036090374,-1.226342201,-1.818010211,-0.565004528,0.133204192,1.147233248,0.141992539,1.624729991,-0.80334574,-0.440968931,1.264425159,-0.964292407,-1.699835062,-4.251442909,-0.317129493,-1.035003424,-1.722040653,0.727786601,-1.893313646,-0.36716795,-0.474142283,-0.304666311,0.637308657,0.955086172,0.878274143,0.558457255,-0.445543438,-3.233015537,-0.979750931,-0.123749584,0.274291486,-1.812042594,0.219387501,-0.010812238,-0.361970842,0.093529798,0.472778082,-1.485946894,0.834791303,0.310252219,1.510493279,-1.853081107,-0.645812988,0.754010379,-1.131559968,-0.477585435,-0.776156187,-0.439625919,1.976243615,1.40559566,0.709306777,0.032554131,0.837943971,-0.94153893,0.368975818,-0.945049047,-0.08951322,0.019109473,0.388400197,-1.011776447,0.737810552,-0.566761255,0.866632223,0.06554421,0.131683603,-0.915982008,-0.128337383,2.002087593,2.341932535,0.315671951,0.199865729,-0.415847152,-1.944637537,-1.092623949,1.778617263,1.389962196,1.254420996,0.218546256,0.269609064,-3.086276054,-0.345671564,3.686504364,0.890463531,2.562194347,-0.746866584,0.030013848,-0.610255718,0.8554582,1.806584954,2.058485508,-1.905238867,1.754049659,-0.480501771,-0.803635597,-1.583589315,1.678226352,1.512714744,-0.613261282,1.381436467,0.314695477,-0.231975943,0.678888619,-0.852785826,0.743950605,1.592440009,1.736737967,0.661570907,-0.533418477,-1.359320283,0.655451775,0.60426116,0.566330373,0.59679985,0.16928415,1.116373181,0.006316572,2.006241798,-2.049077749,-0.594786406,-2.008906364,0.233475491,-2.422693014,-0.552735329,0.415865958,1.661665082
-1.343807817,-1.197371721,1.28111589,-2.381866217,-1.460165501,-1.547849774,-1.100919008,-0.277003139,0.276213229,0.222692698,1.359943509,-1.717535853,-0.956223786,1.267022252,-1.220138788,-1.084536672,-3.36376214,-0.036327988,-1.169721842,-1.699656963,2.52428031,-1.004768014,-0.999659121,0.265216649,0.750919521,-0.614805102,1.543092966,1.044995308,1.258891463,0.448212624,-2.490551233,-1.127102852,0.152979374,1.64951086,-1.667713523,-0.178377211,0.198542401,-0.175626516,-0.652057171,-0.301137656,-1.255232692,1.062150478,-0.352552235,0.789287329,-1.398580432,0.868639946,0.78390038,-1.849811196,-0.896460116,-0.765441537,0.954739153,2.624348879,0.714768708,0.264325291,0.770072401,-0.588744342,-0.499777645,0.691395402,-0.525243282,0.098393962,0.038908526,1.177337289,-0.141748816,1.068361878,-0.547407568,0.926951885,-0.789182961,0.539273679,-0.574105024,-0.126292512,1.792926311,2.087582827,1.288624525,0.665710926,0.822902203,-1.39829874,-0.842044711,1.035469294,0.487570167,0.388951123,-0.718911886,-0.817941308,-1.984142661,-0.740384459,2.644768715,1.100406408,1.661550641,-1.317218065,-1.521329999,-0.492917925,0.099956818,1.152613401,1.242055535,-0.828369975,1.38048172,0.192727298,0.202502578,-1.393904209,1.707504749,0.397321582,-0.333155394,0.427539945,0.01973518,0.184554935,1.305506587,-0.573358417,0.426318079,0.405159533,0.378436774,0.24087584,-0.915395617,-2.101145506,-0.031207547,0.034424346,0.039586894,1.32973969,-0.131024465,1.003787398,-0.520068645,1.349457741,-1.756881714,-1.35604167,-1.965620279,-0.016002923,-1.836906552,-0.644024134,0.276337445,0.779835463
-1.280830741,-1.859348774,1.84825182,-1.209901571,-1.073749304,-2.883795261,-0.864980817,0.197765142,2.037940502,0.579205036,1.490639567,0.258271366,-0.723405182,2.046647787,-1.736749172,-2.307004452,-4.15856266,-0.417836219,-0.84166491,-1.803612471,1.437017083,-1.959070921,-2.461708307,-0.017668854,0.587745845,-0.23791866,3.623990536,0.699784935,1.79487896,1.065912962,-4.502524853,-1.644471169,-0.583597064,1.293820262,-3.196462154,-0.53001678,-0.530134916,-0.472753882,-0.047735445,0.041122936,-1.940883875,1.705880761,-1.898408175,2.015352249,-2.903144836,0.334955394,1.310667276,-1.422493458,-1.849089384,-0.782714605,0.215748906,2.85164094,2.198610306,1.362259269,-0.407681793,-0.6925565,-1.084083915,0.186257541,0.741717815,-1.089994431,0.487450778,2.133071184,0.338663429,1.65048337,-0.550110221,1.437297463,-0.798864126,0.181864902,-0.342533767,-0.309662282,2.354364157,2.033760786,1.378011227,2.820143938,0.143113494,-1.100520134,-2.090624809,0.428075761,1.263789296,1.707852244,-1.258800983,-0.134427279,-2.26035285,0.228592247,2.64023304,1.077784777,1.834798455,-2.865147829,-0.941929281,1.185616493,1.200464964,0.47162506,0.73770535,-2.01483345,0.680515528,-0.270539403,1.11884141,-1.750205755,2.254270792,-0.698457062,0.259475529,2.053643227,0.331641704,-1.252567053,-0.084617488,-2.198971272,0.757321715,1.499265909,1.214692473,0.732432306,-0.771681249,-2.737125874,0.763798833,-0.803890884,-0.011242054,0.945700645,-0.967135251,-0.136090606,-1.674683094,1.282496214,-3.336713791,-2.152192831,-2.871126652,-0.150073677,-3.051076889,-0.736052394,-0.773886025,1.13508153
-1.447170615,-1.846836805,0.819661379,-3.020814419,-1.562363386,-2.808270693,-0.112909563,-0.271561354,1.748553395,-0.213697165,0.841061354,-0.133510634,-1.286974669,2.497507572,-1.363622069,-1.665181398,-3.188996077,0.385553956,-0.697496653,-2.048583984,3.552915335,-1.798146367,-1.160300374,-0.519338846,0.881713271,-0.7308833,2.516606092,1.060361385,0.416255653,0.353708804,-4.16430378,-0.446413398,0.844820142,1.399458289,-1.933171391,0.205309451,-1.389389634,-0.653889239,-0.312637508,0.351004094,-2.281138182,1.282004952,-1.255684614,1.290328741,-1.642916203,1.540729403,1.224220753,-2.598750114,-0.119714931,-1.304348707,0.109116495,3.090821028,1.285135627,0.887269497,-0.314194053,-0.767632127,-0.447876364,1.465134025,-0.893517613,-0.409110487,1.097343922,1.912679791,-1.06545496,1.953419685,-1.021227837,0.850078821,-0.84257549,1.168260574,-0.230771065,-0.72355032,1.841911674,2.806471348,1.820180893,1.213669777,0.880539179,-2.82687521,-2.221660137,1.056314707,1.24154532,1.126958966,0.119288877,-1.259742141,-1.536216259,-0.658097506,2.585002899,1.688620329,1.071516871,-2.140835524,-0.987917602,1.422386765,0.62895751,1.104993463,1.428250194,-0.925119638,1.018638372,-0.076217532,0.079688951,-1.144984007,1.896243215,-0.006409928,-0.738185406,1.137429714,-0.001984365,-0.930975676,0.338428974,-0.685548842,0.223924696,0.662420034,0.106562734,0.131348133,-0.971882343,-2.05352807,1.818040967,-0.299650848,-0.308819473,1.293436646,-0.121073499,0.99440062,-1.294193268,1.657724857,-2.081488848,-1.083116531,-2.269267559,0.555762112,-2.302632809,-1.172152519,-0.378307492,0.682098389
-0.41470927,-1.440982342,1.647803068,-3.117125273,-1.917205572,-2.142929554,-0.948055387,-0.332984835,1.173057079,0.197389543,1.246165156,0.038867712,-0.60677433,2.584933996,-1.602877617,-1.529888034,-4.785196781,-0.728921413,-0.849697113,-1.546227455,2.820900202,-2.138039351,-1.496916652,0.247106418,0.817967355,-0.382412374,1.325819373,0.829445899,1.119740844,0.197444439,-3.571167707,-1.768310547,0.572608352,1.921330452,-2.867408276,-0.4799591,-0.808861613,-1.216828823,-1.212259531,0.645690441,-1.491872549,-0.163431883,-0.478689611,1.335924864,-0.725076854,1.38291049,1.540429831,-1.220206499,-0.211590648,-2.070221424,0.377114773,3.11702776,1.344102859,0.130348906,0.820879698,-0.306125194,-0.366109401,-0.297209024,-0.07654205,-1.112740993,0.477719963,0.760273039,-0.088406667,1.575343251,-1.489378214,0.566881478,-0.543420553,0.847013533,-0.94425869,-0.503532946,2.147787571,1.68636775,1.226451635,1.517191768,0.945051312,-2.117664337,-2.052577972,1.040842295,1.257539153,0.922754467,-0.343239516,-0.258169174,-2.156345606,-0.500772357,2.172953129,0.848932445,0.866374195,-1.07844305,-0.339265585,0.583795607,1.560787439,1.479488373,1.665041924,-1.173480153,0.388885498,1.387067795,0.512850344,-1.199454904,2.886053562,-0.335695088,-0.150402188,1.28059566,0.683354855,0.198664844,-1.155018926,-1.947645307,-0.229325801,1.416041136,0.432209671,0.808652759,-0.449413329,-1.845801353,1.305928469,0.86845392,-0.054627553,0.615574777,-0.287952006,1.293873549,-1.136103153,0.784845352,-2.126150846,-1.634990096,-1.746108055,0.05358316,-2.376343966,0.070282765,-0.638937831,0.850684762
-2.042508841,-1.233052969,-0.165146559,-1.501736522,-0.048987344,-3.077251673,-0.956703722,-0.507030964,0.959163308,-0.245435596,0.07904169,-0.339660734,-1.491640568,1.357542038,-1.489073992,-2.690155506,-2.81217432,1.260779381,-0.941161871,-1.228142023,2.412093639,0.52695477,0.313337356,-0.794687867,0.951223016,0.823791862,3.045547485,2.122000217,0.174499303,1.558825254,-2.667205572,-2.295013905,0.632618546,2.055969238,-1.263581872,0.458114326,-0.552885652,-0.338998675,-0.388672799,-0.434841484,-0.849015713,1.015735388,-2.566803455,1.37328577,-1.445690155,0.419081241,0.916497886,-3.230659723,-2.177611351,0.189160287,-0.527231216,1.727178097,0.056449041,0.155983046,0.534770668,-1.368685961,-0.513311625,-1.350719094,0.670527339,-0.418887466,-0.276970088,1.278697371,-1.145945191,-0.188166112,0.223780394,1.198788404,-1.233161926,-0.31696564,1.463376164,-0.606042981,2.400913954,-0.302694261,0.826737761,0.889427185,1.927530885,-2.867971659,-1.325685382,-0.330836385,1.649464011,-0.356335282,-0.471480578,-1.206984639,-1.51365006,-0.85703361,2.552772522,1.977462769,-0.335579813,-2.575056076,-1.28456223,1.209195614,0.866236746,1.857319236,1.832955956,-1.312751532,-0.269732803,-2.861312151,-0.179038346,-0.960922003,0.985545456,-1.241456389,-0.437180758,0.005930334,0.189242005,0.423620939,0.244491622,-0.083858937,0.838363051,-1.025654674,-0.09715724,0.808148026,-0.4061279,-2.699465752,-0.435223907,-1.235749483,-1.420069337,1.159277558,-0.271809638,1.113880157,-0.900166154,0.546613753,-1.434608102,-2.63950634,-2.890295029,1.46073699,-2.444826841,0.908013344,-1.018418193,-0.149528667
-1.035439134,-0.943725526,1.254320264,-2.79772687,-1.026645899,-1.686822295,-0.602326453,0.01043421,0.344647706,1.128043294,0.655703187,-1.46094501,0.227501556,0.645262241,-0.199161008,-1.218478441,-2.674646616,0.231813312,-1.719168186,-1.850013971,2.381326437,-1.910837173,-1.346173286,0.393540531,0.60845834,1.196972251,1.133514285,1.34013176,-0.139091223,1.157669425,-2.368606806,-1.333561063,1.08694315,1.318878651,-2.207003117,-1.12289083,1.02075088,-0.049739599,-0.284572363,0.706810057,-1.00578022,0.890755355,-0.588092744,0.637878656,-0.453155577,0.745747447,0.926580012,-0.772759438,-0.704750538,-1.414517045,0.647934377,2.48134017,0.940204024,0.031335216,1.33417201,-0.618502915,-1.113941073,-0.910867631,-0.353344351,-0.909172475,0.206923977,1.233708858,1.038677216,-0.34015128,-0.33038348,0.661580324,-0.670215428,0.523406088,0.873160601,-1.274415016,1.779850245,1.523685932,0.332265735,-0.507521451,0.475089431,-0.634427667,-1.177764177,0.039582506,0.671296954,-0.436484516,-0.712393284,-0.828488231,-1.641184688,-0.87841928,2.413799286,0.994309783,1.739328742,-0.312165439,-0.408657968,0.025283443,0.674625933,0.520198762,0.7413463,-1.143575788,1.114114404,0.787915051,0.584262192,-1.73540628,1.482061982,0.467430055,-0.229752362,0.981731117,1.482878447,-0.652695179,0.573644519,0.118255347,1.024796009,0.582019687,0.351600707,-0.634512782,-0.307460904,-1.085403442,-0.197943389,0.238717824,0.526093543,0.714262009,-0.738224268,0.88281101,0.200571746,0.390033484,-2.758421659,-0.765922487,-1.54868865,0.709021628,-2.356795311,-0.023823142,0.09289667,0.776058257
-0.733792186,-1.850501299,1.45015204,-3.121634483,-1.5728302,-3.848156214,-0.226905584,1.073339343,1.875538468,1.331345081,-0.083135605,-1.043728709,-1.611757755,1.015287876,-0.601952791,-1.244050145,-5.45981884,0.31385541,-2.340367079,-2.569307327,1.994399071,-1.435696483,-0.55947566,0.269476682,0.295454443,0.944977999,2.252049208,1.680506587,0.240802139,1.800462008,-4.540050983,-1.938565135,0.394402862,1.372835994,-2.240684509,-1.159879565,-0.071431696,-1.336683512,-0.597193182,-0.099585734,-2.551991224,0.34669435,-1.340079546,1.563854456,-2.285465956,1.211887002,1.274074793,-1.787688851,-2.240207195,-1.677153587,0.262710541,2.78831768,0.768840849,-0.348957956,0.317056388,-1.370809793,-0.643288732,-1.400239229,-0.191646516,-1.144202113,1.124740839,2.161892653,0.061157301,0.930188537,-1.297563791,1.390205622,-1.818242669,1.437391162,-0.17960912,-0.571029484,3.00689888,2.334491014,1.826487303,0.188007176,0.701926112,-1.228520155,-1.723969698,0.841352642,1.807177305,1.199337721,-1.517347574,0.017389446,-2.485663176,-0.601230621,3.178340912,0.958970606,2.088973522,-0.665486693,-1.025338173,0.665000439,1.331020594,-0.134612978,0.327255011,-2.626481295,1.617921829,-0.652886331,0.351537466,-0.870723367,2.561305523,-0.203438535,-0.73049438,1.352899432,1.157588243,-1.121818662,0.400017023,-0.497530699,1.304383755,2.19829011,1.847098827,0.68031168,-1.179161787,-2.453132153,1.49437952,0.001658093,1.388649464,0.577868462,-1.80267334,1.399339676,-0.527305007,0.466272771,-3.655107975,-1.206980586,-2.506593943,0.682584286,-3.69534111,-0.576306462,-1.575211525,0.533328891
-0.275781155,-1.60733366,1.208496928,-2.55928421,-2.024736404,-4.002891541,-0.562754869,1.309337974,2.279385805,-0.295767665,-1.113158941,-1.285129189,-0.256091714,0.806991398,-0.879810631,-1.022144318,-2.222343683,0.377119124,-1.691231012,-0.893552184,2.845595121,-0.230500728,0.909833014,-0.297265202,0.569918752,0.67806232,1.55738461,2.137470722,-0.23982358,1.755704284,-2.899984837,-0.656967819,0.301648617,2.265070677,-1.248883367,-0.388933271,-0.469499499,-1.07608819,-1.523865819,-1.223199129,-0.158487499,0.506115675,-0.941930234,0.968924522,-0.052319158,1.251033187,1.232581854,-2.067550182,-1.282943487,-1.122741938,-0.288728267,1.259173036,0.179834649,-0.343153387,1.979189515,-2.280763149,0.907169938,-2.543150425,-0.43886444,-0.84165436,1.095325708,1.917991281,0.037787952,-0.487706929,-1.57970643,0.87092936,-2.636818647,1.228972554,-0.067387514,-0.346410275,3.036170483,0.624442756,1.872436762,-0.382282794,2.122674227,-1.952051878,0.764568508,1.166645646,0.778464317,-0.69367367,-0.078502148,-0.300764084,-1.516850948,-0.229049236,1.211366057,0.694960713,0.449040055,-0.14659898,-2.335512877,0.221674666,0.412519813,0.20892939,0.942954004,-0.504861116,-0.683257461,-0.832711935,0.931675434,-0.611685693,1.208348632,-0.888076901,-1.481680512,-0.031809807,0.447582722,0.384824336,0.025871709,0.04763265,0.168641031,-0.111244574,0.533082306,0.412377298,-0.957906842,-2.413070202,0.677737832,0.039201807,0.169632792,-0.423746467,-1.216337681,1.30141449,0.035609007,-0.586944342,-1.425045729,-1.156742454,-0.832799613,0.288968563,-0.35280773,1.488602996,-0.141923174,-0.631504297
-1.07938993,-1.892954588,0.889735341,-1.529276609,-0.912873447,-3.165898085,0.158507586,-0.675802708,1.557784438,2.073778868,1.975546956,0.447865814,-1.31688261,1.096543431,-1.643024802,-1.440998793,-5.807655811,-0.064739794,0.438984036,-2.097197294,2.029606104,0.049540401,-1.963635325,1.525425434,1.153602242,1.067720056,3.035872221,1.926400185,1.972810745,0.154527083,-4.565140247,-1.639709949,-1.197068572,0.774061203,-1.898448348,-0.528423309,-1.712569118,-0.410590351,0.680113673,1.289297581,-2.202818394,1.157518864,-1.18901825,2.321255922,-2.697724581,0.52844882,0.832965732,-1.340337276,-1.670958042,-1.480924726,-0.592157841,2.284270287,3.110308647,1.149681807,-1.629941821,-1.159482002,0.297702044,-0.02554092,0.97254312,-0.545211494,0.43244952,1.21648097,-2.102172852,2.210709333,-1.718564034,1.993972063,-0.839105725,0.284606457,-0.939971805,-0.149459749,3.136741877,2.495863676,1.350950718,2.331862926,-0.160917312,-2.688324928,-0.495754123,0.573777974,0.785271108,2.573644161,-2.416905165,-0.502028227,-3.212603569,-0.033485502,2.339465141,0.938542545,0.138158306,-1.200454831,-0.197398528,1.186238527,-0.243786335,0.266448289,0.75088805,-3.592376471,1.345458984,-0.052861601,1.083690882,-1.637955189,2.196866751,0.228101537,0.281370223,3.297985792,0.140858471,-0.17508322,-1.159216642,-1.148160815,-0.389679581,1.446988225,2.193994522,0.947949052,-0.624777377,-2.206446171,0.315007299,-0.69927001,-0.723459542,2.271000147,-1.041300893,1.139533758,-0.793900013,1.945451379,-1.890512586,-2.639854193,-1.939638257,0.315338671,-4.256529808,-0.066397779,-0.387373209,-0.070295051
-1.630508065,-0.395799696,0.244234413,-3.237958193,-0.438724637,-2.996743917,-0.448315591,0.073939294,1.965198159,-1.255657554,-0.343684554,-0.178297654,-1.578376532,1.585955143,-0.149491981,-2.562226295,-3.247351408,0.37304002,-1.484871864,-0.849642813,2.213038921,-0.125463232,-0.82407999,-0.033717241,0.659247458,0.461267412,2.249436378,1.211229324,0.019618787,0.3402147,-1.946337581,-2.403070927,0.999686718,1.14675498,-0.588596463,-0.960511088,0.050169244,-1.747249842,-1.034987569,-0.124533705,-0.788643599,0.021490809,-0.470302105,0.92036581,-1.823625922,0.783121228,0.265721947,-2.031692266,-0.583930731,-1.69749248,-0.933323324,1.231952071,-0.074943021,-0.366230428,-0.101850383,-0.485964715,0.408534318,-1.492685795,-0.10189113,-0.732408464,0.830486596,2.676240921,0.076775558,-0.823822677,-0.289147973,1.223026752,-0.689712703,1.330818176,1.21098125,-0.556221902,2.135499954,-0.040363222,0.5701828,-0.398774564,1.42140615,-2.379894018,-1.324413538,0.602300882,2.209557056,0.075945213,0.100610256,0.19275406,-1.834408045,-0.680981755,1.718962789,0.460196376,0.602278769,-0.03534513,-1.07149601,0.500304163,1.123988986,1.735882998,-0.155029848,-2.926154852,-0.77974844,-0.450869679,0.517438293,-1.696977258,1.713714004,-1.49481082,-1.236232042,0.363302946,-0.150282055,-0.422833622,0.043920964,0.231536135,0.946252227,0.737885714,1.143045545,-0.359279484,-0.638171911,-3.446549892,0.7575984,1.266537428,0.452331126,0.777518153,0.213728502,0.924337447,-1.203410268,-0.158249006,-1.515591145,-1.236617327,-2.017629623,0.595162451,-1.164373755,-0.302663535,0.295104563,0.04509506
-0.543768704,-1.433651447,1.117983103,-1.647215962,-1.179033279,-2.520573854,-1.261909127,1.847106457,2.269432545,0.749693573,1.721509099,-0.771852672,-0.307827294,1.488655925,-1.02797699,-1.801979542,-4.852107525,-1.329159498,-0.83664006,-1.195420146,1.592831492,-2.492798328,-1.523747802,-1.119631529,-0.119102024,0.860436857,0.758660138,0.671206117,1.028461695,1.140784621,-3.778621912,-1.947368741,-1.235885382,1.772848248,-2.887492895,0.144454464,-1.384020805,-1.354346275,0.018389203,0.192849785,-1.909527183,-0.756475747,0.13046889,1.569940329,-2.168703079,0.626402736,1.717474461,-0.275092155,-0.256893039,-2.421586514,0.716323435,4.144765854,1.838085294,-1.160326481,-1.009610415,0.231891185,-0.728681266,-0.015152136,0.609909415,-0.928850055,1.529634595,0.241862729,0.939769089,1.60325861,-2.026112318,2.425075769,-1.594473481,0.859326541,-0.546767473,-1.307596326,2.79523015,2.053170681,1.481033325,1.900706291,-0.034668207,-0.343794942,-2.670892954,2.252492666,1.056289315,2.74439168,-0.823693156,1.922213197,-3.219359159,0.711379945,2.922764301,1.372866392,2.301196575,-0.345480204,0.141920224,0.399845928,2.296637535,1.307958126,0.774683177,-2.341868877,-0.000244357,0.739571929,0.692540467,-2.242927074,2.026499271,-0.920227528,-0.66689527,2.592171192,-0.590092182,-0.034874082,-0.068016306,-1.62082243,0.65788424,0.452145576,2.23073864,1.334887505,-1.127735138,-1.530160189,1.167429686,0.546423852,1.055492997,0.292604804,-0.459325254,-0.607596576,-1.705405354,0.681332827,-3.411711454,-0.99397248,-2.033163309,-0.924996734,-1.810118794,-0.70548135,0.424629271,0.875627041
-2.185441256,-1.766922712,0.628475547,-3.419947863,0.018020079,-3.798577547,-0.516483366,0.254788548,2.600022316,0.278472155,0.029879615,-0.030917348,-1.187871933,1.051584005,-2.595191956,-3.257846355,-6.018132687,0.203652471,-0.786597669,-1.979952574,2.593932629,0.134427786,-1.810409307,0.796624362,1.507501125,0.907380164,3.202316523,1.772466063,2.972842216,0.579087257,-5.784738541,-1.778911352,0.275850058,2.806252003,-2.339193344,-0.050477654,0.013368309,-0.995396793,-1.100355625,0.243216872,-2.238985062,0.701436698,-2.110472679,0.972618461,-1.223018408,1.574421406,0.926171601,-2.382659912,-2.034193754,-0.878062844,0.834448278,0.832555413,3.31747365,0.208841473,0.731212735,-2.238560915,-0.641908944,0.046144977,2.13036418,-0.895274103,0.563203216,-0.056388512,-0.146975696,0.903018951,-0.262063533,1.270608544,-2.151278734,1.516014457,0.137482211,-0.995657146,3.583651543,1.600601435,0.89811486,1.977012157,1.72432363,-1.946286917,-2.204365253,0.420499623,1.342935085,1.445659399,-2.467685699,0.208377689,-2.485610485,-0.609432578,1.869894147,1.690793037,0.371208191,-0.359902978,-0.38784337,0.820412517,1.008979201,2.271682978,-0.192914113,-3.582212687,1.562617302,-0.339676082,1.090937614,-1.194012403,2.44355011,-1.528573275,0.619231701,2.445067883,0.848368287,1.105148196,-1.249350309,-0.90027225,-0.283031017,0.814655483,0.380727232,-0.358914524,-0.245082855,-3.502316952,0.163417011,-0.726215184,0.370904803,1.222580791,-1.450640917,0.425063163,-0.818551183,0.884134173,-2.075646162,-3.955313683,-1.926996112,1.226631403,-6.018661976,-0.21983242,-1.298691988,-0.680715561
-1.708341122,-0.868306577,0.079051018,-3.695981741,-0.729562819,-3.605145693,-1.325469255,-0.286283165,0.565724015,-0.425535321,-0.302349001,-1.366935134,-1.469798803,1.43186152,-1.23242867,-2.620073557,-4.172959805,0.026053831,-1.602885485,-2.325587273,2.634214401,0.507233262,0.363479942,0.66858238,0.53945601,1.27238214,2.36193943,2.111732006,1.141482472,0.929546833,-3.775264978,-1.434372425,0.003646404,0.885338306,-2.576211452,0.625104249,-0.113770008,-0.790956676,-0.766007721,0.5788095,-0.579125881,0.358787984,-1.158842087,0.391127944,0.195112765,1.84639132,0.476869881,-2.912264824,-0.968696892,0.217314601,-0.041505665,0.2417593,0.185468331,0.822244763,1.017148733,-2.017789125,0.552395463,-0.403520942,-0.987043977,0.084807783,0.217593297,0.809217691,-0.87919867,-0.31821844,-0.397003353,0.73805511,-1.275549412,-0.188855544,0.341487795,-0.052253589,2.390650988,1.835030556,0.322796822,-0.051884532,1.833401322,-2.131826401,-0.831918716,1.611350775,1.327626228,1.019980192,-0.722205281,-0.648944139,-1.331848621,-0.312955648,2.095014572,1.319720864,0.413178444,-1.031014919,-2.008727074,-0.723486364,1.104961753,1.661862373,2.330697775,-3.248705626,1.57594502,-1.62957561,-0.370494634,-0.827395499,2.10393095,-1.291837215,-1.411476135,0.204526767,0.712547898,0.505616069,-0.420450509,-0.244937196,-0.077287123,0.288167059,1.906508803,0.512127459,-1.310256481,-2.314622879,-1.121059656,-0.566684663,-0.071511693,0.721409082,-1.100261331,1.610908151,0.086087078,1.894087434,-1.340120912,-2.479798555,-2.751822948,1.33461833,-2.421947479,-0.018559523,0.663804412,0.38886109
-1.903015256,-1.155425787,-0.976809621,-3.648404121,-0.13433817,-3.826325655,-1.360903025,0.318051815,1.885051966,-0.320242912,-0.995619655,-0.619014919,-1.558877945,0.395250559,-2.668515205,-3.364101887,-5.081641197,1.924924135,-1.665336132,-1.919942617,2.071758986,0.949551344,-0.794018686,1.239994168,1.376152992,1.906561971,3.562251091,2.427232265,2.303760767,1.131394744,-3.378964424,-2.690141916,0.247244298,2.239334345,-1.958134055,-0.530219197,0.452363729,-0.500412405,-0.839138806,-0.505004704,-1.300254226,-0.754845738,-0.709087431,0.636317849,-1.003658891,1.489649534,-0.248636588,-3.309085131,-2.661473751,-0.69443351,0.617291272,0.120670378,1.250296593,-0.740995646,1.622095346,-2.524944305,-0.200540885,-2.057252645,0.921513319,-0.26478982,-0.420440614,1.083894849,-0.670967042,-0.317341715,0.624111533,0.350925624,-1.599256039,1.175409436,0.793714464,-0.342395842,3.253510475,1.157443047,0.924190223,-0.493801117,3.184868336,-0.701777935,-0.862053275,0.409551293,0.651268244,-0.177540883,-1.845009327,-1.117629766,-1.913195372,-0.799374461,2.014744282,1.455125809,0.354657888,0.388664067,-2.210989475,-0.729705751,-0.077677198,1.461689949,-0.250547767,-3.495266199,1.636098027,-3.212657452,-0.263563722,-1.049331784,1.089575052,-1.562624335,-0.935954332,-0.064029574,1.084843993,1.279363632,-0.045359805,0.879922628,0.014132231,0.591869414,0.848534346,0.455021024,-0.726534128,-4.484251022,-1.294435382,-0.257892579,1.132325888,0.234968871,-1.506802082,0.68292886,1.55835259,0.855510414,-0.989961982,-4.144076824,-1.678616405,2.763079882,-5.305730343,0.505395532,-0.795832932,-0.492063135
-2.391483068,-0.42820251,0.179748088,-3.114366055,-0.229628056,-4.404978752,-0.115198977,1.451003551,1.274544597,-0.359571099,-2.145017147,-0.916198075,-0.919950902,0.443782359,0.013596669,-1.595232368,-2.842175007,0.2189219,-2.311184168,-0.663004398,1.10261941,1.384276509,1.008607507,0.678773522,0.94528079,1.318284631,1.376881003,2.813151836,0.972493291,0.742470145,-3.921132326,0.041554201,0.426335216,1.715252161,-1.076761603,-0.1450122,0.533690453,-1.071427107,-1.800613284,-1.902359962,-0.671321869,0.642190397,-2.320767164,0.435937136,-1.462430716,-0.045596167,-0.397078604,-1.98285079,-2.343648195,-0.148243278,-0.938474953,-0.652956128,0.281121671,0.142017826,2.57164073,-2.062855721,-0.052099414,-1.954748154,1.520069122,-0.310300708,-0.758391976,1.453217506,-0.361013055,-2.225845575,-1.149150252,0.701829672,-1.223976612,0.31054461,1.002564669,-0.922009289,2.129580736,0.361364663,-0.607458949,-1.489877462,2.668445826,-3.481862545,0.231458336,0.221224934,0.808977365,-0.327794611,0.172655791,0.02235353,-2.388277054,-0.453074843,2.014520645,0.269604266,2.925582647,0.483088851,-1.041879296,-0.418136925,1.435152769,1.6642102,0.654992342,-1.982357621,0.678706884,-1.97356391,0.619030118,-1.25390029,1.42764008,-0.161842823,-1.672870755,-0.758375645,1.179324269,1.682315469,0.628591359,-0.332082808,1.131392121,-0.442079723,0.290646285,-0.545561433,-0.670349836,-2.686177492,-1.305783629,-0.25078845,0.184128523,-0.08667545,-1.869376421,1.776389956,0.288924634,0.440039217,-0.365020394,-1.102048516,-1.627004981,1.059658527,-1.938737988,1.692414284,0.610907793,-1.340242505
0.002213821,-0.869296134,1.700873137,-2.930974483,-2.210243702,-0.569241107,-2.075488806,1.927583337,1.540103078,-0.833549201,-1.274098277,-0.860937297,0.619635582,0.9064098,-1.276479244,0.543105483,-2.534030914,0.340624213,-2.128525019,-0.580551445,2.934235334,-0.372311085,1.559889913,0.733527243,-0.110964201,1.014995456,-0.497072071,1.387104392,-0.15961802,0.891993165,-0.210877031,-0.731900454,-0.471622288,1.292646885,-0.491226017,-1.598449945,-0.399713844,-1.129163027,-1.052351713,-1.306104422,0.375295788,1.287765145,1.724318981,-0.34927702,1.97644794,0.434997648,1.488065958,-0.824292481,-0.51283437,-1.168004394,0.163240641,0.790397882,-1.136894226,-1.301584363,2.247740746,-1.696491003,2.046626568,-1.653216958,0.345694304,-0.710295498,1.387420177,-0.534042954,1.062984228,-1.132611513,-1.610405922,1.490532041,-0.750573874,1.134331942,-1.27431047,-0.0966691,2.750003338,0.374003112,1.193761826,-0.814199567,1.296485186,-0.522601843,0.863027632,1.578001738,0.049340572,-0.413827598,-0.63193512,0.421644241,-0.84106487,-1.075401425,1.834741473,-0.07996577,1.013749361,0.082798421,-3.2850945,-0.415283829,-0.134096384,0.464260787,1.395901918,-0.500086486,-0.114001431,-0.127799898,0.168211877,-0.995671272,1.34997499,-1.110272169,-1.987632871,0.64977634,0.382635534,-0.032216236,0.109996542,1.878375769,-0.452617139,-0.902773738,0.349428624,0.071950674,-0.949697435,-1.651159167,-0.399205059,-0.100055695,0.4844459,0.420508087,-1.874954462,0.345923215,1.142755628,-0.125230446,-0.154706091,-0.037842199,-0.442037463,-0.013555899,0.894312143,1.861700654,0.459733367,0.082167417
-1.464702725,-0.787814677,0.608826518,-2.384907246,-0.741179526,-2.262318373,-1.788595915,1.626755118,2.998938799,-1.544398427,-1.454642653,-0.342233241,-0.804636419,1.046546817,-1.067737937,-0.381797791,-3.452488184,0.315826535,-1.224910021,-1.111466885,2.085561037,-0.190448061,-0.604698896,0.993041694,0.237068474,0.334130436,2.22255826,1.574479461,0.555826426,0.300342262,-3.158660412,-1.823925138,-0.399027944,2.156347752,-0.361702859,-0.592172861,-1.115370989,-0.817987382,-1.058457494,-0.99650985,-0.157704338,0.014950614,0.211380839,-0.127826869,-0.303529143,1.481094122,-0.163816839,-1.791904092,-0.055291772,-1.552344084,0.321602702,0.252703965,0.976382792,-0.421888739,-0.511619627,-1.450231314,1.623934388,0.420333266,0.606318593,-0.145259023,1.7525419,1.071851015,-0.317474931,0.675271034,-1.775434136,1.526993632,-2.317134142,1.358997703,-1.031249523,-0.3155604,2.014730692,0.460330188,1.239790916,-0.0097491,2.553439617,-1.695527792,-1.302680254,0.800592363,2.229689837,1.499142051,-0.70115006,0.891245484,-1.374723911,-0.147618711,1.420416594,0.386471897,1.489903092,-0.605800211,-0.746019483,0.245849028,0.003684051,1.052507877,-1.051785946,-2.246566057,-0.206037223,0.618170917,1.14272511,-0.318188429,2.05903554,-1.217090487,-1.312349916,1.012716889,0.114182942,0.200412363,-1.138623238,0.256691307,-0.595518589,0.618929148,0.863814533,-0.080630392,-1.063391209,-2.163738966,0.673678637,0.282378167,1.882568598,1.198433995,-0.614680707,0.942951143,-0.561117709,-0.439564705,-1.24011898,0.084094062,-1.139898777,-0.063287213,-2.027280331,-0.352500945,0.401511371,0.340793014
-0.643602014,-1.504940748,-0.508468986,-2.96185112,-1.894882679,-2.82291007,-1.235319972,0.622153997,2.385219336,-0.178411677,-1.033572793,-1.220427036,-1.358034134,1.549756885,-1.889138579,-1.139023304,-5.549294949,0.499638975,-1.187920332,-1.834496737,2.392860889,-0.41701737,-0.950158775,0.410568178,0.978675008,1.469016671,1.421924472,2.302286386,1.81099844,0.033842385,-3.746027708,-1.920488119,-0.803677082,1.356754303,-2.132816553,-0.240311235,0.010169029,-0.32737273,-0.891591907,-0.271369427,-2.077780008,-0.306488156,0.837397039,0.33033222,-0.447189689,2.047031403,0.582781494,-2.142129183,-0.588051319,-2.139846802,-0.045745611,1.179001689,0.885884821,-0.386177689,1.04355824,-2.053973913,0.3037844,-1.123817086,-0.763488412,-0.390354186,0.768930137,1.057821393,-0.435121894,0.564589322,-1.304668188,0.981556952,-1.372750282,1.682547808,-0.580126822,0.2847175,3.29783082,2.648234367,1.699315786,-0.516005874,1.873343229,-2.132204771,-1.466028929,1.530396819,1.487338543,1.396615624,-2.045711756,-0.186828643,-2.010535717,-0.331492037,2.998625755,1.197491169,1.666107059,0.767523646,-2.069043636,-0.988407195,-0.565725744,1.42155385,0.204109594,-3.099767208,1.55168426,-0.757806361,0.414951712,-0.629340887,3.089586973,-0.259756923,-1.555719614,1.4644382,1.383656263,0.238324761,-1.541901231,0.597898483,-0.873939753,2.273039579,1.199579477,-0.349681199,-1.560613513,-3.485714912,-0.137886792,1.038505077,0.680448174,0.874450684,-1.404818535,0.717331886,0.388169795,0.652302861,-0.873437345,-2.05347681,-1.447204113,2.321772575,-3.684509516,-0.606250882,-0.403120041,1.043603897
-0.49383986,0.224482059,0.104250684,-1.605830312,-1.381117344,-1.415228844,-0.976732016,1.308358312,0.730256021,0.69297415,0.214787036,-1.521251202,-0.09763819,0.336791039,-1.466675282,-0.999192476,-2.849694729,0.005451411,-0.595160723,-0.873098969,1.690382123,-1.454870462,-0.126236483,-0.051816609,0.638600826,1.0588907,0.25656414,0.718673766,0.424516231,1.340299487,-1.451687932,-0.678880811,-0.283159405,1.077355981,-2.512778759,0.087744951,0.384382427,-0.74291712,-0.448252201,-0.062432788,-0.989763498,-0.544893622,0.518516183,-0.038073719,0.460986853,0.528344512,0.905061424,-0.148441106,-0.44621855,-1.596048236,0.886355698,1.933916688,0.649312198,-1.114841223,1.479436994,-0.772183418,0.265454859,-0.562829673,-0.258085221,-0.337149858,0.133692071,0.373624086,1.266340613,0.162956417,-1.400015593,0.77488935,-1.648711681,0.954843819,-0.047149412,-1.030697703,2.135808229,1.218781471,0.605338752,-0.226418585,1.082928777,-0.43506363,0.299937785,1.138750792,0.414891183,-0.464130461,-0.341092914,0.315410584,-1.335777044,0.032240555,2.409871101,0.714086294,1.753533483,-0.025368437,-0.349323541,-0.157054991,0.673628986,0.753049493,0.885344386,-0.722833931,0.291106343,0.748265445,-0.2106359,-1.495603204,1.682564139,-0.90962404,-0.849162698,0.830387592,0.4308514,0.682498932,-0.128532752,0.439735711,0.021796405,0.190471128,1.094853401,0.173505723,-1.235964298,-0.895504415,-0.347517788,0.391892493,0.522000909,-0.930732131,-0.642233431,0.278857797,0.3915793,0.619863391,-2.117991447,-0.134759888,-0.786318183,-0.030207798,-0.818149567,0.40771538,1.005686045,0.54296416
-1.288692236,-2.080173016,1.108243823,-3.164081335,-1.553642273,-2.413790226,-0.774276555,1.047530055,2.028828144,-0.041897915,-1.126767516,-1.269238472,0.616333365,0.61067915,-1.133679032,-1.205315232,-3.754953146,-0.085804552,-1.796379566,-1.315235257,2.794525146,1.332616568,0.707667768,1.322974801,1.640366197,1.208085299,0.547193229,2.425415993,1.448323369,0.12327987,-3.604917288,0.211018786,-0.124205217,1.821116805,-0.623155534,-0.213344038,-0.195382446,-0.627709389,-1.223900676,-0.601391733,-0.172254398,1.264415503,-0.647573054,0.632077098,1.06771934,1.045154452,0.977436721,-1.102664113,-0.452628076,-0.338743806,0.459025741,0.10876143,0.644124091,0.316465974,1.997866392,-1.637307167,1.596622944,-0.156233504,0.564883709,-0.759548306,0.813581049,-0.455264151,-0.222286493,-0.405461401,-2.304475546,1.508595109,-1.690097094,0.549560606,-0.150123402,-0.482052445,2.394964457,1.112289429,1.307240725,0.608032227,1.090755463,-2.196845293,-0.377728105,0.719987154,-0.632145524,0.218421981,0.20452334,0.396423131,-1.895969629,-1.529632688,1.878305078,0.09220992,0.89585489,0.211341202,-1.52083683,0.183563545,0.698603511,1.651328683,1.316548586,-2.010469913,1.221933365,0.293545127,0.856720507,-1.103551388,1.62681067,-0.00317128,-0.365513802,2.030589342,1.246810317,0.849588156,-1.07756722,0.345604956,-0.178543657,-0.882522106,-0.538483739,-0.654829025,-0.129810795,-1.295555472,-1.061734796,-1.240070224,0.002267927,1.528172374,-0.304160237,1.531291723,-0.128356695,0.452748179,-0.839048743,-1.51818347,-0.547178328,0.231245533,-2.172992229,1.687927604,0.360061049,-0.130938947
-0.709597707,-1.605307341,0.636147022,-2.823285341,-2.236130714,-3.588346243,-0.856826007,0.562320828,1.498070121,-0.161700249,-0.71721679,-1.323732376,0.287071615,0.859020293,-0.272501647,-0.884153247,-3.665751934,-0.138681337,-1.700964212,-1.742580771,2.943321228,-0.317117035,0.09114708,0.511780143,0.324351221,2.056070089,1.289601684,2.357803106,0.466258317,1.951575518,-3.007017612,-0.813989162,0.601901054,2.096895933,-0.523051739,0.387058258,-0.507816315,-0.802864969,-1.476248264,-0.293913096,-1.118065476,0.322168648,-1.08237505,0.850230634,1.021199942,1.433226705,1.126863003,-1.866885066,-0.94306308,-0.735994637,0.054801762,0.486169279,-0.235912606,-0.192716509,1.560420275,-2.997211933,0.89772433,-1.28136909,0.532490909,-0.601571679,0.564890444,1.225412488,-0.409102082,-0.171984673,-1.798178434,1.403325796,-3.071270466,1.036382556,0.74238503,-0.857636154,2.12053299,1.270473242,1.779441595,0.382749677,2.213829756,-2.643585205,-0.655007362,1.513287663,1.071030259,-0.194906935,-0.266160935,-0.273084164,-1.102827907,-0.359439164,2.183288813,1.334666967,0.578393042,-0.727232575,-1.855788946,0.081169017,1.129217625,0.971021712,0.578179836,-1.798398852,0.064044319,-0.251008302,1.065194964,-0.939222157,2.313781738,-1.439696908,-1.286670208,0.969389498,1.224631667,1.234175205,-1.084858179,0.754080772,0.280887574,0.392404675,-0.221839413,0.140293658,-0.613426924,-2.196812868,-0.378888458,-0.099327892,0.600289941,0.225745633,-1.338750362,1.193353772,0.184765607,0.03906323,-0.86532563,-0.796779335,-0.901255786,0.86154753,-1.343049884,0.884195864,0.610990584,0.05472054
-0.687024832,-1.216183424,1.265352368,-2.572302103,-1.698274136,-2.244346142,-1.635122538,1.173646331,2.416486502,0.458557099,0.594298184,-1.019495726,0.122011185,1.475057006,-1.214901686,-1.191052437,-4.370806217,-0.596962214,-0.916953087,-1.475391507,1.974304438,-2.86088562,-1.632735133,-0.299442708,0.016018018,0.829557598,1.875033259,1.19034946,0.82349503,1.889035583,-3.959352732,-1.930291414,-1.182722807,2.140251398,-3.48127389,-0.246753931,-1.279825926,-0.429836214,0.115173332,0.62793833,-1.584472895,0.052922737,-0.460820496,0.632551789,-0.907131732,1.206874013,1.871975422,-1.000828862,-0.623066366,-2.418776512,0.907556117,3.394693375,1.949417949,-0.396708786,-0.117640249,-0.364275157,-0.478143543,-0.817256749,1.031894565,-1.100311756,1.318341494,0.858153164,0.530534863,1.363058686,-1.361813903,2.208176374,-1.755313873,0.389698803,-1.256162763,-0.371726215,2.653385401,1.366545916,1.341466427,1.758136511,1.238108873,-0.873488307,-2.279109478,1.339745045,1.28947866,2.188581467,-1.802766562,0.517962813,-2.324598551,0.920132399,2.161453247,1.053984404,1.51958704,-0.98336339,0.224480197,0.491277307,1.185230136,1.143401504,0.481121957,-1.884552479,0.257470548,1.484068751,1.007290602,-2.102720737,2.571968794,-1.413314581,-0.579992354,2.112336159,0.19994396,0.114225745,-0.272213221,-1.98982656,0.653428793,0.395718396,1.191330671,1.47394371,-0.716379106,-2.130063057,0.721386671,0.596822441,1.024504185,-0.324179024,-0.501450896,-0.761790216,-0.526029706,-0.144029662,-3.003651381,-0.668051302,-2.090680122,-0.775898218,-2.505051851,-1.423634887,0.063269332,0.385986269
-0.296204329,-1.66120553,1.10704124,-2.268953562,-1.737928152,-2.750436068,-0.654753566,0.623620987,1.067912459,1.159946918,0.992606878,-0.607281983,0.252200097,1.107704043,-1.841610789,-0.936651826,-4.708985806,-0.543338299,-0.719643176,-2.03722477,1.81883359,-1.03890121,-0.725372314,0.515675128,0.349590302,1.042727828,1.859921932,1.079049945,1.515499353,0.518784642,-4.245415211,0.092921987,-0.222142696,1.550806999,-2.666734934,0.128040805,-0.337349236,-0.883937895,-0.534705102,-0.599122167,-1.387185693,1.089830637,-0.626709402,0.852469862,-0.751221001,0.535516083,1.642705441,-0.747184038,-1.027093172,-1.26503098,0.171967924,0.924461126,2.453526974,0.501290321,1.268785834,-1.139610052,-0.446770281,0.114757173,1.323380947,-0.858004749,0.605331838,0.277450293,0.290653914,1.34655714,-2.063376427,1.06237936,-2.275254726,0.846427143,-0.510363579,-1.163639426,2.797551394,2.551318645,0.816938281,1.217585802,0.337582916,-1.754106045,-0.94539535,1.244881868,0.857133031,1.436523318,-1.661082029,0.578294396,-2.455272436,-0.725072861,2.370542049,0.829951882,1.839914799,-0.716703832,-0.346198142,0.735027254,0.746453166,1.120173216,0.908585072,-1.394201994,0.453097373,1.070158839,1.150339127,-1.229332924,2.524718761,0.811536491,-0.430705667,2.435696602,1.042108059,0.411713362,-0.758777261,-1.017020702,-0.76403594,0.843065262,0.497040749,-0.422575831,-0.17930457,-1.282720804,-0.21202594,-0.005367044,-0.076733656,0.562272191,-1.340625882,0.642170906,0.148468912,0.905955791,-1.838740826,-0.696586847,-0.86732918,-0.076748699,-2.732433081,0.132099867,-0.268799514,0.4421359
0.71717608,0.297098517,-1.293918967,-1.797254205,-1.583808661,-0.863864779,-1.147761822,2.054847956,0.588610351,-0.130163252,-0.99838984,-2.628329754,-0.965241849,0.411740065,-2.183649063,1.211813569,-2.104814291,0.642319143,-1.811731339,-0.681483269,0.919214487,-2.697080374,1.359197497,-1.47909534,0.246453553,0.397188783,-0.681060016,0.391882062,-1.536510706,1.641401649,-0.871786892,1.097059727,-1.728340387,0.687056482,-2.218061209,1.29791069,-0.954260707,-0.03442958,-0.468761384,-1.616726637,-0.498490125,-1.378087282,1.901865959,-1.17284894,-0.074742466,1.164869308,0.179715544,-1.382116318,-0.200949609,-2.498008251,-0.217229024,2.002983332,-0.607948482,-2.371327162,1.510409951,-0.445984781,1.045210719,-1.671611667,-1.351404667,-0.145530194,0.31910634,1.152219415,0.864710331,-0.83013773,-0.946662664,1.207942843,-0.60215205,1.188299894,-1.034649611,-0.251996398,2.070122957,1.607183695,1.061097622,-2.237209797,2.162300825,-0.384965181,1.048437357,2.451270819,0.478978544,-0.076987982,0.188140422,0.275581867,0.478269517,0.2839306,2.765976429,0.274227589,1.675145388,1.499127388,-2.251383543,-1.32850492,-0.123221688,0.402349025,0.305665225,0.155672729,0.226813883,-0.117736816,-1.051970363,-1.324423313,2.297888279,-1.054026127,-2.419224977,-0.598845303,1.328124404,0.796301484,1.31954217,0.686812878,0.170337349,0.187724695,2.534637451,0.353395998,-0.257685035,-0.395772457,0.746515155,1.634369493,1.165917635,-2.18217063,-1.324020267,-0.146519408,1.104139209,-0.145582169,-0.898722947,1.246273875,-0.815212607,-0.137417614,1.126737475,-0.306105345,0.658491969,0.73974961
-0.797433853,-1.746413708,2.14193821,-2.416150093,-1.851321936,-2.809232473,-0.907238424,2.312972069,2.528493166,1.132809997,0.19488509,-0.633802891,0.937342227,1.155486584,-0.960037827,-0.683492899,-4.953166485,-1.543025255,-1.039444685,-1.743225813,1.586369157,-2.559099197,-1.37199235,0.138038978,-0.58046186,0.965156794,2.17535305,1.758439898,1.049998164,1.288273215,-5.520826817,-1.330603838,-1.278753638,2.488262892,-2.724650383,-0.501248598,-1.377411485,-1.051964521,0.586806357,-0.66493392,-1.765824914,1.455224276,-0.008594096,0.802048206,-1.343191385,0.359189123,1.489035368,-0.781956077,-1.108531952,-2.014831066,-0.058372833,2.134914875,2.395611525,0.830273569,-0.6691131,-0.825673103,0.075359933,0.496955335,1.526854157,-0.464665681,2.697191477,0.828727424,-0.00308238,1.667217493,-2.667803526,2.502945662,-3.467272043,0.472608745,-1.706150651,-0.809789956,3.237930536,1.578885078,0.969712555,1.660611272,0.88034308,-0.54150629,-2.264897108,1.453532577,1.31860733,3.708977699,-1.745726585,1.885996461,-2.029955387,0.89506948,2.754034996,0.221195668,2.19168067,-0.943006933,-0.451539099,1.062213421,1.317698002,0.502246976,-0.052651212,-2.66375351,0.332906991,0.914552152,1.626044154,-1.40247488,2.565211773,0.232809111,-1.160202503,3.589159012,0.067736261,-1.156822562,-1.205092072,-1.978199363,0.431033999,0.803510785,1.895315289,0.711347878,-1.225298047,-1.976063132,-0.371920556,-0.623109519,1.31329596,0.230009243,-1.072689414,-0.347107947,-0.515074134,0.210774735,-3.113235474,-0.20842807,-1.887272716,-1.04616642,-2.464146852,-1.121214986,0.515382648,0.635203004
0.17338635,-1.139751196,0.295740485,-0.594400287,-1.679674864,-1.195357919,-1.245010138,2.777534485,2.242357254,-1.109069705,-0.396935165,-1.301675081,-0.550169885,-0.064577579,-1.585103631,0.616968989,-1.605260253,0.136044443,-1.967510223,-0.493789971,0.591220498,-1.722843409,1.43148756,-1.581491351,-0.694341362,0.77251327,0.401183456,0.134591579,-1.023466229,0.141744733,-1.289029479,-0.545119703,-1.13838315,0.898270428,-1.049462199,0.29068315,-0.967464685,-0.870207131,0.015767306,-2.234758139,-1.083127379,0.374120653,2.128484964,0.690101385,-1.387535691,0.543980718,0.498653948,-0.830583692,-0.467302024,-1.015262485,-0.228910476,0.432178736,-0.331213474,-1.570822477,-0.233944476,0.465558082,0.714373589,-0.265886813,-0.694920421,-0.402768165,1.64488399,1.308257222,0.737582505,-0.278340012,-1.541216373,1.763326049,-0.282746911,1.445258021,-0.729030848,-0.796217144,1.87951839,2.196248055,1.287907362,-0.383319795,0.341207564,1.373889685,0.295455217,2.419565439,0.680840194,0.343745649,0.957360029,0.697588921,-1.136511207,-0.265303522,2.894289017,-0.984246433,2.857533216,0.328003854,-2.715465546,0.308239877,-0.206032664,-0.777808487,0.644754946,-0.022450645,-0.235084116,0.458528489,-0.05709359,-1.287239432,1.241433859,0.120583817,-1.227883339,0.543008626,0.027915813,-1.373916864,0.947254777,1.710986137,-0.907837391,0.528890133,2.406348705,-0.102136992,-1.273311615,-0.175660595,0.985487223,0.967333019,0.899009824,-0.626689196,-1.646383286,0.238407195,0.259490073,-0.270789385,-1.982529998,1.338454366,0.002900109,-0.171126381,0.944958091,1.348116279,-0.480397105,0.105163142
-0.87320751,-0.311502337,-0.206861168,-1.241050482,-1.343940973,-3.134264708,-1.094105601,0.468045056,1.806405663,0.163515776,-0.311464548,-0.188627377,0.368271232,0.172613755,-1.994526386,-1.011528373,-3.686857462,0.019427955,0.242747188,-1.767608523,0.809944689,-1.066875696,-0.956496119,-0.046909016,-0.574319184,0.606990337,2.110877275,1.630495071,0.624091625,1.103087425,-4.496255398,-1.402302027,-1.571565747,1.54487443,-2.236964464,0.42284295,-1.253081799,0.257968396,0.218801811,-0.070461296,-0.640185833,-0.760380685,0.189384103,0.044292748,-0.663461208,1.040303349,0.56859082,-1.128691316,-0.117958754,-1.677289009,-0.557054996,0.758502483,1.74949193,-0.620890141,-0.692682445,-1.386605978,0.909654737,0.39959833,0.151388004,0.270523638,0.663464367,1.263971686,-1.326915145,0.477821857,-2.324849367,1.120120645,-2.484989166,0.111397162,-0.733047009,-0.307848692,2.345633984,1.404966593,1.292233467,1.176024199,1.534241915,-1.516618967,-1.005720139,1.182051778,1.736894369,2.263562441,-1.232500196,0.284886032,-1.873425722,0.558344841,2.043174267,0.619024515,1.626553178,-0.15338403,-0.503154874,0.527983546,-0.760505199,1.170928836,-0.202838972,-1.903858185,-0.182348996,1.08046627,0.78484863,-0.372631907,2.478420258,-1.290203571,-0.599419594,1.882787704,0.165196538,0.2335594,-2.541577816,-1.113810062,-0.721653461,1.43565011,1.434321046,0.491435349,-0.752222896,-1.884259343,0.129214987,0.640669644,1.05006516,-0.783300996,-1.054727912,0.557814658,0.484342903,0.276901782,-1.908246517,-0.648630857,-1.129350185,-0.147017688,-1.389118314,0.200195581,0.48776567,1.144775271
0.821154535,-3.404935598,0.747023284,-0.620193481,-2.371145487,-3.715265989,-1.372592807,1.636370301,0.417510331,2.04257822,0.813394427,-0.138126746,1.442641973,0.379859775,-0.75103718,0.641559601,-5.972189426,0.411534548,0.376243562,-2.04255271,1.600987434,-0.658307552,-1.010003448,1.366841435,0.896547318,2.253803968,1.961466193,1.821675181,0.95495528,-0.389910489,-4.807492733,-1.165131688,-0.891940296,1.63090837,-2.567345619,0.00440602,0.598561525,0.459067941,-0.886955976,-1.682225466,-3.829338312,1.163601637,-1.675901413,0.992580056,0.567401707,-0.462220877,2.501915455,0.442582786,-0.965067208,-0.396472812,-0.782501996,-0.14650166,2.972041607,0.326200306,1.569131136,-1.140741587,-1.267623663,-0.998635471,1.500748038,-1.351259351,-1.031103849,-0.043420002,-0.241040736,0.592250705,-4.014706135,0.290017426,-3.620820522,0.405419827,0.564544916,-1.278548837,2.542514563,3.524380922,1.134028673,1.105344772,0.912397623,-2.179535389,-0.043696672,0.262847126,0.416243553,0.730182469,-2.2605021,0.065355182,-3.271218777,-0.365165561,3.710260868,-0.528262794,1.687935948,-1.628961444,0.629441261,-0.316764712,1.400465369,0.175281167,1.675168753,-1.511193871,-0.009530552,0.48121047,0.847199559,-1.795231938,3.310088873,0.325086176,0.595853031,1.738909125,2.514957905,0.964455962,-1.954803228,-1.615622997,0.177431852,1.053134918,-0.575551927,0.468860805,-0.959731579,-0.885771334,0.279957086,-0.855390906,-0.354149759,0.623551786,-1.322473168,1.444566607,-0.241402447,-0.477090299,-1.046173453,0.781353533,-0.743372917,0.103316143,-2.836188555,1.880938888,-1.850627184,-0.856859088
0.077400729,3.11231041,-0.767086625,-1.897822738,-2.035694599,1.840709329,-0.551494241,-0.056265891,-0.526935875,1.373231888,1.571581483,-1.333241463,0.126888976,0.449749708,-0.579885364,-1.018345475,-3.044960499,0.791882992,-1.106876612,0.48813206,0.825165033,-1.60783577,1.587170005,-0.376776278,-0.100366138,2.125744104,-1.367801428,-0.150843516,-1.508868575,-0.598127723,1.409248352,-2.156124353,-0.542581081,0.820998967,-0.839452207,2.106802702,1.679742694,-1.116816044,2.547990322,-0.944062889,-1.085960269,-1.47957325,2.735191345,-0.679452062,0.508502841,-1.207911015,0.660169303,2.233397007,-0.515048087,-1.219916224,-1.189047337,1.342382789,-0.715131581,-1.712779641,-0.193740904,2.48751235,-2.100964069,-2.591992855,0.391771436,-2.223497152,-0.175618976,-0.35525018,2.281407356,-1.670246363,-0.362597793,0.782058835,-1.152784228,1.277762651,0.119156994,0.891627252,1.701045036,-1.350368738,-1.414427757,-3.329912186,-0.866349339,-0.489517659,1.570451617,1.658038855,0.972854257,-3.383785963,-0.028132766,1.377802968,-2.359744549,0.684371948,2.829630375,0.195556074,0.397768378,2.561775923,0.262084097,-0.861207008,0.788475513,0.085225604,1.263284445,-0.329280883,-0.392358035,-0.164303511,-1.547107339,-3.913112402,1.237224579,0.296815336,-0.067747802,-0.431768358,-1.444592595,0.451149702,2.56959343,1.457029343,0.913466692,-0.330639422,1.511348009,1.541908979,0.806732774,-1.052944183,-1.651319146,2.942735672,-1.120239854,-1.036933541,1.625851154,-1.222556472,0.355066925,-0.201003805,-0.646852911,1.443681359,1.586995602,0.107874081,1.472202301,-0.333292842,1.244200468,-0.787762642
0.129058525,1.055203438,0.442544222,-1.57035172,-3.061214209,-0.477108479,-1.361629009,2.392087698,1.94397068,0.281571567,0.141542435,-2.573909283,-0.314788342,0.079088271,-0.858630598,0.336268812,-2.59231019,-1.12857604,-0.582130671,-1.221889257,0.001182541,-3.435715437,-2.284879923,0.341226131,-0.562630713,-0.635205388,0.970503032,1.040635824,1.392309189,0.79374361,-2.780994892,0.105541602,-1.232905507,0.566196084,-4.779719353,-0.055397749,-0.549499273,1.995893002,-0.272152483,0.555668831,0.059385166,-1.658094645,2.503432274,0.266382039,0.645957708,0.418262154,0.724738657,0.410163105,0.694812655,-3.012726307,0.222681731,2.265034914,3.356925249,-1.078070641,0.09959922,-0.123310998,-1.036025286,-0.206462905,-0.059528083,-0.370508611,-0.400372446,-0.541194797,0.723723054,0.892983973,-1.295597196,0.940703154,-1.651700616,-0.051483318,-2.066868782,-0.607134879,0.351667166,1.651793242,0.106811643,-1.219734907,1.228127122,-0.86100018,-1.709871292,1.68413949,0.242734283,1.250107288,-1.013763428,1.575532556,-3.570643425,0.600268364,1.82515347,1.524600506,2.470358133,1.270334005,0.310286313,-2.241376877,0.978537083,0.63676846,0.749309897,-1.005734563,0.989425182,2.005552053,0.798749804,-0.421122849,2.147607565,0.569547176,-0.982673049,0.310176671,0.519961655,1.111026287,0.494350016,-0.218342707,-1.030074716,1.6377424,1.521907449,0.774773419,-1.216800809,-0.813018858,-0.744756222,-0.25295341,0.988303304,-1.636204839,0.284769058,-0.474839181,-1.7720505,2.188462973,-2.217447758,0.119802281,-0.621134937,0.502524257,-2.169312954,-1.304854393,1.233882904,0.696510792
-0.280025601,0.681527853,-0.379529923,0.120634347,-1.141527176,0.946950257,-1.917414784,1.125080347,-0.305715322,0.007877387,0.17445989,-1.669832468,-0.482505023,-0.491837502,-0.579526782,-0.057692915,-2.420180798,1.303977728,-1.53233552,-0.624970317,0.938854218,-0.745977283,1.501649499,-0.430948168,-0.128075242,1.697934985,-0.985922635,-0.43980363,-0.799798071,0.676763892,0.909154356,0.407594681,-0.154660851,0.222661808,-1.115230083,1.32385242,1.374349713,-0.505043387,0.138931066,-0.252339751,-0.275428534,0.405671,0.720797837,-0.239771843,1.640930772,-1.067198992,-0.196702123,1.115257263,0.043971777,-0.316287637,-0.37270996,0.392310351,-0.210683063,-1.21853292,1.273851037,0.149635732,-1.040003419,-1.605977654,0.024653569,-0.949119627,0.242983505,-1.290516257,2.037043095,-0.891756415,-0.438254565,-0.259670049,-0.652634203,1.21439898,0.544528127,0.155890271,1.138895273,-0.60226661,-0.418510556,-0.441620111,0.124150299,-0.559391022,1.292954087,1.922384143,-0.439142853,-2.337940216,1.337316751,0.883998275,-1.704036593,0.043506861,0.963872254,2.043412447,0.200528204,1.117369175,0.17820321,-0.64743489,1.012159109,0.283499837,0.9114241,-0.315549254,0.078097515,-0.176587969,0.381437957,-2.23699379,0.139784098,-0.233472109,-0.633247018,-0.17061916,-0.886807978,0.91673851,2.063997269,1.152545452,0.123268515,-0.663214386,1.200358748,-0.128144905,-0.372281432,0.789524674,-0.887183785,0.788896799,-0.235610783,-0.690754533,0.053190365,-0.151033998,-0.17970109,0.328604758,0.344125688,0.664625406,1.000541687,0.153646365,1.428714395,0.738913953,0.813753009,-0.870633364
-0.884190202,-1.665204763,1.34895575,-2.330923319,-1.120893717,-4.933496475,-0.293890506,-0.780217171,1.16723454,0.848078847,1.110963464,-0.11392501,-1.935913801,1.232683897,-1.155131698,-2.189486265,-4.686120987,0.580934346,-0.785281956,-1.634954214,2.215378523,-0.082242966,-1.058959365,0.801944911,1.420165658,0.715709746,3.203984499,1.424345136,1.750995994,0.410280764,-4.580997467,-0.870320976,1.064181805,2.235054493,-2.270867109,0.790644288,0.114679798,-0.744933784,-0.592960656,0.287058175,-1.863528252,2.082278252,-2.364342928,1.676235557,-1.892335892,1.646685004,0.844256818,-2.391631365,-2.36058259,0.056416467,-0.614879608,1.476917624,1.572563648,1.98681879,-0.407372117,-2.676248074,-0.690313756,-0.833429992,0.522648692,-0.337983429,-0.941444457,1.495912194,-1.440293193,0.718709826,-0.41838637,0.90579927,-2.200104952,0.762334406,1.105274081,-1.181980014,2.534139156,1.121476889,0.607655942,1.238319397,1.086567879,-3.565324306,-0.658034325,0.218704671,1.933360338,0.739821851,-0.938057303,-0.558543205,-1.62930572,-0.416629106,2.191174984,1.244801998,-0.37931025,-2.292986631,-0.640640676,1.045538664,0.799327731,0.267651707,1.463172078,-2.402743578,0.840003788,-1.669425964,0.473858297,-1.231784821,1.894401908,-0.322475493,0.263026595,0.77534014,0.907053888,0.852855086,-0.177235886,-1.436177373,0.165045053,0.818904877,1.293286324,0.078315675,0.297470361,-2.525522709,-0.313471109,-0.914891243,-2.30553174,0.994557559,-1.013662934,1.743201375,-0.695370317,1.663692355,-2.15639925,-2.424730301,-2.203312874,1.08826375,-3.255065441,0.220543355,-0.820584238,0.295483083
-1.859326482,-1.181555986,0.121676415,-1.904122829,-1.532153368,-5.23570919,0.791847527,1.011799097,1.095606446,0.589238048,-0.390772045,-1.030863166,-0.146076322,0.809670448,-1.588031769,-1.646922231,-2.716228962,0.120381832,-0.579916239,-1.682089806,2.130110979,-1.450284123,0.218485579,-0.094664589,-0.173226327,0.433522463,2.743131161,2.71607399,0.959842026,1.369000316,-6.212903023,0.289901584,0.487346828,1.392929792,-2.139601231,0.469429046,-0.459953457,-0.480197728,0.4205755,-0.776548147,-2.448843956,1.895953655,-2.014041424,0.352944851,-2.381669998,0.429956943,1.041313171,-2.959296465,-2.69187355,-0.074712485,-0.816375375,0.619508028,1.382754803,1.146963716,0.34435001,-2.72642231,0.366480142,0.71205312,-0.485755652,0.60382086,-0.181332797,2.119758606,-1.972531915,0.472050935,-0.275302052,1.079214931,-2.823987246,0.2355683,-0.481360525,-0.45612675,2.629989386,2.143686295,1.772207499,0.813990593,1.721540093,-1.617046833,-1.738579631,0.649677217,1.28853178,1.792970061,-0.38361451,-0.515873849,-1.609039664,0.314990282,2.509578705,0.865146518,2.623094797,-1.606850863,-2.020486355,1.493225813,0.074213155,-0.20665738,0.258788466,-1.169359565,0.377622038,-0.635440648,0.444047332,-0.554380655,1.550062299,0.048064291,-1.35003686,0.360397607,1.145775557,-0.073992729,0.17175369,0.19006303,0.555758357,0.423292637,1.231887221,-0.810165107,-0.872411728,-1.873889208,-0.615836024,-1.011444807,0.028509878,-0.61495924,-1.334471822,1.365307212,0.429573029,1.345737457,-2.253871202,-0.437508106,-2.268097878,-0.003860012,-2.601233721,-0.218616575,0.6529423,0.49795565
0.370992482,-0.198553026,0.42898953,-3.000799656,-2.367666721,-0.019350365,-1.305074692,2.349589586,0.770010173,0.706113756,-0.370205402,-1.355777502,0.180664644,0.259840161,-1.067728043,0.179091245,-1.921827316,1.668177843,-2.20014143,-1.177307844,2.508203506,-0.272846699,0.311676413,1.058086991,0.932599068,1.199960947,-0.491737038,0.592650473,-0.214067996,0.900825262,0.447697788,0.09000878,0.360331416,0.577177823,-0.656041741,-0.101112783,0.618650556,-1.110559225,-0.929781795,-2.124231815,-1.182122111,0.625211,1.084302187,0.967166781,1.317011833,-0.449680537,1.062057972,0.240263268,-0.170383632,-0.555073798,0.51865989,1.361544967,-1.554599524,-1.61699295,1.902667642,0.062385321,-0.179536462,-2.364509344,0.34646216,-1.035297036,1.49782443,0.444943368,1.469292521,-1.43650949,-1.151304364,-0.293448091,-0.304728389,1.894108772,0.338509172,-0.792285979,1.386079311,0.470176607,0.780581892,-0.587042749,0.897204876,-0.427870929,1.877774477,0.610101223,-0.560341299,-2.452660084,1.354632258,0.342442065,-1.567268968,-1.321757913,2.188640594,0.010320216,1.940047741,1.462733269,-1.65013361,0.089035369,1.449836612,0.869980872,2.082182884,0.377020717,0.443561405,0.288487017,0.095047534,-2.363395452,0.587089777,-0.789587975,-0.208956093,-0.025158048,-0.278136522,0.629090011,2.142629623,2.306494951,0.001676723,-1.16495955,0.322718352,0.071864218,-0.613057375,-1.090391636,-0.148260921,0.078361094,0.075293772,0.834922433,-1.178370833,-0.113386795,-0.22028178,-0.048054114,-0.844315827,-0.119085237,0.52189821,-0.312525213,0.780932367,2.46407938,-1.059932947,-0.904803753
-1.164043427,-1.288048506,0.716726661,-2.287207842,-1.206784487,-3.736654282,-0.645919859,0.545884609,1.447264194,2.02440238,0.008268923,-0.169678047,-0.406414032,0.629592121,-1.11742866,-2.215182781,-6.248040199,0.06136483,0.09325242,-2.085803032,2.885094404,0.060528189,0.234501421,-0.043454971,0.434489608,0.837253869,1.92479372,3.050730228,0.903751254,0.265262604,-4.065636635,-2.834988356,-0.513121068,0.991222799,-2.867134571,-0.136624247,-0.909478784,-1.073853731,-0.821686029,0.362824231,-1.834626913,-1.302225232,-0.894366801,1.813112974,-0.378165603,0.765351415,1.575359821,-1.939398289,-1.523895264,-0.899727225,-0.147957474,2.610334873,1.20911932,-0.176175639,0.480822474,-1.90528059,0.206761777,-1.597581744,1.159637809,-1.7408849,0.474367082,1.373750806,-0.00980214,0.819550633,-2.868489265,1.357211232,-2.511301279,0.361440539,-0.342486471,0.413688242,3.455780268,2.061148882,0.998646438,0.68468082,0.91225183,-3.309008837,-0.641033053,1.205971718,1.335531116,0.654080093,-2.139180422,-0.656153262,-3.779168606,-0.451368898,3.216258049,0.491681248,1.048998952,0.434458822,-0.621197701,-0.52956146,1.137754798,1.447470665,0.748162806,-2.913357019,0.501466632,-0.759350538,0.413733155,-0.816186666,2.234773397,-1.10312736,0.639659643,2.151488304,0.210273504,0.675320745,-1.200155377,0.554680288,1.058400273,1.532808781,1.55639565,0.922755957,-0.693255723,-3.255912781,0.498250574,0.411519349,0.699897587,1.00378716,0.15601854,1.645683408,-0.410866499,-0.538114846,-2.104694366,-3.079461098,-1.04949832,1.791244864,-3.531141043,1.462843537,-0.379550338,0.029439483
-0.450224817,-0.952638447,1.563456416,-1.79980123,-2.607078075,-0.800413966,-1.46324718,1.147054195,0.900364816,1.807771206,-0.041515857,-0.441470295,0.443481743,0.279238373,-0.55193013,-0.64281857,-3.664803028,0.150586367,-0.834804475,-1.412965536,2.495984554,-1.666360021,0.589896619,-0.480259746,0.68896234,1.594243646,-0.20115149,1.154830098,-0.073116593,0.862821221,-1.890602708,-1.050271869,0.435648561,1.452484608,-1.609880924,-0.061389208,-0.633524656,-1.403275013,-1.304702759,-1.188391924,-1.043557286,-0.497721851,0.0506991,1.766810775,1.176128745,0.001643598,2.054457426,0.28493768,-0.447761059,-0.862758756,0.825701773,2.568817377,-0.560493886,-1.452293873,2.019671917,-0.03238263,-0.145313039,-1.764698148,1.353663921,-1.863762498,1.634224176,0.303731441,1.420727372,0.11541228,-3.145750523,0.645095766,-1.694564819,1.313984752,-0.041087128,-1.082205176,1.634839654,1.329682589,0.905882299,0.74769485,0.484582514,-1.168551683,-0.084063917,1.293844938,0.262475997,-1.063525319,0.376321673,0.133627117,-2.068058014,-1.00865984,2.831636429,0.629848123,1.489314318,0.724740982,-0.437405795,1.113117099,1.676301718,1.320780993,1.162355304,-0.977975965,0.451019317,1.067080617,0.478974372,-1.852574706,1.450426102,-0.445756793,-0.086673498,1.392720222,0.247034013,0.600534439,-0.00780803,1.235689282,0.214780658,0.133540437,0.035206825,0.117014349,-0.26287654,-1.057526231,0.354851127,0.627217114,0.422501773,0.34119767,-1.012319446,1.097774625,-0.425240219,-1.230071425,-1.568056703,-0.781855941,0.27584213,-0.1312114,0.208233133,1.856068015,-0.398613423,-0.560518742
0.167688772,-1.167595625,1.334355593,-1.512446404,-2.215174437,-3.503830671,-1.02041328,-0.37694636,0.995371997,3.2135427,1.911397219,-0.275984555,0.354395866,0.150861487,0.571459711,-1.574246168,-5.659955025,-0.241889209,0.935931027,-2.557660818,2.207060575,-0.544006169,-0.427384824,0.424187213,0.382205069,1.570758224,2.162394285,3.289659977,1.142855048,0.961657405,-3.933092594,-3.061890364,-1.175972462,0.53972733,-2.730324745,0.133293003,-0.954722404,-0.512265444,-0.303555906,0.475362808,-2.278749466,-0.251774311,-1.486794233,2.09807682,-0.276614785,0.35487029,2.851621866,-0.48348093,-1.253315687,-0.136617124,-0.737986267,2.154452324,1.768080711,0.754488468,-0.059221826,-1.276297569,0.008024916,-1.991431355,1.494135261,-1.631433964,-0.779816389,1.266679406,-0.499368072,0.658817947,-3.681484461,1.266535759,-2.480551958,-0.178675309,-0.097656228,-0.180621207,2.658946991,1.484881878,0.230612993,0.359381318,-0.043912545,-3.616810799,-0.056957603,0.97187078,0.564158916,0.182170913,-2.176419735,-0.86799407,-4.503786087,0.154543549,3.412321568,0.955250442,0.001388788,-0.242620289,0.190639719,-0.479704589,1.458390474,0.592338681,1.975311995,-2.944063902,0.116319351,-0.932598352,0.419381648,-1.691457272,1.621366858,0.196089491,0.617999017,2.114159584,0.657013655,0.678207457,-0.202033281,-0.141946748,1.613561273,1.486250162,1.318911672,1.376957774,-0.408447146,-2.356840611,-0.002180994,-0.557191908,-0.579469383,1.040816903,0.35201782,0.630724072,-0.245581806,-0.27077049,-2.759564638,-1.811251163,-1.393684506,1.027512193,-2.882345676,1.878027797,-0.017279297,-0.627611518