-0.029748201,-0.126068711,0.617895126,0.136885792,-0.887734115,-0.812546015,0.155976057,0.995194912,2.228350401,2.085659504,1.468902469,-1.381096244,1.047265291,-0.036098946,0.039446935,1.431053996,-3.797586203,-0.576145113,1.742922306,-1.470945597,-0.236668691,-3.492454767,-2.309004784,0.151232377,1.267271161,1.500130534,1.655424237,0.768388569,0.684447885,0.230448216,-1.531596661,-1.924502492,-1.090178728,-0.041024357,-2.429561615,-1.683157206,-0.428000659,0.179797843,1.52983427,1.018719435,-2.186449766,0.056179281,-0.967570722,-0.460814297,-1.471743226,-0.214491159,0.951873124,2.633512259,0.036733806,-1.699296355,-0.007042095,2.876663446,1.80080688,0.336430609,-1.555681825,-0.316389024,-1.325273514,-0.540185511,1.834965229,-1.106907248,-0.666122675,0.630650103,1.343660951,1.574083447,-1.547604561,1.57766974,-1.643221617,0.165685996,0.289935857,0.022910371,1.094837189,1.162156582,-0.41814664,0.488543153,-0.021232188,-0.379263222,-0.652314961,-0.774044812,-1.542096615,-0.405441225,-0.349005133,2.210476398,-2.202715397,2.013875008,1.191112518,-0.563705146,2.212304354,-1.200511813,0.647429407,-1.509630799,1.171878457,-0.564976931,0.57122153,-0.47069782,1.068987846,0.507711411,0.46189484,-0.550067723,1.434733152,-0.382741928,1.863349557,1.60595274,0.368692815,-0.752431512,0.44172287,-0.122474477,0.439487129,0.690635204,1.082296729,2.373210907,0.1986022,0.008877069,1.048707485,-0.263840646,-0.365574002,1.764776587,-0.991957903,-1.163753152,-0.766100764,-0.130144745,-1.333824754,0.192674994,1.039442897,-1.184845686,-0.956396401,-0.475956947,-0.38202107,-0.213032186
-0.607210875,0.134065449,1.333791137,-0.850319386,-1.284777641,1.491927266,-0.981116056,-0.263905317,-0.020459533,-0.875432849,0.871159375,-1.922978997,0.493957609,0.339047641,-0.310763478,-0.020986378,-0.999467313,0.385423094,-1.547754765,-0.431064129,1.73041904,-0.599322796,0.302428663,0.610206544,0.291186035,0.584356785,-1.749256372,0.440029085,-0.578141332,0.109109074,0.896711588,0.408922553,0.758485377,0.674123704,0.271620691,0.023910806,-0.583269477,-1.027523279,-0.442796826,0.445075721,0.493691921,1.120873451,1.150470972,0.39247793,1.724167705,0.294268966,0.559373617,0.429624498,0.504513919,-0.914102674,1.370157242,1.192625642,-0.017492011,-1.249139071,1.44713223,0.698616862,0.422839016,-0.724449217,0.749116778,-0.815750122,1.266640425,-0.626915872,0.862217784,-0.399950475,-0.016561024,1.044378757,-0.100089893,0.167959496,0.227408364,-0.506669402,-0.025347829,-0.218180686,-0.208769664,-0.141957551,0.442412168,-0.787650526,-0.119972914,0.99887985,-0.423749357,-1.804803133,1.861929417,-0.182588056,-0.892096817,-0.904601455,0.969904363,0.859540224,0.310529649,-0.381614268,-0.867598653,0.715610683,0.393116653,1.764490247,1.026957273,-0.181563735,0.371387392,1.391815186,0.363455057,-1.361827612,0.346113801,-0.592459023,-1.361840725,1.039709687,0.134649456,1.197703719,0.964428544,1.698131919,-0.047259361,-1.822290897,-0.622878015,-0.662266791,0.334805906,0.078402728,-1.103412986,1.023865104,-0.391254008,1.917812347,0.553598881,0.497752339,0.674440384,-0.024600282,0.451380849,0.930773735,-0.522647679,-0.855623662,1.283430934,1.149920464,1.414996862,-0.086468697
-0.689103186,-0.42797178,0.213488862,0.147295952,-0.498677433,-0.813919902,0.088481538,0.254235923,0.159450427,-0.282699555,0.786382318,-0.005128307,0.276253462,-0.435783297,-2.058844328,-0.958801746,-1.718369365,0.626270771,-0.551254034,-0.229106367,1.372824073,-0.117666848,-0.095264122,-0.110248834,0.302297533,0.458336145,-0.164383486,-0.080357753,1.398904443,-0.202101201,-0.728854418,0.935611129,-0.427613646,1.401637435,0.18049027,0.509422541,-0.29939878,0.929614007,-0.388960242,0.431196809,0.292332411,0.24684,0.201640353,-0.075798899,0.606544435,-0.079679757,0.480882525,-0.237354755,-0.578569412,0.546808124,0.867643058,0.342715442,0.658839464,0.072236061,0.484868646,-0.064979792,-0.760202229,0.129030153,0.01411289,-0.247433454,0.420124829,0.158475533,-0.024129868,-0.04253304,0.081902571,0.316732109,0.332369208,1.083706379,-0.608261645,-0.173971191,1.872665286,0.403994352,0.31035471,0.745429754,0.568805575,-1.114377499,1.506215692,0.911445737,0.252882719,-0.470557868,1.202321529,-0.944523811,-0.652033508,0.39979136,-0.52160871,0.516674519,0.436807275,0.252278626,-1.118921757,0.837840974,-0.519317508,0.15621911,-1.390699148,-0.032791894,0.588970184,0.367407441,0.772628307,-0.558318734,0.471931219,0.103756502,0.418938935,1.186342239,-0.11019095,0.132618904,0.522838414,0.295608759,0.339122385,0.091642007,0.085668474,-0.616780877,0.007658482,0.123453349,-0.55738914,0.904617667,-1.330267191,-0.342860579,-0.180104941,0.896458447,-0.613706291,1.408062816,-0.12975356,-0.781416118,0.593585432,-0.592655003,-0.417340457,1.144752502,0.429578483,0.202967286
-0.622088253,0.377275765,-0.002945513,-0.069511399,-1.255738974,0.921317458,-0.006405391,1.934609413,1.409195185,-0.09071096,-0.927425027,-1.925424695,-0.622054338,-0.503590822,-0.786598086,0.911010146,-2.670598745,1.405715942,-0.217115253,-0.998359621,1.386318803,-0.49404034,1.113957167,0.012740795,0.847914398,0.388302088,-0.316205323,1.399984837,-0.40507406,-0.484797984,0.08364965,0.208272919,-1.125329852,-0.319626689,-0.413812101,-0.385365158,-0.218421191,0.768623114,0.11049892,-0.248274833,-0.175876036,0.171356171,0.725855827,-0.557852387,1.020110488,0.360750467,0.271827608,1.018766046,0.564641178,-1.288987994,0.17930156,1.408858418,0.450964212,-0.814937055,-0.066652112,-0.04383944,-0.551291168,-0.081240766,-0.063065976,-0.928575516,0.248379573,-0.178359583,0.41571182,0.072528481,0.069468118,0.76388216,0.496654928,0.629959047,0.634980857,0.697316527,-0.594979823,0.910231352,0.398314178,-1.091348529,0.254905939,-0.666446447,0.587310076,-0.679619074,-1.295933723,-1.177580357,0.330765426,-0.132428244,-2.571974516,-0.666333795,2.267297268,0.843383014,1.126562119,1.049717665,-0.981822491,-0.764391959,0.338110387,-0.197660297,1.242456913,0.33248502,1.607311606,-0.457785487,-1.370381832,0.146387428,0.358143449,-0.402036846,0.467310548,-0.286898553,-0.306559056,-0.021431237,0.937260985,2.986255646,-0.232999533,-0.729629457,0.392068744,0.764180481,-0.002475798,0.379838228,0.447827429,-0.793717802,0.163740605,1.310198784,0.520051003,0.466229171,-0.215005636,0.509494543,-0.313339084,-0.561792433,0.591655612,0.296858847,-0.406119525,-0.09327095,-0.415094197,0.160727009
-0.407623976,1.006838799,0.147550508,-2.181717157,-0.632528424,0.392024219,-0.212070435,0.179866135,0.25062871,-1.393155098,0.825463891,-0.239810452,0.49054116,-1.44465971,-2.377145767,-0.045219123,-0.15860422,0.610956967,0.452739596,-0.023287505,-0.723307908,0.82597816,0.28819266,0.602411628,-0.047861688,-1.186484575,-0.347000211,-2.160796165,2.212529659,-0.192216665,0.562193513,0.123343617,-1.709917903,1.585552096,-1.123868465,1.337082505,-1.054515123,1.263829708,-0.244380087,0.59593147,0.932778001,-0.72356379,2.357379436,-2.020883083,2.163451672,-0.799653411,-1.280705452,-0.364284515,2.326663494,1.196953773,0.780256391,0.161117882,0.39460218,0.780341923,0.643648744,1.831899881,-0.86239773,1.21045959,-1.721274495,1.20089972,-0.93157351,0.397844613,0.957138062,-0.402792841,-0.984437346,-0.648333669,1.468560338,-0.961346984,-2.978413105,1.817390323,0.062968612,-1.235766172,-0.563904047,-0.457175106,-0.271441907,-1.163205862,2.509754896,0.623026013,-0.899409413,-0.314321458,1.856092453,-0.259171963,0.452636778,-0.454836994,-0.577101827,-1.67808795,0.494090617,2.174134731,0.341613144,0.620942652,-2.948483229,0.406864345,-0.830862582,1.872376204,0.233179301,2.305745363,0.377574205,-1.138329744,0.547434926,0.38464725,0.427649736,0.365834475,0.507009327,0.67502135,-0.60554862,-0.335801005,-0.295284152,-1.05035913,-0.976496756,-0.937952042,-0.443535089,-0.637151659,-0.191612214,3.00834465,-1.734553695,-0.865750432,0.596180975,2.039840221,-0.125011325,2.858589888,-1.301689625,1.109163284,-0.061919928,-0.629885554,0.024170833,-0.225407869,0.908892334,0.064497009
-1.712587953,-1.126493216,2.413244963,-1.095219731,-0.711124957,-1.571655989,0.8181777,1.86507225,1.622724056,3.024382591,1.120612383,0.723503232,0.423386246,-0.25687325,0.016247496,-1.405985832,-1.601830721,-1.250289679,-0.150807649,-1.62836659,1.841082335,-1.802886724,-1.347893357,0.164828405,0.085244514,-0.407685369,1.200612664,1.278888106,0.968063354,0.6755054,-4.779163837,-0.563183606,0.369607806,0.665189207,-1.82652998,-0.558521628,-0.69184351,-0.654783547,-0.571269095,-0.343185604,-1.669036508,1.712473154,-2.339608431,2.428743839,-1.153727055,-1.202437043,0.930396974,-0.219524831,-0.026454195,0.456551045,0.486442506,2.259018898,1.964633465,0.831883311,-0.673301578,-0.961390674,-1.944272995,1.455431819,1.720728278,-1.225559354,1.009007931,0.212092936,0.657405674,1.034625292,-1.855143785,0.920698643,-1.819599628,0.401847661,-0.929808438,-1.299161077,0.008754909,1.792361736,0.302066743,2.536887169,-1.134192586,-0.869711578,-2.078428745,0.678904355,-0.863396704,1.394734383,0.294305682,0.406194657,-2.848316908,-0.678553939,0.686873436,1.147148132,2.314537764,-0.618846416,1.297569275,1.818152189,1.589966655,-0.316053927,-0.127938226,-2.129030704,1.645007253,1.431605101,1.012484431,-0.670387208,0.647778988,0.754864454,0.950329185,2.721775293,0.785339177,-1.150665045,0.054533541,-0.175905153,-0.386041492,-0.300555944,0.319012761,-0.136957198,-1.557172775,-1.317183256,0.101813853,-2.107823133,0.233979851,1.308192492,-1.596832871,1.55493629,-2.731690168,-0.787749529,-3.630921841,-0.424968302,-0.634263456,-0.59131366,-2.444858789,0.177102536,0.483340919,-1.172720075
-0.040157154,0.738995254,0.226754427,-0.741086602,-1.039969921,0.67100364,-0.156529844,-0.304116756,0.388661146,0.879024625,1.686695218,0.261823416,-0.793359339,1.170393348,-3.166493177,-0.530454516,-2.189705849,0.801749647,-0.657216251,-0.573542774,0.931485534,-2.481550455,-0.844060302,0.562424839,1.071183681,0.293452531,1.065817237,-1.698615909,0.421752214,0.266784519,-0.205614567,0.278499156,-0.737285018,0.463936865,-1.588499308,0.856083512,0.121172413,-0.145608395,1.589638233,1.076663733,-0.300392538,0.926485121,-0.075886801,-1.270789981,0.431984961,-0.504161358,0.152272642,0.816622853,-0.717993259,-0.722446084,0.857018292,1.884409308,0.350046158,1.177767277,-0.697603106,0.098138109,-1.747815371,0.323833793,0.125314608,-1.059007883,0.68626231,-0.180280998,1.641974449,1.040064692,0.685462058,0.158572763,0.11496605,0.176294252,-1.052886367,-0.41313535,1.132688999,0.004194036,0.08945924,1.31264472,-0.533674955,0.665759623,-0.099395961,0.61572504,-0.118080676,-0.906815588,0.738963485,0.721920848,0.318345487,0.302329123,0.631327569,0.847700357,-0.018791094,-1.217144251,-1.927596331,1.676208496,0.685719371,0.072900005,0.244588003,0.785298944,-0.132509977,0.707263112,-0.187871784,-1.899337053,1.061303377,-0.583228171,-0.083036706,0.922834575,-0.43655026,-1.185470104,1.146854401,-0.562766552,-0.743499875,-0.059223935,1.604070067,0.380557835,0.067366779,0.342438877,-0.701244116,-0.87590462,-1.535836935,-0.90819037,-0.806486905,-0.987822831,-1.470481992,2.07716465,-1.798745036,-0.384647787,0.026844338,-0.365317404,-0.167532742,-0.76170063,-1.217674494,0.98729372
-1.946548939,0.441489995,0.440197647,-2.200607061,-0.847809851,1.322956443,-0.65706259,0.516458511,0.867265522,0.882465124,0.808789968,0.143120453,0.894625843,-0.351271987,-2.081693411,0.284012526,-2.383375883,1.629247665,-0.619403243,0.636175394,-0.823616266,-1.293527722,-0.035221174,0.836853504,0.974487424,1.850382566,-0.011081418,-0.364636421,-0.272490561,-0.824207664,-0.547003984,-0.282205462,-0.62998724,0.800001025,-1.568289518,0.870448112,0.71878612,-1.327648163,1.662270427,-1.397106647,-0.630778909,-0.07542187,-0.198446751,-1.640276194,0.221880257,-0.363588601,-0.526363432,1.334459543,-0.722544134,0.257021964,0.781808317,0.303607404,-0.528514683,-2.145502329,-2.237364054,1.992168427,-1.352699637,1.195471525,1.864851475,-0.945448577,1.871509075,1.823661208,1.994703054,0.888629317,-0.286303431,0.144909307,-0.772154629,0.738496244,-0.701051116,0.754478276,0.25517115,1.800088167,-0.17990005,-0.557639897,-0.742714763,1.636867046,0.561303675,1.485376954,-0.607622206,-1.27492404,0.946021199,1.574092746,-1.327791691,0.589358926,0.542043924,-1.397367954,2.862829685,2.418514252,-0.69263953,-0.367414951,-1.80013907,-2.084569931,-0.777409256,-1.079856038,1.881114483,1.171858311,0.71736747,-2.464740753,-0.204968587,0.652348936,0.184688196,0.455926001,0.047171317,-1.889678955,1.530484915,2.493211985,-0.65392673,0.537811041,1.862541199,0.621781409,-0.606405675,-0.6172598,-1.329535365,-0.172660381,0.273798764,-0.293324679,-1.384136319,0.454198986,1.470076799,0.580223441,-1.56330955,0.463371158,0.835160553,-1.392675161,0.44495666,-0.942127168,-1.144034386,0.501676619
-0.553084731,2.659082413,0.618071437,-1.445710182,-3.142012119,1.781826019,-3.20236063,-0.543362975,1.319770932,0.747290611,1.122462988,-0.790205061,-0.620767534,0.750766575,-0.345616877,-0.753322959,-4.025607586,0.379407048,-0.54056561,-1.660388231,2.606822252,-2.63392663,-1.113601446,0.696434677,0.871908844,0.686080217,0.740236223,1.488878727,2.010216475,-0.232518345,-0.607014537,-1.921578169,-0.39027667,0.115641683,-3.642624378,1.042289734,-0.211331725,-0.612830222,0.993804455,0.717493892,-0.401934713,-1.957257271,1.827045918,-0.412684441,1.566272974,1.418528199,1.857190847,1.630899072,2.165187359,-1.284830928,0.873053849,2.968744755,0.300960779,-2.193923235,0.409652352,1.062009573,-0.736735344,-0.28253758,-0.008319706,-1.400448084,1.084907532,-0.968030632,1.128655195,2.390014648,-1.76235652,0.12307509,-0.127175406,1.088539124,-0.019725731,-0.039088801,0.389101416,0.597300291,-0.50037992,-0.201030821,0.853808999,-0.424134165,-1.478715658,2.423041105,-0.957610846,-0.483425558,-0.377905101,0.356660515,-3.619870663,0.140592963,3.136370659,2.017479181,0.904226959,1.2545439,-0.97232312,-0.931809247,1.560052395,1.877675533,2.774953842,-2.679089785,1.077368021,0.865006447,-0.399469972,-1.928904057,0.202966824,-1.334917545,0.0894088,0.032801971,-1.596278191,0.948272109,0.717623711,1.670657635,-0.730268359,0.110011384,1.04527247,0.95457983,-0.123014346,-1.681496739,-1.729551911,1.13801825,0.519184828,0.723907113,-0.224352047,0.304234058,-0.264554501,0.48782438,-0.566589415,-1.066690922,0.181938693,1.388048768,0.625093818,0.206449568,0.433524072,0.344243556
-1.085775733,-0.864965737,0.412641853,-1.609433532,-1.163225889,-2.913962841,-0.628259659,1.873775601,1.830425978,0.182999283,-1.373826385,-1.376808286,0.22194393,-0.686076641,-1.18266058,-1.049606204,-2.124147892,0.961683214,-1.637599468,-1.148946524,2.632486105,1.372292399,1.200479746,-0.058128316,-0.01433038,0.92740494,0.632585049,2.779841661,0.938223004,1.018778086,-2.592400551,0.152082101,0.420058906,1.062260628,-0.525035322,0.876515388,-0.213114947,-0.151765287,-1.052622795,-2.11435914,0.21444796,0.418183774,0.612738848,1.045192242,1.037505865,0.659708261,0.648264349,-1.828575969,-1.376069546,-0.480935574,-0.707001925,-0.077704161,1.791721582,-0.848882437,1.783334732,-2.08427763,0.738186359,-0.552942216,-0.051847965,0.179011568,0.187728658,0.897048533,-0.267334431,-0.813885391,-1.471724868,1.232026696,-2.189631701,0.793109715,-0.42515555,-0.761482954,1.862133384,0.970488012,0.840286314,-1.003486156,1.671226859,-1.631901503,1.414544821,0.519022107,-0.581134558,-0.968029678,-0.467288703,-0.39401418,-2.296821356,-1.308424354,1.983056664,0.43332237,0.971759617,1.4522264,-2.510795355,0.000536138,-0.787997723,0.529709101,0.472477257,-0.327715367,0.868993402,-0.945322633,-0.464581668,-0.301618278,0.064725712,0.455049574,-0.386340916,0.192678511,0.625168264,1.346962214,1.235338807,2.368834734,0.720791698,-0.644122422,0.093091995,-1.219619274,-0.312791616,-1.956239581,-0.472198039,0.141851261,-0.132328689,-0.298974991,0.297527194,0.063003704,1.106150746,0.061347514,-1.140748262,-1.262413383,-0.636582434,0.933030069,-1.442803741,2.053966045,0.822930753,-1.849622965
-0.991625547,-1.910648346,0.811851025,-2.439256668,-2.228392601,-1.040077448,-1.081418395,1.282646179,2.347960711,-0.827795446,-0.063094914,-0.210756481,-0.902993739,0.101108387,-1.743150234,-0.08021155,-3.633984566,1.541690111,-1.879699469,-0.229838267,2.181445122,0.381816834,0.177235588,0.622602403,1.213701606,0.208886489,1.059418797,1.10783422,1.252455354,0.218319386,-1.51874733,0.126105204,1.39547348,1.08149755,-1.228722453,-0.146537811,0.432032496,0.16962558,-0.44511354,-1.651728153,-0.209389001,0.414187431,0.517905295,0.226753265,0.709199011,1.19637382,0.125162542,-1.618379235,-1.152906656,0.32001096,0.602392852,1.81198287,-0.333355069,-0.362641692,0.983387291,-2.908573151,-0.036346696,1.19301486,-1.071662426,-0.589101553,0.546360254,-0.37669915,0.983854353,1.025811672,-1.763539791,0.517516017,-0.399836242,1.857604742,-0.374144912,-0.237574548,1.961621404,2.049602509,1.99950695,0.635323763,0.964783788,-1.020157337,0.580309689,0.264211357,-0.289916843,0.747082055,-0.387657553,-0.233039722,-1.206092119,-2.257167339,1.732845187,1.149537086,1.834282041,0.127402127,-2.428563356,0.4112629,-0.065234326,1.030235529,0.501027584,-1.025692701,0.851299286,0.052444279,0.412611693,-0.751933396,0.59880811,-0.187885925,-0.358656526,0.890495777,0.428142726,0.339865386,0.356021881,1.246719003,-1.601446629,-0.598402023,0.233210564,-0.083497003,-0.794127643,-1.947081327,0.376883924,-0.236207187,-0.556884646,1.287921071,-1.279255271,2.228075027,0.236242682,0.71575129,-1.20623374,-1.481205702,0.466152549,0.496415913,-0.993893445,1.352449059,-0.230942309,-0.088092953
-0.099865586,-0.830327094,1.763067842,-1.391875029,-1.589479923,-0.276455998,0.87567693,-0.13455978,2.699046373,0.610714614,1.803470969,-2.688069582,0.213174909,-0.157708019,-0.384562671,0.781882286,-3.35018754,-1.477921724,-0.141053259,-0.561680973,0.913500547,-2.582647324,-2.426590919,1.495090842,1.050636411,0.041751891,1.177555442,0.865616381,0.403396666,-0.405005962,-2.580487013,-0.070761904,-0.561547995,0.781474054,-2.130531073,-0.178325891,-1.129119873,-0.783689559,0.840483189,1.185045242,-2.630339384,-0.234484673,1.708642244,1.053107262,-1.248372674,1.71728456,0.975948989,1.46769464,1.010889173,-3.071760654,0.20312497,3.84143281,2.283498287,0.345189095,-2.272716999,-0.391368449,0.139834374,1.173501968,-0.180680066,-1.139754057,-0.003194645,-0.023538485,0.256783754,2.842634201,-1.761529326,1.587190986,-0.806744516,1.025810003,-0.171907321,-0.716251612,0.686909199,2.350507021,0.123318896,0.410952091,-0.404477805,-2.452107668,-1.546302438,0.88447845,-0.198284984,1.9175179,-1.141470909,0.056812406,-3.0936625,0.394958496,2.56223917,0.50453943,1.898880124,-1.326890111,0.594521642,-0.556391418,0.346412599,-0.014422871,0.289274991,-1.491108656,1.01505971,2.860995531,2.129559994,-1.136171699,2.32420826,1.468679428,-0.141227484,1.865021825,0.628898978,0.005230546,-1.611837983,-0.13804011,-0.169714868,1.572780252,1.248222828,0.198655993,-0.268736303,-1.071680069,0.98050189,1.385578752,0.374253273,2.92945981,0.424854457,0.838213086,-0.012228087,1.435687304,-1.870861888,-0.037914693,-0.398383617,-0.552384496,-2.298999548,-2.447472572,0.658728004,1.125518918
-0.691155434,-0.894877732,-0.052697659,-0.33346954,-1.049768925,1.036311269,-1.460002422,0.378765851,1.063774943,-1.034832478,0.070422202,-0.768238604,-0.009806931,-0.697574079,-2.043203592,0.382861227,-1.665697336,0.078630924,-1.256333113,-0.18382673,0.476370335,-1.675751805,-0.161551625,0.359024674,0.911807418,1.250960827,0.559550166,0.258126289,-0.007104389,0.429433018,0.460666567,0.646625638,-0.818418741,0.513784409,-1.479093075,0.198203802,-0.692702413,0.332197547,-0.288501799,-0.970360219,0.929028511,-0.243657798,1.094564199,0.442549676,1.74063623,0.132154271,-0.572244167,0.623148799,-0.111547545,-0.854818821,0.412606895,0.742050767,-0.089980707,-2.16200757,-0.034607269,-0.131493762,0.674911022,0.398483723,0.895169973,-0.882792354,1.00417912,0.39939034,1.62479341,0.558978617,-0.895659685,0.255043268,0.218486413,-1.142128825,-0.267359823,0.847584784,-0.084236503,0.574167252,-0.339998633,0.339215696,0.422268927,-0.678291261,-0.494096637,1.043075442,-1.704908609,-0.601945519,1.038811326,-1.061919093,-1.123387694,-0.448101789,0.328494906,-0.360288024,1.234726191,0.636532605,-0.673907161,0.785526216,-1.200120091,0.054252096,0.156594083,-0.302028596,1.486808658,1.834115863,1.083898664,-1.11743021,0.775755465,-0.009028867,0.583715677,0.17317462,0.305946201,0.733615279,0.937505484,1.785200596,-0.241803467,0.100674227,0.253767192,-1.48190558,0.597433686,0.845934153,0.66989255,0.755310178,-0.536426663,0.737547159,0.27172637,0.995570183,0.355514258,0.412030101,0.450228751,-0.79390496,0.948567212,-1.347386479,0.470010847,1.570386171,0.244064718,-0.049744565
-0.548389018,0.620290697,-0.304073304,-0.340331614,-0.621238172,0.775325656,-0.229311138,1.16410327,0.778544247,-0.511390924,-0.794959545,-2.669364214,0.65335238,-1.189597249,-0.934287727,0.231063098,-0.835436404,0.592999518,-0.088458173,-1.080929041,0.532724977,-0.501992822,0.040349692,0.786685467,0.799469709,0.054387327,1.07434988,0.265697211,0.2584548,0.480615377,1.105558634,0.319882661,-0.377402902,0.331191868,-1.969286323,0.149421364,0.013493031,1.169639826,-0.275753111,-0.64907378,0.95740962,0.339827359,2.292520523,0.073556945,0.588984787,0.017594129,-0.464323193,0.181929097,0.538327098,-0.336500049,-0.108530633,0.740601659,-0.523739994,-0.834544957,0.811785936,-0.682123005,-0.036875479,-1.06410706,-0.019289151,-0.12463057,0.993690193,0.209540769,1.649299264,0.937501848,-0.920178831,0.003465332,1.27806592,0.071622416,0.025767172,0.321784854,0.44851616,0.005073503,-0.358425647,-0.005736604,0.262829959,0.016863376,1.588296413,-0.416329384,-1.432193995,-0.557604313,1.124224424,0.605807543,-0.799451768,-0.792059422,1.344385743,0.26685968,1.10257411,1.435023427,-2.401928425,-0.629588246,-1.336833715,-0.977979243,0.443690121,-0.206158936,1.007017732,1.509143591,0.549487352,-0.078862697,-0.64372164,0.169623658,0.254481971,-1.065104842,-0.232279301,-0.43459025,1.081890106,2.382996321,-0.195970133,-0.766708612,1.887682915,-0.636698961,-0.226813391,0.006699711,-0.908329248,0.375417769,-0.508745015,0.219042629,-1.677374721,0.151082829,0.266174436,0.869292498,-0.818521023,-1.64791441,1.540380955,-0.213556856,1.855600357,1.246863246,0.421384335,1.081570745
-0.056665629,2.197558403,-0.615990162,-1.640546918,-0.290249348,-0.344007432,0.253394037,1.689956546,-0.030671284,0.724357188,1.003801465,-1.460781455,0.06825456,-0.689533472,-0.933036447,-0.511933684,-1.522040963,0.947570622,-0.427308917,-0.311518669,0.415955544,0.503483057,0.385401517,-0.102510139,0.323483169,1.086057544,0.745905459,0.637606621,-0.011222728,-0.010515898,0.798145235,1.500136375,-0.88551873,-0.451357841,-1.930631995,2.100505114,0.65402472,0.925122619,0.28603062,-1.021394134,-0.223474711,-0.981851816,0.153131992,-0.760807037,0.638475001,0.362340569,-1.303804874,0.776635349,1.109976053,-0.464118004,-1.095992565,1.309685946,-1.700084925,-0.31811589,-0.859254599,0.194805935,-1.74307394,-0.18404679,-1.05200243,0.227299899,-0.078426525,0.19876565,1.058917522,0.781428456,-0.839234829,-0.209175259,0.121054694,-0.46930787,-1.065020084,1.025035977,0.862149835,0.476901174,-0.172357678,-1.836034536,0.603352785,-0.786652565,1.98726964,0.26067552,0.034125481,-2.179261684,2.131564617,1.653595686,-0.900808275,-0.331320018,0.629858434,0.479413241,0.184840426,1.885533333,0.278044075,-0.508965313,-0.405312657,-1.055080056,0.746005476,0.668599367,0.858706117,-1.268525124,-0.521623373,-2.097146273,-0.556890965,0.601289988,-0.026928276,-2.510121822,-0.068038084,-1.378590941,0.950109482,1.311470747,-0.451551795,-2.016736507,1.639741063,1.33429265,-0.279557854,0.155846745,-2.24462986,0.080810815,-1.67310679,-1.56878078,-0.128120542,-0.212567359,-0.399945557,0.823325396,-2.239527941,0.192170009,1.809740663,0.580437124,-0.402663499,-0.312248647,0.367670894,-0.169271067
-1.008751154,-0.356740892,1.325543284,-0.835817337,-0.591651082,0.421774924,-0.341047406,1.013752937,1.524022222,-1.28311348,-0.305045694,-1.925311923,-0.299739599,-0.234937251,-0.684389293,-0.717271805,-1.947085619,-0.12843743,-0.034048773,-0.925128222,0.591026306,-1.000148773,-0.378672332,-0.490130395,0.30540958,0.148549095,0.169242442,0.683604956,0.82360971,-0.710501671,0.032905467,-0.15331541,0.568215609,-0.112515256,-0.509391248,-0.165706545,-1.21765089,0.261650622,-0.835694492,0.108723499,0.344747126,0.358887851,1.071584702,1.117411852,0.350150913,0.005109586,-0.094906934,-1.034554362,0.395735621,-0.586416304,0.477884948,0.098846614,0.097011194,0.170241788,0.871122479,-0.999329627,0.202557772,0.919789851,-0.675568223,0.764422476,-0.127970085,-0.224371895,-0.387974471,0.573461056,0.770748556,0.348253787,1.056255341,0.095904157,-0.619213521,0.163717404,-0.08582744,0.471229136,0.270671278,-0.099741101,1.431257725,-0.961366892,0.47712341,-0.421037018,-0.563646913,-0.842595458,1.386365175,-0.598764181,-0.570193112,-0.572937012,1.16190958,0.468534082,0.42856276,-0.562442541,-0.877334654,-0.155393884,0.273112625,0.062655672,-0.070527241,-0.710567415,1.42399168,0.876159072,0.143618882,0.080429137,0.644587755,-0.479411721,0.066964433,0.405924976,0.259807974,-0.020881221,0.320362568,2.018535137,0.04134813,-0.017836094,0.351443022,-0.731728077,-0.148539841,0.021083347,0.041978441,0.581190526,0.966314673,0.981118143,0.260035634,1.132882595,0.150545388,1.553188443,-0.301838189,-1.046869278,0.667452157,0.218720421,-0.126438513,0.755122721,1.091163635,0.74151051
-1.285479069,-0.637071788,1.384419084,-1.245407343,-0.914944232,-0.13245739,1.392360091,-0.733959913,2.090012074,0.14443627,0.990097821,-1.710977435,-0.59714663,0.157864124,-0.75841105,-0.578109741,-2.881975412,-0.853605449,0.089094341,-0.882573903,1.881966829,-2.300702095,-1.565734148,2.048857212,1.38802588,-0.860693693,1.371181726,0.320533097,1.15551424,-1.561614275,-1.96216476,0.577551484,0.373911381,0.488348842,-1.787934303,-0.177675039,-0.520195842,0.12533161,1.013486028,1.442744255,-1.533670545,1.292052031,1.686223269,-0.226253271,-0.781373441,1.279921174,-0.156305611,0.2740677,0.685000241,-1.66861403,0.878823936,2.026988506,2.317477942,1.249999285,-1.295543671,-0.836062729,-0.307816625,2.315269232,-1.275961757,-0.601968825,0.441699982,0.98403585,0.451533586,2.600606203,-0.795438409,0.829786301,-0.72898972,0.767254472,0.124636181,-0.285970569,0.186208427,2.30770421,-0.550334811,0.276075184,-0.34102568,-1.454895735,-1.809562683,0.501192153,-1.05638814,1.685381055,0.340923995,0.562433243,-1.479172349,-0.684304357,3.277263165,0.733464658,2.375324488,-0.237596452,-0.259539962,0.05147342,-0.692880273,-0.302346498,0.535190821,-1.764075875,1.881605268,2.587170839,0.432244241,-1.1701051,1.415318489,1.934224844,0.123331532,1.842205286,0.732495248,-0.678117752,-0.237101257,0.63337642,-0.660989881,1.173371315,0.842494607,-1.641928673,-0.42203331,-0.810173392,0.808903098,0.425998062,-0.06887342,2.632489443,-0.407687545,1.439857244,0.107462615,3.035308123,-2.145632982,0.059374198,0.076916635,-0.71616292,-2.250573158,-1.693608165,0.849037409,1.757836699
-0.644451201,-2.626949549,0.134515151,-2.904385567,-2.753179789,-2.331954956,0.18578589,2.028081179,3.205634356,-0.945345581,-0.950411677,-1.153527141,1.393991947,0.712333202,-0.303120434,-0.334350407,-3.53648901,-0.094565064,-1.911901474,-0.578702569,1.410585165,0.289052486,0.973922908,0.153979748,0.709099054,1.585582972,1.143342614,2.052746296,0.739553154,-0.59649837,-3.831185102,-0.959825158,0.293077528,2.13455987,0.021298513,0.522011518,0.728292108,-0.75309509,-0.477260411,-1.933871508,-1.700694561,1.793243527,0.535169721,0.35339874,-1.622326255,0.950645924,1.451311827,-0.327830672,-1.860773802,-1.665698171,-0.44179222,1.615543485,0.556694448,0.789637864,0.393455178,-1.161387682,-0.33532238,-0.990314186,-0.791868567,-0.939074337,1.174485326,2.244550228,-0.663592696,1.020280004,-1.909522891,1.08016634,-1.632557154,1.165849686,-0.013123503,-0.676682055,3.630162477,1.253175497,1.791270733,-1.181500554,1.315560937,-1.317458391,0.376221061,-1.10015893,0.97575736,1.192059278,-0.330260068,0.165344089,-2.331441641,0.254747093,3.40855217,-0.637202144,1.255349159,-0.427981585,-1.964404702,1.027454615,1.461731672,-0.817057788,0.610188961,0.196758315,-0.513935983,-0.41928941,-0.079901606,-1.003288388,0.834738672,1.953047037,-0.311582565,0.493958414,-0.745759666,-0.318378299,0.109420821,-0.481822312,0.259076685,0.20212926,0.511027038,0.960006595,-0.65404731,-1.925134182,-0.03296411,0.049120929,-0.277283192,0.89252305,-0.561082304,1.654565215,0.250539601,1.350118279,-2.718930483,1.002753139,-1.244684815,0.31504333,-0.807382107,0.950596988,-1.244664192,0.311126471
0.150364682,1.599339247,-2.257227182,-2.011374235,-1.628919125,0.414161265,3.415547609,2.333986282,2.74471426,-1.983167887,-0.607709646,-2.976248503,-1.16681242,-1.418211699,-0.068686143,0.172277808,-3.483394623,-0.222017437,-1.205221176,-1.523406982,0.867343664,-1.475126505,1.813432574,1.095025182,0.278226018,0.346243769,2.615801334,2.473328829,0.2560637,-1.111514807,-1.75242126,1.91546154,0.256107241,-1.732017159,-1.56240356,0.794659853,0.368973494,1.820411205,0.962428331,-0.181970477,0.652690887,0.302375466,2.58167696,-1.644459724,-1.058795452,0.557960093,-0.351673365,-1.034285069,0.671283305,-1.783128858,-1.517227888,1.882905483,3.688607931,0.13049756,0.714722037,-1.178040743,-1.109382153,1.643703461,-1.429106474,0.332625538,-1.403626204,-1.351775885,-0.744804382,2.000607252,0.158214062,0.667862654,-1.413286567,1.440641522,0.512624621,-0.337002993,-0.140024304,0.97295779,-0.52518034,-1.969112992,0.953847647,-2.21350503,0.117473662,-1.368442893,-2.664807081,1.68716538,-1.114231944,2.431849718,-3.318759203,-1.056133032,4.139257431,1.080063462,1.019819617,0.479371905,-1.515396953,-3.239646912,-0.4646433,0.224257499,1.165909767,0.61605227,1.44336164,0.493168712,-0.389915913,0.105607808,0.43701303,2.585499763,0.070786342,-0.685420632,-0.483761489,-0.190958798,0.987374783,1.32826829,-2.202755451,0.009815976,2.323779106,-1.024209142,0.566400409,-0.295850039,-1.066729784,-1.10922575,0.177762628,-0.762728214,1.864547372,0.11796914,1.359044194,2.597975016,-1.459831715,0.047159433,0.499726593,0.797021091,-2.498055458,-2.283013821,0.648523211,1.285104513
-0.780435145,-1.677453041,1.424497962,-1.062698126,-1.257060289,-2.469869375,0.499827802,1.451206446,2.539085627,0.223610252,-0.277891964,-0.278375715,-0.554817259,0.43256253,-0.766255498,-0.464987069,-2.107249498,-0.252836168,-1.47510767,-1.165063739,1.224492431,-1.354272008,-0.127272531,-1.196305871,0.039261587,1.069874525,1.844172239,1.806481481,0.558032513,0.778162479,-3.746632099,0.70438242,0.349288464,1.090983748,-1.089259505,0.802755237,-0.246016473,-0.784795344,0.621180117,-1.730285168,-0.915318012,2.290851355,-1.614208698,0.441974163,-1.718243122,1.398782969,-0.090793692,-2.119375706,-2.712902069,0.16090107,-0.816365421,0.933137774,-0.236418083,0.879278779,-1.277461767,-2.143629789,0.096101977,0.803177655,-0.112626761,-0.722228229,1.26894927,3.363118649,-0.675652802,1.002995968,-1.211393237,1.610000253,-1.367243171,0.69431448,0.014435375,-0.484712303,2.340227604,2.93620348,0.779160976,-0.472359598,-0.035534501,-0.267496914,-0.838369012,0.630293965,0.123144798,-0.082010403,0.482299179,-0.475722015,-0.498749435,0.13277483,2.495740891,0.091548055,1.793961644,-0.654649079,-1.90475297,1.213355064,-0.222630292,-1.232330084,-0.231037691,-1.183809042,1.505753517,-1.546952009,0.948164582,-0.646490097,0.451713383,0.998541594,-0.687718451,0.113857441,1.516781211,-1.377720118,1.156739831,1.54820025,-0.167329699,0.087868467,0.647810578,-0.417155445,-0.706362486,-2.17708993,-0.238195747,-0.662792146,-0.231320441,0.452630579,-1.799703598,0.826740086,-0.016812086,0.697283268,-3.760914326,-0.61154753,-2.262964249,0.863817751,-1.171523333,0.023709871,0.234049559,0.360063791
-0.764085352,-0.180266649,0.328679562,-0.925415158,-0.257960081,-0.599292934,-1.157597423,0.04448247,0.57306242,-1.182922482,0.983070135,-1.571624041,-0.232359588,0.381107807,-1.918128729,-1.191339016,-2.142597437,1.266330004,-0.479959458,-0.220789075,1.561514616,0.122650802,0.414343148,-0.143283263,0.864779055,0.632025778,0.125841275,0.642826796,0.526181579,0.228259206,0.204763293,-0.185171694,-0.370420963,1.628213048,-0.528464139,0.333315432,-0.746378541,-0.044076592,-0.230232894,0.172319025,0.221789211,-0.057287354,0.657074034,0.548942327,0.797161877,-0.015407749,-0.221229509,-0.629594862,-0.009028941,-0.0949485,0.492691398,0.897943974,-0.416412115,-1.371677637,0.414534867,-0.007736042,0.088826738,-0.804735839,0.266903222,-0.098373741,0.856629074,0.095745787,0.74543786,-0.715306461,-0.218650728,0.365130663,-0.233883038,0.019631073,0.225197732,-0.578735709,1.124398589,0.530754626,-0.435929447,-0.239700302,1.218327522,-0.85131377,0.650325298,0.470599771,0.053837176,-1.650194168,1.683609605,-0.534265816,-0.505239427,-0.637725711,0.612121224,1.129387736,0.407631904,-0.407856345,-1.218590617,1.556254864,0.275870413,1.313506007,0.582969129,-0.336448401,0.066698514,0.815616608,-0.333239019,-1.407421231,1.07136631,-0.502028942,-1.168143868,0.640664816,-0.34703362,0.476728022,0.415149033,1.483861327,1.019909024,-1.6109519,0.458963156,-0.042250142,-0.431854486,-0.407495677,-0.680789471,0.28320688,-0.913291812,0.541264713,0.401276886,0.645403206,-0.54039979,1.762618899,-0.520964086,-0.836271346,0.695500672,-0.066975728,-0.012430033,1.498535991,0.74938786,0.124620199
-0.447930753,0.903701484,0.001894683,1.071842432,-2.467445135,1.670401096,-1.247887611,0.926269293,2.06122303,0.561802924,0.987234712,-2.516658783,-1.26453805,-1.25706327,1.138455391,0.786350489,-0.914889634,1.00715661,-0.548895717,-1.318740606,0.044926167,-2.676989794,-1.130745173,0.85762924,-0.296655715,1.509938121,0.569774866,0.544462442,0.09420801,-0.157492608,-0.040121563,-0.905151486,-0.108131468,-1.066515446,-2.31573844,0.820178986,-1.834898233,-0.69364512,1.15060854,-2.162653923,-0.764138222,-1.037971735,1.521084309,0.728967667,0.64946872,0.085436933,-0.264377356,1.01648891,0.220979154,-0.877499819,-0.079375714,2.024506092,-0.43798852,-0.871600807,-1.880066872,0.26423496,-0.285198599,0.445457339,0.716669083,-0.670847118,1.339648724,0.406764865,0.537992358,1.077923536,-1.111803412,-0.027969323,-1.11634624,1.151442289,0.126948148,-0.232867122,-2.848028898,0.877993047,-0.490405262,0.658796191,0.74463284,0.871404469,-0.587584376,0.751159251,-0.995668054,-0.256842971,1.70566988,0.07790795,-2.421285868,0.38767314,2.41147089,1.175974011,1.233848691,-0.24023357,-0.430634677,1.074545979,0.933695316,-0.759227514,0.390472591,-1.588946342,1.621553183,1.016939759,1.473633528,-0.606239557,-1.257375956,0.416146755,0.069853172,-1.027219534,-1.455190301,0.339734167,2.759992838,3.22519207,-0.949831605,-0.994662762,2.975395203,0.397158086,-0.594766974,0.068939537,-1.163483262,-0.126333475,0.760062695,1.502723455,-0.004910961,0.325889677,0.400761396,-1.063258648,-1.243637681,1.9637779,0.682713211,-1.014980793,1.25227344,0.459610939,1.816123724,-0.846499383
0.616169333,2.648030758,-1.948270679,-3.322071552,-0.551397622,1.650854468,0.720779955,1.532262921,1.674805284,0.089791186,0.810803175,-2.982251883,-1.160745859,-1.02293241,-0.752823591,-0.562416196,-2.589223385,0.554411888,-2.072583675,-1.227157354,2.87460494,-0.068252698,1.318297982,2.065448523,0.895245135,0.855383456,1.488802433,2.041487217,-0.198628306,-1.518234491,-0.303919911,0.348002493,-0.198885649,-0.943216443,-2.371330738,-0.208445877,0.896759152,1.076206923,-0.733780622,0.699679673,1.112644672,-1.236234426,1.784101009,-0.995638967,0.878402352,-0.0500983,0.432761252,0.180970386,1.638837814,-1.823095202,-0.759173334,1.684203982,1.437179565,-0.591088176,1.582113504,-0.349178135,-2.434510469,-1.474019885,-0.826349258,-0.25996691,0.633294582,-3.185387135,1.212019444,1.173607707,1.072009087,-0.202019006,-0.6076141,2.58148694,0.98858124,-1.713596702,-0.063510984,0.440666646,-0.701259315,-3.33364749,0.757723093,-1.472893476,-0.080732703,-0.757647872,-1.820016742,-1.315021753,-0.666661143,1.777855992,-2.931405306,-0.9998914,1.329183221,1.572009563,-0.259143472,1.788585901,-1.286686301,-3.242973566,0.347429931,-0.10352663,1.69523108,-0.737134695,0.755204141,-0.121054351,-0.768490374,0.166906267,-0.460751057,2.152969122,0.154769197,0.106856093,-0.487863541,-0.507095695,1.719979405,2.581676006,-2.443560123,-1.436009169,2.25489521,0.294393599,-0.067979664,-1.441812515,-1.62624383,-2.09426403,0.205139935,0.137660176,0.261372328,-0.866590381,0.759467125,1.560551167,-0.286788046,-0.579301119,2.011083603,2.495638847,-2.109769344,-1.434413671,-0.214581057,-0.479795516
-2.21471405,0.497242063,-0.378631324,-2.175061703,0.464325488,-1.922950387,-1.525750279,1.525446653,0.537941396,-0.293762237,-0.746257842,-0.649433255,-1.512518644,-0.844054163,-1.03642416,-3.276088476,-1.417136669,2.268680096,-0.741986513,0.926114619,2.160043478,2.730521441,1.630481124,-0.321036339,1.827777267,-0.045924548,2.191178799,1.527807832,0.868795693,-0.94900763,-1.599700451,0.713275075,-0.148515821,0.147513092,-0.871711791,1.695718527,0.401665807,0.007060081,-1.11567378,-2.263012886,0.348561943,0.528592408,-1.35579443,1.245720863,0.398194611,0.821019411,-1.146992207,-1.463524699,-1.134916544,2.053666353,-0.020948179,0.390694886,-0.719882846,-1.20845294,0.330225438,-1.698920965,-0.21360442,-0.146520093,0.143617421,0.272100747,0.958300292,0.731063187,0.391656458,-1.571403384,-0.371911317,0.216663957,0.503949344,-0.038334116,-0.089740507,-0.291026831,1.401286125,0.988662183,-0.431618214,-0.477268815,1.271049738,-0.744390726,2.29340601,0.291453838,-0.424659461,-1.709596395,0.777296662,-0.832756042,-0.899642408,-1.361773849,0.082531959,0.635269701,-0.405793905,1.858617187,-2.675555944,0.307672083,-0.903513789,0.292569578,0.273963124,-2.508137703,1.835846543,-3.267771959,-1.419827104,-1.606619596,-0.653844059,-0.342377365,-0.06111981,-1.868042231,0.06684994,-0.812893331,1.852134466,2.762038469,-0.456143349,-1.950435162,0.779213667,0.073784411,-0.333989024,-2.599211454,-0.727405429,-2.093471289,-1.368464708,-0.503337622,-1.539605498,1.186862707,-0.172217712,0.516406655,-1.204634786,-2.944907188,0.013460502,1.879786491,-2.024708509,1.334387064,0.28319025,-2.464939117
-0.813364089,-0.836606562,0.901966095,-1.773919225,-2.003035545,0.063679442,-0.841115475,0.76432699,1.052317023,0.631503761,-0.162818015,-0.722194135,0.236104906,0.100773498,-0.609733105,-0.420359731,-2.606278658,0.485112667,-1.012289047,-1.162044644,2.076099873,-1.767115355,-0.040968284,0.65295881,0.92338413,0.922960341,0.323527455,0.825812817,0.009775229,0.368379861,-1.941462874,-0.425746709,0.728258073,0.764467001,-1.481366992,-0.377489656,-0.495620161,-0.575144351,-0.588793039,0.031275041,-0.940413833,0.503881931,0.051778801,1.015677452,0.921368361,0.75237751,0.697544634,0.25418216,0.270220399,-0.718826413,1.013895273,2.108227253,0.299421072,-1.048906207,0.960211515,-0.013538107,-0.01949323,-0.527757943,0.442118764,-0.905128062,1.253674984,0.431738079,0.411085755,0.842270076,-1.617552996,-0.091615595,-0.289392233,1.292028308,0.202695683,-0.79720062,0.713234723,1.129291058,0.783312976,0.569133937,-0.025496081,-1.23085618,-0.607625127,0.11856547,-0.89609319,-0.798239648,0.937742114,-0.21901226,-1.923968315,-0.829175591,1.991526961,0.66576457,1.647117615,0.177824855,0.331712425,1.328991294,0.774481833,0.699642241,1.269290805,-0.684388459,1.439566135,2.436889172,0.73555541,-1.360806704,0.785040677,0.310520828,0.062202409,1.202443361,0.302983642,-0.172801599,0.166519478,1.079637766,-0.240033656,0.253930211,0.235828072,0.081936836,-0.054556847,-0.275943577,0.091248497,0.347738355,0.268996716,0.698771298,0.450200737,0.963297129,-0.715276599,-0.061758325,-1.337941289,-0.408006608,-0.017579973,-0.331217527,-0.866836786,0.623203516,-0.457183421,0.305832922
-1.856869936,-0.278343737,3.019641638,-2.719514847,-0.786596358,-0.364462733,0.132526338,0.861948133,1.075306296,1.402455568,0.381024837,0.615496755,-0.711748302,-0.222973049,-0.595437586,-1.537826538,-2.638937473,-0.029350489,-0.158427715,-3.169171572,2.505247593,-2.654667854,-0.239107653,0.724753261,0.134786844,-0.057646144,2.076201439,0.398290753,-1.032162547,0.967261076,-2.63973403,-1.784228325,2.023859739,-0.450631201,-2.192816496,-0.893170714,-1.763118386,-1.950381994,-0.530217886,2.049999475,-2.116722345,0.733341992,-1.594819069,3.118684292,-1.25331986,0.537267923,0.64223516,-1.252907991,0.789476693,-0.23928076,1.032748461,3.806664944,-0.042848721,0.28158018,-0.361052483,-0.018131934,-1.201550603,0.16075021,1.633487105,-0.003400656,1.493898153,1.340799451,0.438387543,1.289853454,-1.419868112,-0.275450647,-1.301926613,0.565312445,-0.085028358,-1.22670424,-0.775741816,1.537764788,0.371448994,1.9908216,0.07060156,-0.635298252,-2.440917969,0.35053277,-2.075516939,0.681607723,1.212634683,-0.836893201,-2.122696877,-1.767352223,0.389609098,1.443022966,0.804819882,-0.864561021,0.555553317,1.423023105,1.950931311,1.632115483,-0.312432706,-2.041930914,1.470170259,1.183111072,-0.304024249,-0.678788364,0.294551492,-0.728719354,0.600297272,1.789099455,-0.375752479,-1.842431784,0.71400857,-0.054225862,0.068598539,1.402256727,0.310848862,0.10460636,-0.437125802,-1.503095984,1.078444719,-0.315769136,2.097753048,1.456694126,-0.618620098,1.707167029,-1.488548875,-0.355686635,-2.285586119,-1.263200521,-1.162784934,0.164091483,-0.822983682,-0.549738467,-0.141876698,-0.546912313
-1.294279099,-0.502396405,1.717972755,-0.541538596,-1.093399048,2.948791504,0.386709213,0.295011878,1.756089449,-0.620866299,0.330986679,-0.515678942,0.081282169,-0.447915912,-0.518813848,0.1522533,-0.713345766,-0.742803097,-0.518613338,-0.511262953,1.232020617,-2.860231638,0.049963295,-0.316617548,0.342971236,0.086832315,-1.210221052,-0.213215426,-0.740230799,0.762612462,0.214799047,-0.91764617,0.513005614,0.878811896,-0.607280314,-0.242974907,-2.4535923,-1.493089676,-0.441319108,0.261809468,-0.211709321,-0.518803656,1.033118606,0.878751516,0.50528878,-0.188753039,0.713333011,1.202494502,0.994216025,-1.654939175,1.693543673,2.560067892,-1.219195843,-1.095499158,1.209956288,1.620934725,0.082647346,-0.010490371,1.817289591,-0.052452434,1.500574708,-0.360259771,1.619849205,0.509347379,-0.581263423,1.40171361,0.710852087,0.854923427,0.098141663,-1.170390964,-1.531745434,0.069690451,0.349747717,0.831084847,-1.068770289,0.124596894,-2.469497919,0.364985377,-1.793970346,-0.633398175,2.015870571,0.06635955,-1.542396307,-1.320680976,2.507451057,0.7382586,1.16728282,0.859971523,0.147105575,2.097002268,0.682772994,0.863138437,0.426665902,0.206805363,0.650238752,3.090037584,0.775488019,-0.35230881,-0.31979841,-0.075993657,-0.47580719,2.100305319,-0.088405155,-0.463395327,0.657955766,2.026483774,-0.533250213,-0.628433347,-0.498478055,-0.840038061,0.686944723,0.710398495,0.621475935,0.620744646,0.875397742,1.428324342,-0.777639627,-0.69964534,0.112208605,-0.2006201,-0.344964415,-0.245710447,0.955488265,-2.573274851,1.969987273,0.775760412,0.57735014,-0.409973413
-0.526539505,-2.175457478,1.509611249,-2.180164337,-2.323296309,-1.484111428,1.116256237,1.619534135,1.045271277,1.971795082,-0.157894194,-0.961520374,0.489071667,-0.053688798,-0.236370489,-0.657338262,-3.554059267,-1.160719156,-1.235884666,-2.550890684,1.920911789,-2.264693975,0.576894104,-0.846277535,-0.667209268,0.376904577,1.336984754,1.459092617,-0.792369127,1.454641223,-3.43635869,-1.020015478,0.838089406,1.095240951,-1.746334076,-0.47558561,-0.535435677,-0.565236509,-0.441388249,-0.264803857,-1.654454112,0.999133468,-0.822693706,2.17917347,-0.9781304,0.955104589,1.316537142,-1.364417434,-1.295181036,-0.690972269,0.461874664,3.067394972,0.762132287,0.550298214,0.394011319,-0.26119858,-1.439430475,-0.549792528,0.110692739,-1.559848666,1.44011879,2.308182716,0.447685421,0.391595811,-1.605098724,0.951061428,-1.987289071,0.830230415,0.229867935,-0.656020582,0.877233505,1.997564554,1.292443752,-0.045379743,-0.481636256,-0.364912182,-2.458206177,0.404559284,-0.306349695,0.848054349,-0.712282419,0.068022132,-1.588356018,-1.062439799,2.934208393,0.744064808,1.877562642,0.734532118,-0.270100713,0.70584929,1.472211361,-0.104688533,0.179207414,-0.923249185,0.834845424,0.501325786,0.58123517,-0.06792894,1.603859305,1.221794844,0.286798894,1.819810987,1.085851431,-0.998584747,0.184429869,0.50285995,0.865404844,1.57556653,-0.010374203,-0.853004217,-0.795402944,-1.035122991,0.862889051,-0.244278073,1.938778758,0.054156929,-0.45639199,0.82673651,-0.766359806,-0.487744927,-3.593483686,-1.385160208,-1.884081602,0.529807568,-2.423166037,-0.769822598,-0.385345697,-0.171783417
-0.594516158,-0.441670001,1.853621125,-2.63210392,-2.477926016,-0.853362203,-1.673737884,0.135765135,0.317612469,0.81766516,0.978023767,-0.729195118,-1.19549036,1.354910135,-0.475092292,-2.07974124,-4.412462711,-0.770435631,-0.762255073,-1.672387838,2.824624538,-1.147988319,-0.277115703,0.591916919,1.118857384,0.839093626,1.296404958,1.232115388,0.834066153,1.350607991,-1.732783914,-1.905364394,0.382267475,0.971015036,-3.659718275,-0.341997296,-0.559020996,-1.197459459,-1.07288909,0.594616234,-0.740468621,0.054248106,-0.492370486,1.249985933,0.427592307,0.66697228,1.755582809,-0.488131821,-0.228618532,-0.66137886,0.943155825,2.733517647,0.721719742,-0.718095124,1.661800861,0.312142283,-0.367239267,-1.426935077,0.801203132,-1.247528672,0.691450953,0.565995812,0.967549086,0.347324789,-1.291762114,0.513096571,-0.583726466,0.910841286,-0.046313502,0.016910911,0.733978808,1.288181782,0.131709486,0.48909384,0.141220599,-1.366433382,-0.900152445,1.371923089,0.221937999,-0.099114344,-1.184369683,0.240407199,-2.719139338,-1.046394467,2.645506859,1.143248081,0.739249885,0.103039652,-0.831700385,-0.747667968,1.927363634,1.723981738,2.496767998,-2.462918758,0.948216558,0.343240231,0.131081462,-1.942189813,1.701357841,-0.405711472,-0.603208482,1.068724036,0.664916396,0.327648163,-0.028964028,-0.050994828,0.555667639,0.671507955,0.620790899,0.885149956,-0.728974104,-2.418896437,-0.03676644,0.328981817,0.112542681,0.782342017,-0.393293679,0.725502491,-0.499545217,0.67228359,-1.673549891,-2.512859106,-1.905801654,0.809082806,-2.192918777,0.012966074,0.578248203,-0.206314862
-0.888922632,0.016574085,2.693817854,-1.298902512,-1.875241518,1.238416076,-0.336649537,0.811933041,1.988058209,0.193787634,0.618213117,-0.671672881,-0.214964092,1.171259165,0.78498888,-0.020466566,-3.681813478,0.430480957,-1.325042248,-1.180434465,0.793828726,-4.184372902,-1.432879686,-0.067519471,0.343908489,0.909057617,0.136328995,-0.741746902,-0.368628025,0.987652898,-1.233519435,-1.868074536,0.488715172,1.905097723,-1.177990198,-1.410539746,-1.611235976,-2.275422335,0.781040549,1.341733217,-2.191370249,-0.277377456,1.350586414,1.16503787,-2.301907539,-0.461573511,0.775617421,1.092216253,-0.810378492,-2.206587791,2.58164382,4.4734869,0.861411095,-0.96599555,-1.819201469,1.393778563,-1.276289582,0.279182315,1.010399461,-0.028256226,1.119204164,0.712481558,0.281851083,2.071129322,0.49735418,1.281015396,0.177492231,1.588850498,-0.268935829,-1.038277149,0.271799713,1.102672338,-0.139529452,0.767931044,0.765300393,0.46273905,-2.858297825,0.262264192,-0.67626816,0.372763991,1.206169963,1.119083047,-2.563055277,-0.04564935,1.800467372,0.736040473,3.084368706,-0.418067157,0.638402224,1.273433447,1.256182671,1.095815301,0.072751775,-1.355561018,2.267937899,1.803729773,0.214773118,-2.368958235,-0.191360459,1.048324943,-0.730970502,1.830923438,-0.717368662,-0.351637393,1.052945137,1.071658134,0.455198139,1.186079502,1.792854071,1.118356347,-0.106103912,-0.32674253,1.47986722,0.777107894,2.644559145,1.888448715,0.735794008,0.356873363,-0.13073577,1.402709007,-1.246717572,0.270510763,-0.376280844,-2.399895191,-1.209016204,-1.816755295,0.192199171,0.620069861
-1.90734756,-1.144662619,1.612790823,-1.250547767,-1.275714159,-1.41925323,0.293078899,0.322496027,0.580142975,1.145112276,0.220713407,-0.44674769,0.528309286,0.476896346,-0.881635129,-1.325078964,-1.216074228,0.765910923,-0.034184203,-0.627723157,2.598830223,-2.638739109,-0.931273401,-0.340791851,0.487621427,0.611252069,1.01766324,0.820923328,-0.06852939,0.444610149,-2.816874743,-0.361448646,1.431740999,1.920965075,-1.572422266,-0.545127511,-0.073542222,-0.765159309,0.572767317,0.234566391,-0.705457211,1.768532395,-1.318912029,0.448368877,-0.780809343,0.708444715,0.962734997,-0.885631204,-2.022329092,0.02270788,1.674706459,2.53435564,1.139889121,-0.07309527,0.011223912,0.201081231,-0.84178412,-0.076596156,0.877189517,-1.081906438,0.983297884,1.283204913,0.135183498,0.882942259,-0.221149862,0.714539111,-1.415635467,0.605126798,0.510667145,-1.166817307,1.530828118,0.488588452,0.815028846,1.790938497,-0.348931789,-0.04712981,-1.691456199,0.474104911,-0.193563119,-0.244551048,0.046608895,-0.131160051,-1.231278777,0.060811251,1.609708667,0.300111443,1.598031878,-1.183509588,-0.534390748,1.816127181,0.302880049,0.119613059,0.450267494,-0.111791387,0.848212063,1.279533863,0.791463792,-1.295480371,0.464486539,-0.30218485,0.242490098,1.561722159,0.254784912,-0.259687662,0.770694971,0.180150181,0.362048537,-0.317442983,-0.2325131,-0.204730347,-0.546253443,-0.753825605,0.6255337,-0.782109559,-1.161509395,0.387361974,-0.234951362,0.905166924,-1.178824544,0.89896071,-1.786112189,-0.85173744,-2.14926362,-0.995097518,-1.29559195,-0.500488818,-0.698561788,0.59156251
-0.24030973,-0.232544661,0.979838252,-1.768754005,-2.056122303,-0.733811617,-0.894420564,-0.041358411,1.076886654,-0.174129575,0.774959922,-0.087392583,0.077063367,0.8853181,-0.841323018,-0.81939435,-3.087408781,-0.480681479,-0.708114386,-1.616416216,1.653486729,-1.722797871,-0.817477047,-0.237675682,-0.274486184,0.893679619,1.554173231,0.381113172,-0.007759742,0.660482883,-1.480504155,-1.325468659,0.65973115,0.794237494,-1.79250133,0.027142197,-0.334531993,-1.209246874,-0.38099277,0.74579519,-0.941150427,0.516373336,0.00132592,1.040615439,-0.125110313,1.246555209,1.258484602,-0.906830192,-0.390577972,-0.862025619,-0.030062482,1.784843326,1.536562681,0.234015301,0.374822408,-0.244996756,0.405613571,-0.377065659,0.92445004,-1.626346111,0.290791154,0.875637472,1.165871501,1.985807657,-0.708343863,-0.075759999,-0.902259529,1.923987627,-0.26694414,-0.510142207,1.23261714,0.535797477,0.737573445,1.358284116,-0.375813514,-0.923782229,-0.93284595,1.05470252,0.629210472,-0.25667274,-0.623874307,0.436154336,-1.715424776,-0.05484882,1.951841235,0.417818844,0.663927734,-0.286746681,-0.361099809,0.479574233,0.550482392,0.441547871,1.094896317,-0.684373677,-0.296880871,0.816256881,1.024561644,-0.740568876,1.126036763,-0.125531301,0.281856716,0.758981407,0.129611433,-0.902033508,-0.298029304,0.517093182,-0.977105737,1.408688426,0.327384233,0.145430058,0.700278044,-0.972124577,0.065680459,0.649419129,-0.171880543,0.862186491,-0.521060586,-0.003316235,-0.354160845,-0.715617776,-1.77365911,-1.490253329,-0.087844178,0.193490937,-0.926173925,0.170971841,-0.389461368,0.592868567
0.113439932,-1.769691944,1.313219428,-2.127065897,-1.671013832,-2.145329475,-0.841320097,0.305514783,1.258585811,-0.440950692,1.022499561,-0.912447929,-0.418287694,1.736969471,-0.694047272,-0.779284477,-3.915079355,0.362723619,-1.102590084,-1.395364046,2.709038973,-0.487901539,-1.199167132,0.086518452,0.282176465,1.290259361,1.524531603,1.528248429,0.664232433,0.380925417,-2.41437149,-1.375875235,0.248666465,2.096209049,-1.247841477,-0.435896486,-0.1584436,-0.162216991,-1.434731245,0.045160361,-0.915633798,1.088007212,-0.715783358,0.49534291,-0.565136433,0.572756767,1.303922892,-1.070084095,-0.369686484,-1.051672935,-0.074204095,2.008072615,1.076978564,0.500570178,1.023611546,-0.305926621,-0.349395603,-0.79459995,-0.806473136,-0.642381608,0.632250905,1.377274513,0.220687598,0.337743819,-0.88878572,0.523461998,-1.211193919,1.478485227,0.446511298,-0.790645182,2.076254368,1.981535912,1.064652443,0.459577203,1.220716238,-1.569993973,-0.353992999,0.914876878,1.312333107,-0.051454768,-0.719975471,-0.161834747,-1.943759203,-0.493907005,2.399470806,0.927456975,1.152457118,-1.259211063,-1.105290771,0.005588243,0.865764022,0.461589903,1.428846002,-0.971667409,0.041407026,0.461276084,0.917216659,-1.403624415,2.038499355,0.541321456,-0.44768846,0.78128475,0.936871946,0.098532721,-0.101767637,-0.029349461,0.524523377,0.556219578,0.55648005,0.561960936,-0.664798021,-1.573297977,0.962005138,0.389809519,0.028023027,1.127523184,-0.401401281,0.166646481,0.003958732,1.01870513,-1.605792403,-1.142044544,-0.942321301,0.128368989,-1.808421016,0.089292474,-0.302627206,0.091527313
-1.530869126,-0.233010292,2.718483925,-2.372352123,-0.170849234,-0.876682639,-0.003830813,1.679381013,1.542328715,1.985347271,1.04232502,-0.788108826,1.270545244,0.648575127,-0.376445949,-0.782176256,-3.036212444,-0.7665447,-0.099405378,-1.802946687,1.396205783,-2.241694927,-1.699941874,0.864400148,-0.195147395,0.825716078,1.137840629,0.808320582,0.986613989,0.236788005,-3.860396624,-0.934945107,-0.718275905,1.020159602,-1.459731221,-0.71729517,-0.385286242,-1.081785202,0.409512967,1.322547436,-2.1947999,1.149517298,-0.612387478,2.324743748,-1.279243588,-0.25711143,1.631969213,0.497085333,0.353805959,-0.138638973,1.848996639,1.761779308,2.01543045,1.393633127,-0.865544617,0.085390016,-1.451054096,0.597461045,1.542793274,-0.107952937,1.450044274,0.71785146,-0.237701923,1.00996542,-0.925821006,0.677854061,-1.478523493,0.501202404,-0.7036075,-1.787660003,0.449612528,1.536547661,0.080235451,1.935601711,0.083951414,0.17310518,-1.727437973,0.085254356,-1.022344828,1.519532561,-1.023189783,0.060485184,-1.862547159,0.693808377,0.86439544,1.199682117,2.639425755,-0.537129223,1.285920262,0.771339476,0.520631671,0.336765349,-0.962153018,-2.081553936,1.656567216,2.305840492,0.780938745,-1.072654009,0.738043368,-0.208957344,0.903369069,2.793981075,-0.618851483,-1.612163782,-1.059838533,-1.582025051,0.267671555,0.869235516,0.585343003,0.19623363,0.298181087,-1.103953838,0.278719425,-0.522593081,2.022761345,1.441461682,-1.08391428,0.412838578,-0.550066113,0.818274379,-2.555695057,-0.645768404,-0.878781796,-1.012741685,-1.397884011,-1.109505534,0.157432407,0.207387358
0.004738331,-0.132140696,1.891229272,-0.977466226,-3.09211421,0.328277856,0.124328353,1.343527198,1.593263626,-0.125920266,-0.047186568,-1.972324729,0.126158535,0.825412452,1.60942924,0.992303967,-2.175566912,-0.8871786,-2.054960966,-0.943259895,0.900723457,-2.217529774,0.276343852,-0.365791082,-0.943192601,1.34412837,-1.358689904,1.256863713,-0.90905273,0.559527874,-0.905895174,-0.101857379,-0.207305938,0.765817344,-0.639558256,0.67651999,-1.032518625,-1.91335392,-0.599167943,-0.390952826,-1.289429903,-0.198227674,1.054346085,0.615364075,-0.253584474,-0.763444543,1.431460142,0.994479895,-0.165243089,-1.679920316,0.233546555,1.970391512,-0.376205921,-0.794308364,0.894812942,1.13149333,-0.075199969,-1.246886969,-0.110705853,-0.775025845,0.488005698,0.755582273,0.595000088,-0.213572234,-1.83264339,0.976379573,-0.042172581,0.660628676,-0.036728419,-0.319557369,-0.646722436,0.968152106,0.122073323,-1.093834877,0.282906353,-0.759563148,-0.675972879,1.183871269,-0.333391994,-0.672620356,1.552577496,0.330144495,-3.247032881,0.027468845,3.72367239,0.778826952,2.642615557,1.459583879,0.717548668,0.563822925,1.717996955,0.341448456,1.298242092,-0.392929882,0.730595887,1.047309518,0.58839798,-1.586404324,0.511804879,1.655202389,-1.93555367,0.294152647,-0.065914817,0.940844655,2.245877743,1.391298771,0.686177492,0.113766864,0.258586407,0.062179327,0.383194089,-0.24960728,0.231095955,1.309316278,1.762027025,1.226651311,0.340667903,-0.782378137,0.883033752,0.715762794,-1.092561245,1.653821111,-0.084966108,-1.066968679,0.592412174,0.953053415,1.5536654,-0.542130649
-0.61217761,-1.108083248,1.734377384,-2.844249487,-1.572632551,-1.233019471,0.069253795,0.91189909,1.094738364,0.99691844,0.949863315,-0.75957036,-0.555478573,1.446294308,-1.136672735,-1.572916269,-3.859550238,-0.345637977,-1.109796047,-2.006622076,2.600094557,-1.987352729,-0.379276633,0.350471765,0.747537851,0.8990044,1.514257431,0.832995653,0.834303021,0.782781482,-3.061181068,-1.255721092,0.921229362,0.748464704,-2.120887995,-0.914347649,-0.347197831,-0.865011156,-0.000100054,0.879262269,-1.991649389,0.413980126,-0.233466744,1.83296001,-1.247995496,0.329590112,1.370891571,-0.905840933,-0.611476898,-1.34651804,0.977103293,3.554489613,1.170278311,0.237725928,0.769577324,-0.77965492,-0.976359487,-0.453819007,0.474213034,-0.784894288,0.817066014,0.665915191,0.01261463,0.801660061,-0.476944655,1.218342185,-1.271642566,1.071306467,-0.176497534,-0.401297867,1.710722804,1.912490845,1.077647686,0.709281564,-0.004465908,-1.404748678,-1.473539829,0.599185467,0.051076349,0.474841237,-0.826561928,0.169498295,-2.199418783,-1.077941298,2.330204487,1.205733776,1.530994892,-0.664773524,-0.056626227,0.527039468,1.677191496,1.359182715,0.783438981,-1.227043629,1.290063024,0.938090622,0.567260206,-1.570720792,2.0949049,0.084624454,-0.076494977,1.688699722,0.471332788,-0.791641891,0.043751076,-0.281818926,0.95808661,1.601467013,1.009129643,1.033579707,-0.579811633,-1.511648178,1.070942044,-0.352809936,1.009434581,0.556143343,-0.176055774,1.229837537,-1.383906364,1.619372725,-2.7989676,-1.082037926,-1.611861229,-0.017137304,-3.338384867,-1.002201319,-0.529508114,0.814348578
-0.752552986,-1.426036835,2.369834661,-3.312413454,-1.810446739,-3.542863369,-1.427958846,1.023174763,0.522826672,2.514458179,0.866870522,-0.575591266,-0.862644494,1.153253198,0.069839641,0.151857704,-4.615075111,1.050648689,-2.12762785,-3.047162533,2.761351824,-2.02957201,-1.219789863,0.104449436,-0.128676087,1.148992419,2.005418539,1.460430503,0.637730598,0.961272359,-3.914835453,-1.9399786,0.849926472,1.740405798,-1.170063853,-0.910984278,-0.639383912,-0.571917295,0.017254733,-0.814365387,-1.959108591,0.99362731,-0.608295977,2.089627266,-1.822147369,0.304347992,2.129041433,-1.585896492,-1.872028589,-0.509458482,-0.247485012,3.211826801,0.501908541,0.869573355,-0.258025944,-0.697924674,-1.556981444,-0.850677371,-1.265288711,-0.217343509,0.7804299,3.189559698,-1.367122412,-0.00846393,-1.425651789,0.711845219,-2.229881525,1.788194656,-0.286256224,-1.293101192,2.69563508,2.274690628,1.33445096,-0.488488406,1.417373776,-1.181577444,-1.230561018,0.598335505,0.604023099,0.126305148,-1.675684094,-0.561517596,-1.909784675,-1.42549789,3.583211899,1.025330544,2.769881725,-0.725490093,-1.444564223,0.624230981,1.434349298,-0.590393484,0.473193407,-1.292641759,0.949374676,-1.445285797,-0.289107949,-1.986053467,1.258192182,0.852719784,-0.327979565,1.033878803,0.498897016,-0.724167109,1.90066433,-0.124170586,2.31142211,2.155739307,0.835562527,-0.1871133,-0.431241035,-2.224556923,0.912962914,-0.238736689,0.167956918,0.897937536,-0.621088922,0.470138401,-0.808455467,1.009512424,-3.475095987,-1.759014606,-2.393255234,1.312591195,-2.967758417,0.842204869,-1.491641283,-0.70908761
0.223798409,-0.986824572,1.592799664,-2.125148535,-2.201024055,-0.19589211,-1.935313582,0.334782779,0.080367222,1.340628147,1.15222156,-1.903863311,-0.043369919,1.409045219,-0.091263324,0.236210912,-3.840308666,0.962031662,-1.459789038,-1.991680264,2.692304373,-2.209487915,-2.519182444,0.236187384,-0.168034166,1.879267454,0.823383868,1.605884314,0.018556513,0.119155943,-1.641707778,-1.952799201,-0.079539195,1.142123461,-1.803661346,0.009772867,0.202457964,-0.738427341,0.278525621,0.74639684,-1.283591032,-0.352349877,0.840636909,0.830632567,-1.272287846,0.667570949,1.117025614,-0.721173644,-0.95635885,-1.70934236,0.747878492,3.153754473,1.017269015,-0.654261708,-0.324930996,0.326344252,-0.688111305,-1.603003621,0.09491612,-0.263559788,0.017132536,1.418283105,0.239065781,0.484763801,-0.753688991,0.110613078,-0.790731549,1.597063899,-0.015245033,-0.790062368,1.897399187,1.963698387,0.64828366,-0.071003944,1.145657301,-0.186829507,-0.804686189,1.284703255,-0.700949907,-1.149796844,-0.408257872,-0.303635955,-1.957696676,-0.111667693,2.620482445,0.914763272,1.21260798,-0.329322785,-0.364778459,0.426023334,0.544849336,0.416728497,1.064620018,-1.555478215,1.26999414,0.700556397,0.280144453,-1.928974748,0.92078346,0.553911448,-0.661596775,1.229426622,0.234773576,-0.135305941,1.587385058,0.106329396,0.620998502,0.966160774,1.406860232,1.04570961,0.165854961,-1.420025468,-0.16776216,0.951278567,0.263797492,1.112295985,0.585296571,-0.871462643,-0.760732651,0.399129987,-1.006470799,-1.316578865,-1.173388839,-0.307231903,-1.052765131,-0.60471642,-0.521942139,0.381912768
-0.295599759,-0.759308994,2.205361843,-1.391488552,-1.801529408,-1.399724483,0.056179576,1.220057845,1.205865264,0.98221612,1.580701709,-1.240091205,0.856605113,1.113323927,-1.215912342,-0.208335459,-4.383540154,0.679904282,-0.359044641,-1.595123649,1.741771936,-3.288385153,-1.978785157,0.175237045,0.858806074,1.229299426,1.223069906,1.090944171,0.244117051,0.699975729,-2.985823154,-1.374794245,0.760745585,1.510932803,-1.911865711,-0.479263157,-0.450795621,-1.322035551,0.303368032,0.433608025,-1.818440437,1.457193851,-0.504834175,2.189772129,-0.985337913,-0.078534395,1.836415768,-0.906050086,-1.315940619,-0.856135249,0.544126809,2.712049007,0.914093018,-0.362882644,-0.555843711,0.550177157,-1.391457915,-0.120934322,0.554252625,-0.05845562,0.742102444,1.583574057,-0.51909399,2.187653542,-0.725419819,0.856265604,-0.532271266,1.36763072,-0.834136546,-0.16939202,1.442566156,1.653515816,0.496376216,1.854796171,1.611497521,-1.192413807,-1.140815258,-0.322400838,-0.088277794,0.425314605,-0.316654474,-0.247996867,-2.297784328,0.114818305,1.404109478,-0.390859544,2.84480691,-1.298945546,0.396676809,1.301512361,0.307507604,0.835228741,0.586208642,-0.741134346,0.524511814,2.640701532,0.404564142,-1.748374462,1.863988757,0.534968257,0.576788545,2.100481987,0.274298012,-0.621960759,0.338291168,-0.097395822,1.020445347,0.676775217,1.232389569,-0.020855725,0.096422434,-1.446109772,-0.193462044,-0.124631107,-0.141497493,1.234496713,0.703306317,0.881776273,-1.060773253,0.986977935,-2.349213123,-1.625081062,-1.571913838,-1.03323698,-2.29189682,0.430972993,-1.146852732,1.046709657
-1.113492012,-0.996069849,1.746714354,-0.786923409,-1.824156761,-0.150412694,0.493913829,-0.233154088,1.580610037,0.133999527,1.112855911,-1.022372842,-1.235052347,0.602407157,-0.620325983,-0.443593889,-3.505222082,-0.493909478,-0.001620233,-1.425576329,1.683708191,-3.365945816,-2.511762142,0.284417659,0.093184866,0.777758479,0.651367188,0.874384165,0.817780972,-0.231571645,-2.359666824,-0.457593322,0.040139377,0.743673682,-2.277431488,0.619309545,-0.598026752,-1.066431284,0.831329048,1.333030701,-2.961773396,0.711825252,0.425005436,0.151867211,-1.781502962,0.958703041,0.455544531,0.319713235,-0.517220318,-1.842770934,0.851842225,3.445787907,2.374075174,0.634184778,-0.948626637,0.382291049,-0.503428817,1.452498555,0.08876805,-0.90985769,0.381654322,0.290850759,0.509278953,2.23464179,-0.590643585,0.621726632,-0.127429143,1.618638635,0.179391116,-0.818331182,0.731135368,2.110003233,0.41516459,1.625595093,-0.180343032,-0.500678062,-2.402037382,1.212964535,0.369729578,0.989025652,-0.700184703,-0.15594542,-2.573372126,0.4822779,4.035277843,1.575765371,2.4954319,-0.374197036,-0.225466415,0.694410264,0.920775414,0.278554827,0.967489481,-1.223991871,1.20042026,3.067787647,1.559639573,-1.75235641,0.878447831,0.718339443,-0.272136003,1.3363626,-0.049956091,-1.026753902,0.300821066,0.395740569,-0.35123086,0.928705454,0.944237709,-0.664646745,-0.076750085,-1.403070807,0.257231623,1.234333992,0.800703645,2.016308069,0.082104772,-0.376938373,-0.881743789,2.013552427,-1.955305099,-0.398011327,-0.322700381,-0.257929891,-2.249428034,-1.352573514,-0.017580949,1.142962694
-1.028262258,0.341813862,1.137227058,-0.660058141,-2.251199484,-0.681916177,-1.172542572,0.415898085,1.789877295,0.672790647,1.061806917,-0.211358637,0.070788503,0.504622698,-0.109578863,-1.092437983,-4.248337269,-0.505288184,-1.036204338,-1.957159042,1.095705271,-3.265554667,-2.056269884,0.324713588,0.704522312,0.811120391,1.508673072,0.34556067,1.149822831,0.635364354,-2.694555759,-0.730384052,0.044460148,0.822131336,-2.322446823,-0.086756766,-0.21245575,-0.317798853,-0.856643617,1.177536726,-1.763652682,-0.596756816,-0.164245486,0.990261734,-1.620830894,0.335137576,1.409693718,0.929993272,0.654650033,-1.505508065,1.442893744,2.935394764,1.947008967,-0.357454538,-0.857084572,-0.08410269,-1.129630566,0.405819803,1.756338596,-0.916767418,0.525529146,1.113366723,0.990923584,1.427824974,-0.460535288,0.568036437,-0.398685694,0.792229593,-0.604055643,-0.852234364,0.463846803,1.220971107,0.817289054,1.403808236,0.101956032,-0.472211748,-1.596840143,1.276082754,-0.566630125,0.039296463,0.24885416,1.194474339,-2.338786125,-0.450446635,2.323818207,0.4359999,2.18687439,0.096628457,0.747191429,0.166006312,1.594205737,1.188927531,0.214788705,-1.404125333,1.434036016,0.999580681,0.076697148,-1.830092669,1.9751302,-0.351187438,0.228136525,1.425212264,0.748208225,-0.66822952,0.723970294,-0.650731802,0.569360971,1.402953863,0.135079935,0.85020709,0.030366361,-0.292725593,1.521928668,0.041110221,1.010281324,0.075938113,-0.835947335,0.345285058,-0.851920724,0.298083484,-1.784784555,0.015470862,-0.481747329,-1.038551927,-1.355264664,-0.703820407,0.67272836,0.52246666
-0.678976417,-0.525688589,1.713974476,-1.5584023,-1.621909857,-0.715796173,-0.40384993,1.757153749,1.665083051,-0.238485575,0.749222934,-0.809920311,0.420668185,0.636894941,0.046787173,0.075296968,-3.508365393,-0.723952889,-1.247772455,-1.523999453,2.651681185,-3.162146568,-0.856122375,-0.028005239,-0.072771855,0.954675376,0.071243107,0.895359874,-0.592130959,-0.363620013,-1.903088093,-0.799481153,0.768898606,0.703420162,-0.74586308,-0.333188981,-0.381211728,-1.476647377,-0.231561065,0.810359001,-1.91912508,0.512309253,0.750465393,1.06049931,-0.085488096,1.199833274,1.378443718,0.70013535,0.106315553,-1.094983101,0.931535661,2.736508369,1.301917911,0.220044717,-0.502152205,-0.079396307,-0.358387381,0.563440681,0.825532436,-0.620606303,0.766759932,0.653664291,0.661031067,0.868184149,-0.998133957,0.741894305,-0.943565547,1.379703641,-0.310355216,-1.922993898,1.1064533,1.440888166,0.445711076,0.260874003,0.034812205,-0.740312099,-1.568676829,0.958553672,-0.047408093,-0.004448667,0.255381972,0.49290368,-1.858657122,0.21107921,2.260285378,0.888259113,1.802475095,-0.214107692,0.358125091,0.25906384,1.335990429,1.03045845,0.171710476,-0.468702942,0.704067111,1.24247396,0.839976072,-0.6644063,1.607645392,-0.356584638,0.091405466,1.086984634,0.573180676,-0.427271903,0.171216473,0.338698924,-0.085913092,1.706801772,0.085561991,-0.3818506,0.484537184,-0.388447523,0.967539549,1.268258333,0.199676871,1.092190862,0.64656657,0.325400919,-0.713698268,-0.481414139,-1.688438535,0.664555132,0.060037032,-0.292601138,-1.273771524,-0.089363039,0.379244864,0.391752064
-0.921497583,-1.236834764,2.218106747,-1.076810122,-2.319271326,-0.306741416,-1.185828924,0.703235984,2.355984926,0.143733561,1.639610887,-0.314676583,0.169525251,1.288782954,-0.745319426,-0.542865098,-3.421304226,-0.616441607,-0.099166572,-1.625801444,0.44908601,-3.87416029,-2.172706366,-0.319062769,-0.789088249,0.773574173,1.469007254,-0.146475866,0.635699213,0.288517058,-3.356657505,-2.987576723,-0.248541892,2.545314789,-2.048546314,-0.359297484,-2.221215487,-1.016340494,-0.070673577,0.422046542,-2.241676569,-0.40136236,1.451913357,1.502256751,-2.33286047,-0.01614508,1.974385977,-0.260806143,-0.079611555,-1.892338634,1.592795134,3.448138475,2.144450903,-0.244588897,-1.306817174,1.695953131,-1.094055057,1.082913041,1.201502562,-0.202265069,0.573302865,0.604133904,0.109207094,2.658906698,-1.416763067,1.245153666,-0.540573478,1.036934614,-1.079621792,-0.278385401,0.701277494,2.005571365,1.145279646,2.252809763,0.557311416,0.643600941,-3.393906593,0.966470182,0.544291973,1.644521713,0.082429737,0.428947181,-2.836886406,0.706930816,2.483820915,0.283464789,3.315832853,-0.710005522,0.562458575,1.133641362,0.902672768,0.890467763,-0.358098149,-0.410730779,1.064284921,2.903395653,0.741584539,-1.593409061,1.279591084,0.656151175,0.288071692,2.399137497,-0.154471666,-0.698496222,0.320693254,-1.115698695,0.400409788,1.064670086,1.019129992,0.548945546,-0.658921838,-0.770110786,1.578599215,0.576567531,1.097236514,1.582554221,-0.509415627,-0.883276105,-1.155003071,0.767238379,-2.183202505,-0.355283082,-0.999318302,-1.953883767,-1.189464927,-0.850106239,0.02993238,0.522063673
-0.995458364,-1.56859827,2.675783396,-0.733143568,-2.218571186,-0.978170156,0.538387775,0.691654682,1.789221168,2.1583426,1.416520715,-0.697706521,0.001746178,0.137197912,0.185399398,0.379142135,-3.459670305,0.131590068,-0.271737099,-1.018674254,0.585002661,-4.011163712,-2.476828814,0.364973426,-0.296223044,1.258552432,1.095806718,0.692254901,-0.007250942,1.048908472,-3.708647013,-1.610783458,-0.488361597,2.122736216,-1.687447548,-0.821771502,-1.631178856,-0.885397851,1.215927243,0.654871047,-2.661221266,1.468984246,-0.494558692,1.391153812,-1.94727695,0.32243979,1.917973757,0.74411881,-1.793050528,-1.133231044,1.317078829,3.559185982,1.732957363,0.752641976,-1.769122005,0.127563015,-1.585506678,0.807969868,1.723601699,-0.721985996,1.073810339,1.932397962,0.386120766,1.877799869,-1.390332818,1.19695282,-1.377932191,0.951343238,-0.105993025,-1.348527431,1.075308084,2.192877531,0.418053448,1.287658453,-0.253359497,-0.573101401,-2.665096045,0.229991496,-0.100890078,0.70006144,0.481913269,0.292342454,-2.643181086,1.29756856,2.228960037,0.3452245,3.93432641,-1.959477067,0.378318548,1.638458371,0.950569749,-1.180360436,-0.288071156,0.002037492,1.718074679,1.828791022,1.736837506,-1.701349974,0.250178874,0.965311646,0.335314751,2.181418896,0.265506327,-0.445789397,1.116617799,0.200967491,1.361716986,1.53636837,1.656899214,0.140376359,-0.644460618,0.015603632,0.404681921,-0.031755272,0.423664302,2.207861185,0.040142134,-0.922639787,-0.069166854,1.115106106,-2.637204885,-0.366326034,-0.931994855,-1.381720662,-1.502366304,-0.967880487,-0.026432179,0.419324607
-0.608423054,-0.654481351,1.293164372,-1.207583189,-1.846617222,-0.236381158,-1.27679944,0.020201415,1.169975042,0.418058604,0.920168877,-0.526705444,0.001745611,1.245028615,-1.284676552,-0.451987088,-4.080557823,-0.231008947,-1.038426638,-1.915647149,1.870063305,-2.352519751,-1.244067192,-0.0312883,0.898003757,1.075446963,-0.213513717,-0.017665081,0.309611559,0.891378403,-1.642650366,-1.027115107,-0.323729515,1.278949976,-2.306739569,0.47721839,-0.394360453,-1.335320711,-0.187311769,0.106293105,-1.166211605,0.551104784,0.204950988,0.385128915,-0.17266041,0.690881133,1.206252575,0.777867198,0.134215191,-1.742708921,0.865701616,2.666842461,1.438228369,-0.915355384,0.928871214,1.14152503,-0.836803079,-0.35975039,0.649224401,-1.525932431,0.997769535,-0.308559954,1.745926023,1.273786545,-1.265053511,0.621216774,-0.400916517,1.633730888,-0.35504812,-0.913208008,1.72555244,1.0572474,0.101059318,1.218710184,0.231242761,-0.411841989,-1.630101204,1.383458853,-0.375333965,-0.056242123,0.110322639,0.792602539,-2.580122471,-0.553087592,2.729810715,0.938531101,1.810327411,-0.294562101,-0.341113508,0.613608539,2.066145182,2.096768618,1.73298943,-0.806120396,0.557287991,2.685841799,0.561820626,-2.189508677,1.997087598,0.056660861,-0.271892995,2.181226254,0.022974037,0.615282059,0.512148321,-0.183421239,-0.061975837,0.462587655,0.503360748,-0.223676771,0.497135758,-0.560692608,-0.116526306,1.619172335,0.506517887,1.185483813,0.40706867,-0.300170839,-1.156228185,0.64943409,-1.50385654,-0.754040182,-0.584572077,-0.653925776,-0.579907238,-0.387774706,-0.17097488,0.433422834